# rwm_debug.log — started 2026-04-22 21:08:12
# Thresholds: ready_delta_mae=0.360  ready_velocity_mae=0.600  ready_disagreement=0.0400  ready_velocity_disagreement=0.0300  freeze_patience=12
[21:08:12][store=1000][DIST_SHIFT] x_ratio=0.925 v_ratio=1.206 th_ratio=1.408 om_ratio=1.182 old_th_std=0.0225 new_th_std=0.0317 buf=1000
[21:08:12][store=1000][DIAG] buf=1000 train_steps=52 train_ratio=0.052 frozen=False no_improve=0 loss_ema=0.66940 delta_mae=0.3081 x_mae=0.0742 v_mae=0.4252 th_mae=0.0775 om_mae=0.6554 mean_dis=0.03127 vel_dis=0.04916 best_mae=None ready_mae_ok=True ready_vel_ok=False ready_dis_ok=True
[21:08:12][store=1000][BEST_MODEL] new_score=0.39316 prev_score=inf delta_mae=0.3081 vel_dis=0.04916 train_steps=52
[21:08:12][store=1000][DIST_SHIFT] x_ratio=0.925 v_ratio=1.206 th_ratio=1.408 om_ratio=1.182 old_th_std=0.0225 new_th_std=0.0317 buf=1000
[21:08:12][store=1000][DIAG] buf=1000 train_steps=52 train_ratio=0.052 frozen=False no_improve=0 loss_ema=0.66940 delta_mae=0.3525 x_mae=0.0718 v_mae=0.4899 th_mae=0.0997 om_mae=0.7487 mean_dis=0.03123 vel_dis=0.04957 best_mae=0.3081 ready_mae_ok=True ready_vel_ok=False ready_dis_ok=True
[21:08:12][store=1000][NO_IMPROVE] count=1 best_score=0.39316 current_score=0.43761 train_steps=52
[21:08:12][store=1192][TRAIN] train_step=100 loss=0.25159 loss_ema=0.48519 loss_RISING=False buffer=1192 train_ratio=0.084 frozen=False no_improve=1
[21:08:13][store=1592][TRAIN] train_step=200 loss=0.38733 loss_ema=0.30490 loss_RISING=False buffer=1592 train_ratio=0.126 frozen=False no_improve=1
[21:08:13][store=1992][TRAIN] train_step=300 loss=0.31740 loss_ema=0.26787 loss_RISING=False buffer=1992 train_ratio=0.151 frozen=False no_improve=1
[21:08:13][store=2000][DIST_SHIFT] x_ratio=0.840 v_ratio=1.156 th_ratio=1.317 om_ratio=1.134 old_th_std=0.0203 new_th_std=0.0267 buf=2000
[21:08:13][store=2000][DIAG] buf=2000 train_steps=302 train_ratio=0.151 frozen=False no_improve=1 loss_ema=0.26654 delta_mae=0.2957 x_mae=0.0534 v_mae=0.4255 th_mae=0.0825 om_mae=0.6212 mean_dis=0.01357 vel_dis=0.02508 best_mae=0.3081 ready_mae_ok=True ready_vel_ok=False ready_dis_ok=True
[21:08:13][store=2000][BEST_MODEL] new_score=0.30364 prev_score=0.39316 delta_mae=0.2957 vel_dis=0.02508 train_steps=302
[21:08:14][store=2392][TRAIN] train_step=400 loss=0.24407 loss_ema=0.24167 loss_RISING=False buffer=2392 train_ratio=0.167 frozen=False no_improve=0
[21:08:14][store=2792][TRAIN] train_step=500 loss=0.18035 loss_ema=0.24325 loss_RISING=False buffer=2792 train_ratio=0.179 frozen=False no_improve=0
[21:08:14][store=3000][DIST_SHIFT] x_ratio=0.913 v_ratio=1.004 th_ratio=1.255 om_ratio=1.120 old_th_std=0.0251 new_th_std=0.0315 buf=3000
[21:08:14][store=3000][DIAG] buf=3000 train_steps=552 train_ratio=0.184 frozen=False no_improve=0 loss_ema=0.24737 delta_mae=0.3083 x_mae=0.0551 v_mae=0.4392 th_mae=0.0721 om_mae=0.6669 mean_dis=0.00488 vel_dis=0.01051 best_mae=0.2957 ready_mae_ok=True ready_vel_ok=False ready_dis_ok=True
[21:08:14][store=3000][NO_IMPROVE] count=1 best_score=0.30364 current_score=0.31087 train_steps=552
[21:08:15][store=3192][TRAIN] train_step=600 loss=0.28755 loss_ema=0.24080 loss_RISING=False buffer=3192 train_ratio=0.188 frozen=False no_improve=1
[21:08:15][store=3592][TRAIN] train_step=700 loss=0.35429 loss_ema=0.24429 loss_RISING=False buffer=3592 train_ratio=0.195 frozen=False no_improve=1
[21:08:15][store=3992][TRAIN] train_step=800 loss=0.20911 loss_ema=0.24246 loss_RISING=False buffer=3992 train_ratio=0.200 frozen=False no_improve=1
[21:08:15][store=4000][DIST_SHIFT] x_ratio=1.020 v_ratio=0.962 th_ratio=1.215 om_ratio=0.980 old_th_std=0.0269 new_th_std=0.0327 buf=4000
[21:08:15][store=4000][DIAG] buf=4000 train_steps=802 train_ratio=0.201 frozen=False no_improve=1 loss_ema=0.24187 delta_mae=0.2829 x_mae=0.0507 v_mae=0.3769 th_mae=0.0804 om_mae=0.6235 mean_dis=0.00274 vel_dis=0.00359 best_mae=0.2957 ready_mae_ok=True ready_vel_ok=False ready_dis_ok=True
[21:08:15][store=4000][BEST_MODEL] new_score=0.28436 prev_score=0.30364 delta_mae=0.2829 vel_dis=0.00359 train_steps=802
[21:08:16][store=4392][TRAIN] train_step=900 loss=0.25720 loss_ema=0.23734 loss_RISING=False buffer=4392 train_ratio=0.205 frozen=False no_improve=0
[21:08:16][store=4792][TRAIN] train_step=1000 loss=0.30868 loss_ema=0.23852 loss_RISING=False buffer=4792 train_ratio=0.209 frozen=False no_improve=0
[21:08:16][store=5000][DIST_SHIFT] x_ratio=0.972 v_ratio=0.969 th_ratio=1.201 om_ratio=1.027 old_th_std=0.0252 new_th_std=0.0302 buf=5000
[21:08:16][store=5000][DIAG] buf=5000 train_steps=1052 train_ratio=0.210 frozen=False no_improve=0 loss_ema=0.23439 delta_mae=0.2767 x_mae=0.0542 v_mae=0.4008 th_mae=0.0683 om_mae=0.5837 mean_dis=0.00239 vel_dis=0.00449 best_mae=0.2829 ready_mae_ok=True ready_vel_ok=True ready_dis_ok=True
[21:08:16][store=5000][BEST_MODEL] new_score=0.27804 prev_score=0.28436 delta_mae=0.2767 vel_dis=0.00449 train_steps=1052
[21:08:16][store=5000][MODEL_READY] train_steps=1052 buf=5000
[21:08:17][store=5192][TRAIN] train_step=1100 loss=0.25170 loss_ema=0.23841 loss_RISING=False buffer=5192 train_ratio=0.212 frozen=False no_improve=0
[21:08:17][store=5592][TRAIN] train_step=1200 loss=0.27664 loss_ema=0.24599 loss_RISING=False buffer=5592 train_ratio=0.215 frozen=False no_improve=0
[21:08:17][store=5992][TRAIN] train_step=1300 loss=0.29688 loss_ema=0.23764 loss_RISING=False buffer=5992 train_ratio=0.217 frozen=False no_improve=0
[21:08:18][store=6000][DIST_SHIFT] x_ratio=1.037 v_ratio=0.986 th_ratio=1.148 om_ratio=0.977 old_th_std=0.0243 new_th_std=0.0279 buf=6000
[21:08:18][store=6000][DIAG] buf=6000 train_steps=1302 train_ratio=0.217 frozen=False no_improve=0 loss_ema=0.23720 delta_mae=0.2808 x_mae=0.0518 v_mae=0.4021 th_mae=0.0769 om_mae=0.5922 mean_dis=0.00532 vel_dis=0.01114 best_mae=0.2767 ready_mae_ok=True ready_vel_ok=True ready_dis_ok=True
[21:08:18][store=6000][NO_IMPROVE] count=1 best_score=0.27804 current_score=0.28354 train_steps=1302
[21:08:18][store=6392][TRAIN] train_step=1400 loss=0.17408 loss_ema=0.23508 loss_RISING=False buffer=6392 train_ratio=0.219 frozen=False no_improve=1
[21:08:18][store=6792][TRAIN] train_step=1500 loss=0.16303 loss_ema=0.23362 loss_RISING=False buffer=6792 train_ratio=0.221 frozen=False no_improve=1
[21:08:19][store=7000][DIST_SHIFT] x_ratio=1.068 v_ratio=0.986 th_ratio=1.228 om_ratio=0.989 old_th_std=0.0245 new_th_std=0.0300 buf=7000
[21:08:19][store=7000][DIAG] buf=7000 train_steps=1552 train_ratio=0.222 frozen=False no_improve=1 loss_ema=0.22508 delta_mae=0.3179 x_mae=0.0548 v_mae=0.4600 th_mae=0.0791 om_mae=0.6776 mean_dis=0.00211 vel_dis=0.00326 best_mae=0.2767 ready_mae_ok=True ready_vel_ok=False ready_dis_ok=True
[21:08:19][store=7000][NO_IMPROVE] count=2 best_score=0.27804 current_score=0.31907 train_steps=1552
[21:08:19][store=7192][TRAIN] train_step=1600 loss=0.31648 loss_ema=0.22782 loss_RISING=False buffer=7192 train_ratio=0.222 frozen=False no_improve=2
[21:08:19][store=7592][TRAIN] train_step=1700 loss=0.22469 loss_ema=0.23390 loss_RISING=False buffer=7592 train_ratio=0.224 frozen=False no_improve=2
[21:08:20][store=7992][TRAIN] train_step=1800 loss=0.16336 loss_ema=0.23749 loss_RISING=False buffer=7992 train_ratio=0.225 frozen=False no_improve=2
[21:08:20][store=8000][DIST_SHIFT] x_ratio=1.117 v_ratio=0.932 th_ratio=1.202 om_ratio=0.943 old_th_std=0.0251 new_th_std=0.0302 buf=8000
[21:08:20][store=8000][DIAG] buf=8000 train_steps=1802 train_ratio=0.225 frozen=False no_improve=2 loss_ema=0.23973 delta_mae=0.2794 x_mae=0.0632 v_mae=0.3891 th_mae=0.0746 om_mae=0.5906 mean_dis=0.00797 vel_dis=0.01559 best_mae=0.2767 ready_mae_ok=True ready_vel_ok=True ready_dis_ok=True
[21:08:20][store=8000][NO_IMPROVE] count=3 best_score=0.27804 current_score=0.28350 train_steps=1802
[21:08:20][store=8392][TRAIN] train_step=1900 loss=0.24421 loss_ema=0.24480 loss_RISING=False buffer=8392 train_ratio=0.226 frozen=False no_improve=3
[21:08:20][store=8792][TRAIN] train_step=2000 loss=0.26547 loss_ema=0.23446 loss_RISING=False buffer=8792 train_ratio=0.227 frozen=False no_improve=3
[21:08:21][store=9000][DIST_SHIFT] x_ratio=1.026 v_ratio=0.861 th_ratio=1.097 om_ratio=1.021 old_th_std=0.0261 new_th_std=0.0286 buf=9000
[21:08:21][store=9000][DIAG] buf=9000 train_steps=2052 train_ratio=0.228 frozen=False no_improve=3 loss_ema=0.23825 delta_mae=0.2840 x_mae=0.0640 v_mae=0.4035 th_mae=0.0762 om_mae=0.5922 mean_dis=0.00434 vel_dis=0.00820 best_mae=0.2767 ready_mae_ok=True ready_vel_ok=True ready_dis_ok=True
[21:08:21][store=9000][NO_IMPROVE] count=4 best_score=0.27804 current_score=0.28624 train_steps=2052
[21:08:21][store=9192][TRAIN] train_step=2100 loss=0.26179 loss_ema=0.23282 loss_RISING=False buffer=9192 train_ratio=0.228 frozen=False no_improve=4
[21:08:21][store=9592][TRAIN] train_step=2200 loss=0.27836 loss_ema=0.23612 loss_RISING=False buffer=9592 train_ratio=0.229 frozen=False no_improve=4
[21:08:22][store=9992][TRAIN] train_step=2300 loss=0.38321 loss_ema=0.22969 loss_RISING=False buffer=9992 train_ratio=0.230 frozen=False no_improve=4
[21:08:22][store=10000][DIST_SHIFT] x_ratio=1.060 v_ratio=0.887 th_ratio=1.081 om_ratio=1.030 old_th_std=0.0265 new_th_std=0.0286 buf=10000
[21:08:22][store=10000][DIAG] buf=10000 train_steps=2302 train_ratio=0.230 frozen=False no_improve=4 loss_ema=0.22866 delta_mae=0.2552 x_mae=0.0608 v_mae=0.3603 th_mae=0.0728 om_mae=0.5267 mean_dis=0.00630 vel_dis=0.01338 best_mae=0.2767 ready_mae_ok=True ready_vel_ok=True ready_dis_ok=True
[21:08:22][store=10000][BEST_MODEL] new_score=0.25845 prev_score=0.27804 delta_mae=0.2552 vel_dis=0.01338 train_steps=2302
[21:08:22][store=10392][TRAIN] train_step=2400 loss=0.21805 loss_ema=0.23180 loss_RISING=False buffer=10392 train_ratio=0.231 frozen=False no_improve=0
[21:08:23][store=10792][TRAIN] train_step=2500 loss=0.21534 loss_ema=0.23545 loss_RISING=False buffer=10792 train_ratio=0.232 frozen=False no_improve=0
[21:08:23][store=11000][DIST_SHIFT] x_ratio=1.040 v_ratio=0.896 th_ratio=0.996 om_ratio=1.081 old_th_std=0.0271 new_th_std=0.0270 buf=11000
[21:08:23][store=11000][DIAG] buf=11000 train_steps=2552 train_ratio=0.232 frozen=False no_improve=0 loss_ema=0.23299 delta_mae=0.3046 x_mae=0.0764 v_mae=0.4390 th_mae=0.0824 om_mae=0.6206 mean_dis=0.00209 vel_dis=0.00357 best_mae=0.2552 ready_mae_ok=True ready_vel_ok=False ready_dis_ok=True
[21:08:23][store=11000][NO_IMPROVE] count=1 best_score=0.25845 current_score=0.30575 train_steps=2552
[21:08:23][store=11192][TRAIN] train_step=2600 loss=0.20121 loss_ema=0.22733 loss_RISING=False buffer=11192 train_ratio=0.232 frozen=False no_improve=1
[21:08:23][store=11592][TRAIN] train_step=2700 loss=0.19591 loss_ema=0.22636 loss_RISING=False buffer=11592 train_ratio=0.233 frozen=False no_improve=1
[21:08:24][store=11992][TRAIN] train_step=2800 loss=0.18997 loss_ema=0.21307 loss_RISING=False buffer=11992 train_ratio=0.233 frozen=False no_improve=1
[21:08:24][store=12000][DIST_SHIFT] x_ratio=1.075 v_ratio=0.951 th_ratio=0.997 om_ratio=0.973 old_th_std=0.0277 new_th_std=0.0276 buf=12000
[21:08:24][store=12000][DIAG] buf=12000 train_steps=2802 train_ratio=0.234 frozen=False no_improve=1 loss_ema=0.21490 delta_mae=0.2771 x_mae=0.0624 v_mae=0.3912 th_mae=0.0756 om_mae=0.5794 mean_dis=0.00430 vel_dis=0.00852 best_mae=0.2552 ready_mae_ok=True ready_vel_ok=True ready_dis_ok=True
[21:08:24][store=12000][NO_IMPROVE] count=2 best_score=0.25845 current_score=0.27940 train_steps=2802
[21:08:24][store=12392][TRAIN] train_step=2900 loss=0.18997 loss_ema=0.23254 loss_RISING=False buffer=12392 train_ratio=0.234 frozen=False no_improve=2
[21:08:25][store=12792][TRAIN] train_step=3000 loss=0.27959 loss_ema=0.22904 loss_RISING=False buffer=12792 train_ratio=0.235 frozen=False no_improve=2
[21:08:25][store=13000][DIST_SHIFT] x_ratio=1.069 v_ratio=0.932 th_ratio=0.994 om_ratio=0.963 old_th_std=0.0281 new_th_std=0.0279 buf=13000
[21:08:25][store=13000][DIAG] buf=13000 train_steps=3052 train_ratio=0.235 frozen=False no_improve=2 loss_ema=0.22332 delta_mae=0.3199 x_mae=0.0806 v_mae=0.4502 th_mae=0.0779 om_mae=0.6708 mean_dis=0.00342 vel_dis=0.00677 best_mae=0.2552 ready_mae_ok=True ready_vel_ok=False ready_dis_ok=True
[21:08:25][store=13000][NO_IMPROVE] count=3 best_score=0.25845 current_score=0.32169 train_steps=3052
[21:08:25][store=13192][TRAIN] train_step=3100 loss=0.13353 loss_ema=0.22845 loss_RISING=False buffer=13192 train_ratio=0.235 frozen=False no_improve=3
[21:08:26][store=13592][TRAIN] train_step=3200 loss=0.19713 loss_ema=0.22277 loss_RISING=False buffer=13592 train_ratio=0.235 frozen=False no_improve=3
[21:08:26][store=13992][TRAIN] train_step=3300 loss=0.34006 loss_ema=0.22953 loss_RISING=False buffer=13992 train_ratio=0.236 frozen=False no_improve=3
[21:08:26][store=14000][DIST_SHIFT] x_ratio=1.009 v_ratio=0.951 th_ratio=1.019 om_ratio=0.993 old_th_std=0.0283 new_th_std=0.0288 buf=14000
[21:08:26][store=14000][DIAG] buf=14000 train_steps=3302 train_ratio=0.236 frozen=False no_improve=3 loss_ema=0.23246 delta_mae=0.2590 x_mae=0.0795 v_mae=0.3645 th_mae=0.0783 om_mae=0.5137 mean_dis=0.00293 vel_dis=0.00616 best_mae=0.2552 ready_mae_ok=True ready_vel_ok=True ready_dis_ok=True
[21:08:26][store=14000][NO_IMPROVE] count=4 best_score=0.25845 current_score=0.26059 train_steps=3302
[21:08:26][store=14392][TRAIN] train_step=3400 loss=0.28452 loss_ema=0.21751 loss_RISING=False buffer=14392 train_ratio=0.236 frozen=False no_improve=4
[21:08:27][store=14792][TRAIN] train_step=3500 loss=0.21207 loss_ema=0.22556 loss_RISING=False buffer=14792 train_ratio=0.237 frozen=False no_improve=4
[21:08:27][store=15000][DIST_SHIFT] x_ratio=1.009 v_ratio=0.958 th_ratio=0.933 om_ratio=1.016 old_th_std=0.0286 new_th_std=0.0266 buf=15000
[21:08:27][store=15000][DIAG] buf=15000 train_steps=3552 train_ratio=0.237 frozen=False no_improve=4 loss_ema=0.21610 delta_mae=0.2754 x_mae=0.1047 v_mae=0.4101 th_mae=0.0681 om_mae=0.5188 mean_dis=0.00968 vel_dis=0.02035 best_mae=0.2552 ready_mae_ok=True ready_vel_ok=True ready_dis_ok=True
[21:08:27][store=15000][NO_IMPROVE] count=5 best_score=0.25845 current_score=0.28037 train_steps=3552
[21:08:27][store=15000][ROLLBACK] reason=score_degraded no_improve_count=5 rollback_count=1 best_score=0.25845 current_score=0.28037 train_steps=3552
[21:08:27][store=15192][TRAIN] train_step=3600 loss=0.24086 loss_ema=0.21617 loss_RISING=False buffer=15192 train_ratio=0.237 frozen=False no_improve=5
[21:08:28][store=15592][TRAIN] train_step=3700 loss=0.10424 loss_ema=0.21177 loss_RISING=False buffer=15592 train_ratio=0.237 frozen=False no_improve=5
[21:08:28][store=15992][TRAIN] train_step=3800 loss=0.18474 loss_ema=0.21182 loss_RISING=False buffer=15992 train_ratio=0.238 frozen=False no_improve=5
[21:08:28][store=16000][DIST_SHIFT] x_ratio=1.042 v_ratio=0.979 th_ratio=0.990 om_ratio=0.993 old_th_std=0.0290 new_th_std=0.0287 buf=16000
[21:08:28][store=16000][DIAG] buf=16000 train_steps=3802 train_ratio=0.238 frozen=False no_improve=5 loss_ema=0.20952 delta_mae=0.2839 x_mae=0.1200 v_mae=0.4046 th_mae=0.0754 om_mae=0.5357 mean_dis=0.00490 vel_dis=0.00924 best_mae=0.2552 ready_mae_ok=True ready_vel_ok=True ready_dis_ok=True
[21:08:28][store=16000][NO_IMPROVE] count=6 best_score=0.25845 current_score=0.28648 train_steps=3802
[21:08:29][store=16392][TRAIN] train_step=3900 loss=0.17992 loss_ema=0.21465 loss_RISING=False buffer=16392 train_ratio=0.238 frozen=False no_improve=6
[21:08:29][store=16792][TRAIN] train_step=4000 loss=0.19708 loss_ema=0.21166 loss_RISING=False buffer=16792 train_ratio=0.238 frozen=False no_improve=6
[21:08:29][store=17000][DIST_SHIFT] x_ratio=1.004 v_ratio=0.933 th_ratio=0.949 om_ratio=0.962 old_th_std=0.0289 new_th_std=0.0274 buf=17000
[21:08:29][store=17000][DIAG] buf=17000 train_steps=4052 train_ratio=0.238 frozen=False no_improve=6 loss_ema=0.21574 delta_mae=0.3256 x_mae=0.1147 v_mae=0.4727 th_mae=0.0833 om_mae=0.6319 mean_dis=0.00929 vel_dis=0.02026 best_mae=0.2552 ready_mae_ok=True ready_vel_ok=False ready_dis_ok=True
[21:08:29][store=17000][NO_IMPROVE] count=7 best_score=0.25845 current_score=0.33036 train_steps=4052
[21:08:29][store=17192][TRAIN] train_step=4100 loss=0.18224 loss_ema=0.22294 loss_RISING=False buffer=17192 train_ratio=0.238 frozen=False no_improve=7
[21:08:30][store=17592][TRAIN] train_step=4200 loss=0.19353 loss_ema=0.21042 loss_RISING=False buffer=17592 train_ratio=0.239 frozen=False no_improve=7
[21:08:30][store=17992][TRAIN] train_step=4300 loss=0.20292 loss_ema=0.22049 loss_RISING=False buffer=17992 train_ratio=0.239 frozen=False no_improve=7
[21:08:30][store=18000][DIST_SHIFT] x_ratio=0.948 v_ratio=0.931 th_ratio=0.938 om_ratio=0.959 old_th_std=0.0291 new_th_std=0.0273 buf=18000
[21:08:30][store=18000][DIAG] buf=18000 train_steps=4302 train_ratio=0.239 frozen=False no_improve=7 loss_ema=0.21952 delta_mae=0.2559 x_mae=0.1372 v_mae=0.3910 th_mae=0.0640 om_mae=0.4316 mean_dis=0.00445 vel_dis=0.00736 best_mae=0.2552 ready_mae_ok=True ready_vel_ok=True ready_dis_ok=True
[21:08:30][store=18000][BEST_MODEL] new_score=0.25822 prev_score=0.25845 delta_mae=0.2559 vel_dis=0.00736 train_steps=4302
[21:08:31][store=18392][TRAIN] train_step=4400 loss=0.16236 loss_ema=0.20854 loss_RISING=False buffer=18392 train_ratio=0.239 frozen=False no_improve=0
[21:08:31][store=18792][TRAIN] train_step=4500 loss=0.20456 loss_ema=0.21097 loss_RISING=False buffer=18792 train_ratio=0.239 frozen=False no_improve=0
[21:08:31][store=19000][DIST_SHIFT] x_ratio=1.004 v_ratio=0.945 th_ratio=0.977 om_ratio=0.930 old_th_std=0.0290 new_th_std=0.0283 buf=19000
[21:08:31][store=19000][DIAG] buf=19000 train_steps=4552 train_ratio=0.240 frozen=False no_improve=0 loss_ema=0.21686 delta_mae=0.2950 x_mae=0.1139 v_mae=0.4530 th_mae=0.0665 om_mae=0.5465 mean_dis=0.00355 vel_dis=0.00548 best_mae=0.2559 ready_mae_ok=True ready_vel_ok=True ready_dis_ok=True
[21:08:31][store=19000][NO_IMPROVE] count=1 best_score=0.25822 current_score=0.29683 train_steps=4552
[21:08:32][store=19192][TRAIN] train_step=4600 loss=0.20563 loss_ema=0.22424 loss_RISING=False buffer=19192 train_ratio=0.240 frozen=False no_improve=1
[21:08:32][store=19592][TRAIN] train_step=4700 loss=0.19276 loss_ema=0.22487 loss_RISING=False buffer=19592 train_ratio=0.240 frozen=False no_improve=1
[21:08:32][store=19992][TRAIN] train_step=4800 loss=0.16841 loss_ema=0.21873 loss_RISING=False buffer=19992 train_ratio=0.240 frozen=False no_improve=1
[21:08:32][store=20000][DIST_SHIFT] x_ratio=0.975 v_ratio=0.903 th_ratio=1.004 om_ratio=0.991 old_th_std=0.0290 new_th_std=0.0291 buf=20000
[21:08:32][store=20000][DIAG] buf=20000 train_steps=4802 train_ratio=0.240 frozen=False no_improve=1 loss_ema=0.21600 delta_mae=0.2632 x_mae=0.1040 v_mae=0.3706 th_mae=0.0752 om_mae=0.5029 mean_dis=0.00458 vel_dis=0.00980 best_mae=0.2559 ready_mae_ok=True ready_vel_ok=True ready_dis_ok=True
[21:08:32][store=20000][NO_IMPROVE] count=2 best_score=0.25822 current_score=0.26551 train_steps=4802
[21:08:33][store=20392][TRAIN] train_step=4900 loss=0.15551 loss_ema=0.21268 loss_RISING=False buffer=20000 train_ratio=0.245 frozen=False no_improve=2
[21:08:33][store=20792][TRAIN] train_step=5000 loss=0.23259 loss_ema=0.21732 loss_RISING=False buffer=20000 train_ratio=0.250 frozen=False no_improve=2
[21:08:33][store=21000][DIST_SHIFT] x_ratio=0.924 v_ratio=0.860 th_ratio=0.971 om_ratio=1.036 old_th_std=0.0291 new_th_std=0.0283 buf=20000
[21:08:34][store=21000][DIAG] buf=20000 train_steps=5052 train_ratio=0.253 frozen=False no_improve=2 loss_ema=0.20815 delta_mae=0.2849 x_mae=0.1525 v_mae=0.4320 th_mae=0.0788 om_mae=0.4764 mean_dis=0.00744 vel_dis=0.01354 best_mae=0.2559 ready_mae_ok=True ready_vel_ok=True ready_dis_ok=True
[21:08:34][store=21000][NO_IMPROVE] count=3 best_score=0.25822 current_score=0.28867 train_steps=5052
[21:08:34][store=21192][TRAIN] train_step=5100 loss=0.25007 loss_ema=0.21259 loss_RISING=False buffer=20000 train_ratio=0.255 frozen=False no_improve=3
[21:08:34][store=21592][TRAIN] train_step=5200 loss=0.17474 loss_ema=0.20872 loss_RISING=False buffer=20000 train_ratio=0.260 frozen=False no_improve=3
[21:08:34][store=21992][TRAIN] train_step=5300 loss=0.23432 loss_ema=0.20909 loss_RISING=False buffer=20000 train_ratio=0.265 frozen=False no_improve=3
[21:08:35][store=22000][DIST_SHIFT] x_ratio=0.912 v_ratio=0.895 th_ratio=0.937 om_ratio=1.051 old_th_std=0.0307 new_th_std=0.0287 buf=20000
[21:08:35][store=22000][DIAG] buf=20000 train_steps=5302 train_ratio=0.265 frozen=False no_improve=3 loss_ema=0.20760 delta_mae=0.2859 x_mae=0.1207 v_mae=0.4262 th_mae=0.0660 om_mae=0.5306 mean_dis=0.00279 vel_dis=0.00466 best_mae=0.2559 ready_mae_ok=True ready_vel_ok=True ready_dis_ok=True
[21:08:35][store=22000][NO_IMPROVE] count=4 best_score=0.25822 current_score=0.28736 train_steps=5302
[21:08:35][store=22392][TRAIN] train_step=5400 loss=0.26393 loss_ema=0.21044 loss_RISING=False buffer=20000 train_ratio=0.270 frozen=False no_improve=4
[21:08:35][store=22792][TRAIN] train_step=5500 loss=0.22028 loss_ema=0.20374 loss_RISING=False buffer=20000 train_ratio=0.275 frozen=False no_improve=4
[21:08:36][store=23000][DIST_SHIFT] x_ratio=0.930 v_ratio=0.922 th_ratio=0.992 om_ratio=1.116 old_th_std=0.0301 new_th_std=0.0299 buf=20000
[21:08:36][store=23000][DIAG] buf=20000 train_steps=5552 train_ratio=0.278 frozen=False no_improve=4 loss_ema=0.20144 delta_mae=0.2589 x_mae=0.1394 v_mae=0.3665 th_mae=0.0721 om_mae=0.4578 mean_dis=0.00451 vel_dis=0.00797 best_mae=0.2559 ready_mae_ok=True ready_vel_ok=True ready_dis_ok=True
[21:08:36][store=23000][NO_IMPROVE] count=5 best_score=0.25822 current_score=0.26127 train_steps=5552
[21:08:36][store=23000][ROLLBACK] reason=score_degraded no_improve_count=5 rollback_count=2 best_score=0.25822 current_score=0.26127 train_steps=5552
[21:08:36][store=23192][TRAIN] train_step=5600 loss=0.29978 loss_ema=0.20618 loss_RISING=False buffer=20000 train_ratio=0.280 frozen=False no_improve=5
[21:08:36][store=23592][TRAIN] train_step=5700 loss=0.15153 loss_ema=0.20915 loss_RISING=False buffer=20000 train_ratio=0.285 frozen=False no_improve=5
[21:08:37][store=23992][TRAIN] train_step=5800 loss=0.14097 loss_ema=0.20537 loss_RISING=False buffer=20000 train_ratio=0.290 frozen=False no_improve=5
[21:08:37][store=24000][DIST_SHIFT] x_ratio=0.899 v_ratio=0.927 th_ratio=1.001 om_ratio=1.084 old_th_std=0.0291 new_th_std=0.0291 buf=20000
[21:08:37][store=24000][DIAG] buf=20000 train_steps=5802 train_ratio=0.290 frozen=False no_improve=5 loss_ema=0.20487 delta_mae=0.2640 x_mae=0.1266 v_mae=0.4198 th_mae=0.0737 om_mae=0.4360 mean_dis=0.00751 vel_dis=0.01774 best_mae=0.2559 ready_mae_ok=True ready_vel_ok=True ready_dis_ok=True
[21:08:37][store=24000][NO_IMPROVE] count=6 best_score=0.25822 current_score=0.26786 train_steps=5802
[21:08:37][store=24392][TRAIN] train_step=5900 loss=0.31427 loss_ema=0.20096 loss_RISING=False buffer=20000 train_ratio=0.295 frozen=False no_improve=6
[21:08:37][store=24792][TRAIN] train_step=6000 loss=0.21416 loss_ema=0.20447 loss_RISING=False buffer=20000 train_ratio=0.300 frozen=False no_improve=6
[21:08:38][store=25000][DIST_SHIFT] x_ratio=0.937 v_ratio=0.965 th_ratio=0.978 om_ratio=1.104 old_th_std=0.0286 new_th_std=0.0280 buf=20000
[21:08:38][store=25000][DIAG] buf=20000 train_steps=6052 train_ratio=0.303 frozen=False no_improve=6 loss_ema=0.19985 delta_mae=0.2857 x_mae=0.1701 v_mae=0.4319 th_mae=0.0621 om_mae=0.4786 mean_dis=0.00498 vel_dis=0.00997 best_mae=0.2559 ready_mae_ok=True ready_vel_ok=True ready_dis_ok=True
[21:08:38][store=25000][NO_IMPROVE] count=7 best_score=0.25822 current_score=0.28824 train_steps=6052
[21:08:38][store=25192][TRAIN] train_step=6100 loss=0.14792 loss_ema=0.19750 loss_RISING=False buffer=20000 train_ratio=0.305 frozen=False no_improve=7
[21:08:38][store=25592][TRAIN] train_step=6200 loss=0.19851 loss_ema=0.20043 loss_RISING=False buffer=20000 train_ratio=0.310 frozen=False no_improve=7
[21:08:39][store=25992][TRAIN] train_step=6300 loss=0.21552 loss_ema=0.20438 loss_RISING=False buffer=20000 train_ratio=0.315 frozen=False no_improve=7
[21:08:39][store=26000][DIST_SHIFT] x_ratio=0.925 v_ratio=1.005 th_ratio=1.026 om_ratio=1.067 old_th_std=0.0286 new_th_std=0.0294 buf=20000
[21:08:39][store=26000][DIAG] buf=20000 train_steps=6302 train_ratio=0.315 frozen=False no_improve=7 loss_ema=0.20496 delta_mae=0.2956 x_mae=0.1525 v_mae=0.4559 th_mae=0.0741 om_mae=0.4998 mean_dis=0.00712 vel_dis=0.01365 best_mae=0.2559 ready_mae_ok=True ready_vel_ok=True ready_dis_ok=True
[21:08:39][store=26000][NO_IMPROVE] count=8 best_score=0.25822 current_score=0.29921 train_steps=6302
[21:08:39][store=26392][TRAIN] train_step=6400 loss=0.21946 loss_ema=0.20336 loss_RISING=False buffer=20000 train_ratio=0.320 frozen=False no_improve=8
[21:08:40][store=26792][TRAIN] train_step=6500 loss=0.27809 loss_ema=0.21449 loss_RISING=False buffer=20000 train_ratio=0.325 frozen=False no_improve=8
[21:08:40][store=27000][DIST_SHIFT] x_ratio=0.959 v_ratio=0.994 th_ratio=1.077 om_ratio=1.119 old_th_std=0.0280 new_th_std=0.0302 buf=20000
[21:08:40][store=27000][DIAG] buf=20000 train_steps=6552 train_ratio=0.328 frozen=False no_improve=8 loss_ema=0.19777 delta_mae=0.2064 x_mae=0.1070 v_mae=0.3054 th_mae=0.0652 om_mae=0.3481 mean_dis=0.00490 vel_dis=0.00926 best_mae=0.2559 ready_mae_ok=True ready_vel_ok=True ready_dis_ok=True
[21:08:40][store=27000][BEST_MODEL] new_score=0.20895 prev_score=0.25822 delta_mae=0.2064 vel_dis=0.00926 train_steps=6552
[21:08:40][store=27192][TRAIN] train_step=6600 loss=0.22675 loss_ema=0.19887 loss_RISING=False buffer=20000 train_ratio=0.330 frozen=False no_improve=0
[21:08:40][store=27592][TRAIN] train_step=6700 loss=0.14248 loss_ema=0.19279 loss_RISING=False buffer=20000 train_ratio=0.335 frozen=False no_improve=0
[21:08:41][store=27992][TRAIN] train_step=6800 loss=0.19668 loss_ema=0.19827 loss_RISING=False buffer=20000 train_ratio=0.340 frozen=False no_improve=0
[21:08:41][store=28000][DIST_SHIFT] x_ratio=0.961 v_ratio=1.083 th_ratio=1.038 om_ratio=1.085 old_th_std=0.0281 new_th_std=0.0291 buf=20000
[21:08:41][store=28000][DIAG] buf=20000 train_steps=6802 train_ratio=0.340 frozen=False no_improve=0 loss_ema=0.19899 delta_mae=0.2939 x_mae=0.2071 v_mae=0.4831 th_mae=0.0618 om_mae=0.4237 mean_dis=0.01054 vel_dis=0.02144 best_mae=0.2064 ready_mae_ok=True ready_vel_ok=True ready_dis_ok=True
[21:08:41][store=28000][NO_IMPROVE] count=1 best_score=0.20895 current_score=0.29934 train_steps=6802
[21:08:41][store=28392][TRAIN] train_step=6900 loss=0.22196 loss_ema=0.20038 loss_RISING=False buffer=20000 train_ratio=0.345 frozen=False no_improve=1
[21:08:42][store=28792][TRAIN] train_step=7000 loss=0.15553 loss_ema=0.20062 loss_RISING=False buffer=20000 train_ratio=0.350 frozen=False no_improve=1
[21:08:42][store=29000][DIST_SHIFT] x_ratio=0.936 v_ratio=1.084 th_ratio=1.029 om_ratio=1.081 old_th_std=0.0280 new_th_std=0.0288 buf=20000
[21:08:42][store=29000][DIAG] buf=20000 train_steps=7052 train_ratio=0.353 frozen=False no_improve=1 loss_ema=0.20020 delta_mae=0.2657 x_mae=0.1830 v_mae=0.4456 th_mae=0.0654 om_mae=0.3689 mean_dis=0.00441 vel_dis=0.00783 best_mae=0.2064 ready_mae_ok=True ready_vel_ok=True ready_dis_ok=True
[21:08:42][store=29000][NO_IMPROVE] count=2 best_score=0.20895 current_score=0.26810 train_steps=7052
[21:08:42][store=29192][TRAIN] train_step=7100 loss=0.20365 loss_ema=0.19452 loss_RISING=False buffer=20000 train_ratio=0.355 frozen=False no_improve=2
[21:08:43][store=29592][TRAIN] train_step=7200 loss=0.17978 loss_ema=0.20339 loss_RISING=False buffer=20000 train_ratio=0.360 frozen=False no_improve=2
[21:08:43][store=29992][TRAIN] train_step=7300 loss=0.17228 loss_ema=0.20206 loss_RISING=False buffer=20000 train_ratio=0.365 frozen=False no_improve=2
[21:08:43][store=30000][DIST_SHIFT] x_ratio=0.916 v_ratio=1.128 th_ratio=1.061 om_ratio=1.015 old_th_std=0.0277 new_th_std=0.0294 buf=20000
[21:08:43][store=30000][DIAG] buf=20000 train_steps=7302 train_ratio=0.365 frozen=False no_improve=2 loss_ema=0.19978 delta_mae=0.2690 x_mae=0.1921 v_mae=0.4033 th_mae=0.0719 om_mae=0.4089 mean_dis=0.00421 vel_dis=0.00578 best_mae=0.2064 ready_mae_ok=True ready_vel_ok=True ready_dis_ok=True
[21:08:43][store=30000][NO_IMPROVE] count=3 best_score=0.20895 current_score=0.27131 train_steps=7302
[21:08:43][store=30392][TRAIN] train_step=7400 loss=0.19628 loss_ema=0.20206 loss_RISING=False buffer=20000 train_ratio=0.370 frozen=False no_improve=3
[21:08:44][store=30792][TRAIN] train_step=7500 loss=0.16733 loss_ema=0.20733 loss_RISING=False buffer=20000 train_ratio=0.375 frozen=False no_improve=3
[21:08:44][store=31000][DIST_SHIFT] x_ratio=0.946 v_ratio=1.105 th_ratio=0.967 om_ratio=1.052 old_th_std=0.0283 new_th_std=0.0274 buf=20000
[21:08:44][store=31000][DIAG] buf=20000 train_steps=7552 train_ratio=0.378 frozen=False no_improve=3 loss_ema=0.20201 delta_mae=0.2512 x_mae=0.1534 v_mae=0.3986 th_mae=0.0631 om_mae=0.3895 mean_dis=0.00617 vel_dis=0.00849 best_mae=0.2064 ready_mae_ok=True ready_vel_ok=True ready_dis_ok=True
[21:08:44][store=31000][NO_IMPROVE] count=4 best_score=0.20895 current_score=0.25439 train_steps=7552
[21:08:44][store=31192][TRAIN] train_step=7600 loss=0.32926 loss_ema=0.20303 loss_RISING=False buffer=20000 train_ratio=0.380 frozen=False no_improve=4
[21:08:45][store=31592][TRAIN] train_step=7700 loss=0.12258 loss_ema=0.20148 loss_RISING=False buffer=20000 train_ratio=0.385 frozen=False no_improve=4
[21:08:45][store=31992][TRAIN] train_step=7800 loss=0.19995 loss_ema=0.20147 loss_RISING=False buffer=20000 train_ratio=0.390 frozen=False no_improve=4
[21:08:45][store=32000][DIST_SHIFT] x_ratio=0.925 v_ratio=1.153 th_ratio=0.999 om_ratio=0.986 old_th_std=0.0279 new_th_std=0.0278 buf=20000
[21:08:45][store=32000][DIAG] buf=20000 train_steps=7802 train_ratio=0.390 frozen=False no_improve=4 loss_ema=0.20234 delta_mae=0.2625 x_mae=0.1525 v_mae=0.4240 th_mae=0.0704 om_mae=0.4032 mean_dis=0.01001 vel_dis=0.01633 best_mae=0.2064 ready_mae_ok=True ready_vel_ok=True ready_dis_ok=True
[21:08:45][store=32000][NO_IMPROVE] count=5 best_score=0.20895 current_score=0.26767 train_steps=7802
[21:08:45][store=32000][ROLLBACK] reason=score_degraded no_improve_count=5 rollback_count=3 best_score=0.20895 current_score=0.26767 train_steps=7802
[21:08:46][store=32392][TRAIN] train_step=7900 loss=0.33966 loss_ema=0.19676 loss_RISING=False buffer=20000 train_ratio=0.395 frozen=False no_improve=5
[21:08:46][store=32792][TRAIN] train_step=8000 loss=0.17688 loss_ema=0.19805 loss_RISING=False buffer=20000 train_ratio=0.400 frozen=False no_improve=5
[21:08:46][store=33000][DIST_SHIFT] x_ratio=1.014 v_ratio=1.063 th_ratio=1.080 om_ratio=1.001 old_th_std=0.0274 new_th_std=0.0296 buf=20000
[21:08:46][store=33000][DIAG] buf=20000 train_steps=8052 train_ratio=0.403 frozen=False no_improve=5 loss_ema=0.20004 delta_mae=0.2796 x_mae=0.1937 v_mae=0.4415 th_mae=0.0718 om_mae=0.4112 mean_dis=0.01211 vel_dis=0.02462 best_mae=0.2064 ready_mae_ok=True ready_vel_ok=True ready_dis_ok=True
[21:08:46][store=33000][NO_IMPROVE] count=6 best_score=0.20895 current_score=0.28568 train_steps=8052
[21:08:47][store=33192][TRAIN] train_step=8100 loss=0.27182 loss_ema=0.21119 loss_RISING=False buffer=20000 train_ratio=0.405 frozen=False no_improve=6
[21:08:47][store=33592][TRAIN] train_step=8200 loss=0.11662 loss_ema=0.20473 loss_RISING=False buffer=20000 train_ratio=0.410 frozen=False no_improve=6
[21:08:47][store=33992][TRAIN] train_step=8300 loss=0.16799 loss_ema=0.20674 loss_RISING=False buffer=20000 train_ratio=0.415 frozen=False no_improve=6
[21:08:47][store=34000][DIST_SHIFT] x_ratio=1.010 v_ratio=1.070 th_ratio=1.037 om_ratio=1.010 old_th_std=0.0280 new_th_std=0.0290 buf=20000
[21:08:47][store=34000][DIAG] buf=20000 train_steps=8302 train_ratio=0.415 frozen=False no_improve=6 loss_ema=0.20551 delta_mae=0.2423 x_mae=0.1791 v_mae=0.3814 th_mae=0.0599 om_mae=0.3489 mean_dis=0.00700 vel_dis=0.01433 best_mae=0.2064 ready_mae_ok=True ready_vel_ok=True ready_dis_ok=True
[21:08:47][store=34000][NO_IMPROVE] count=7 best_score=0.20895 current_score=0.24594 train_steps=8302
[21:08:48][store=34392][TRAIN] train_step=8400 loss=0.20039 loss_ema=0.20200 loss_RISING=False buffer=20000 train_ratio=0.420 frozen=False no_improve=7
[21:08:48][store=34792][TRAIN] train_step=8500 loss=0.20314 loss_ema=0.20293 loss_RISING=False buffer=20000 train_ratio=0.425 frozen=False no_improve=7
[21:08:48][store=35000][DIST_SHIFT] x_ratio=1.007 v_ratio=0.999 th_ratio=1.033 om_ratio=0.996 old_th_std=0.0291 new_th_std=0.0301 buf=20000
[21:08:48][store=35000][DIAG] buf=20000 train_steps=8552 train_ratio=0.428 frozen=False no_improve=7 loss_ema=0.22034 delta_mae=0.2381 x_mae=0.1503 v_mae=0.4011 th_mae=0.0685 om_mae=0.3325 mean_dis=0.00787 vel_dis=0.01128 best_mae=0.2064 ready_mae_ok=True ready_vel_ok=True ready_dis_ok=True
[21:08:48][store=35000][NO_IMPROVE] count=8 best_score=0.20895 current_score=0.24215 train_steps=8552
[21:08:49][store=35192][TRAIN] train_step=8600 loss=0.17195 loss_ema=0.20906 loss_RISING=False buffer=20000 train_ratio=0.430 frozen=False no_improve=8
[21:08:49][store=35592][TRAIN] train_step=8700 loss=0.18766 loss_ema=0.21144 loss_RISING=False buffer=20000 train_ratio=0.435 frozen=False no_improve=8
[21:08:49][store=35992][TRAIN] train_step=8800 loss=0.20324 loss_ema=0.20984 loss_RISING=False buffer=20000 train_ratio=0.440 frozen=False no_improve=8
[21:08:50][store=36000][DIST_SHIFT] x_ratio=1.041 v_ratio=1.058 th_ratio=1.051 om_ratio=1.001 old_th_std=0.0283 new_th_std=0.0297 buf=20000
[21:08:50][store=36000][DIAG] buf=20000 train_steps=8802 train_ratio=0.440 frozen=False no_improve=8 loss_ema=0.20992 delta_mae=0.2838 x_mae=0.2217 v_mae=0.4530 th_mae=0.0683 om_mae=0.3920 mean_dis=0.00401 vel_dis=0.00558 best_mae=0.2064 ready_mae_ok=True ready_vel_ok=True ready_dis_ok=True
[21:08:50][store=36000][NO_IMPROVE] count=9 best_score=0.20895 current_score=0.28586 train_steps=8802
[21:08:50][store=36392][TRAIN] train_step=8900 loss=0.19780 loss_ema=0.20970 loss_RISING=False buffer=20000 train_ratio=0.445 frozen=False no_improve=9
[21:08:50][store=36792][TRAIN] train_step=9000 loss=0.18883 loss_ema=0.21026 loss_RISING=False buffer=20000 train_ratio=0.450 frozen=False no_improve=9
[21:08:51][store=37000][DIST_SHIFT] x_ratio=1.088 v_ratio=1.094 th_ratio=1.020 om_ratio=1.009 old_th_std=0.0287 new_th_std=0.0293 buf=20000
[21:08:51][store=37000][DIAG] buf=20000 train_steps=9052 train_ratio=0.453 frozen=False no_improve=9 loss_ema=0.21181 delta_mae=0.2957 x_mae=0.2803 v_mae=0.4679 th_mae=0.0666 om_mae=0.3680 mean_dis=0.00580 vel_dis=0.00741 best_mae=0.2064 ready_mae_ok=True ready_vel_ok=True ready_dis_ok=True
[21:08:51][store=37000][NO_IMPROVE] count=10 best_score=0.20895 current_score=0.29867 train_steps=9052
[21:08:51][store=37000][ROLLBACK] reason=score_degraded no_improve_count=10 rollback_count=4 best_score=0.20895 current_score=0.29867 train_steps=9052
[21:08:51][store=37192][TRAIN] train_step=9100 loss=0.19723 loss_ema=0.21464 loss_RISING=False buffer=20000 train_ratio=0.455 frozen=False no_improve=10
[21:08:51][store=37592][TRAIN] train_step=9200 loss=0.22669 loss_ema=0.20881 loss_RISING=False buffer=20000 train_ratio=0.460 frozen=False no_improve=10
[21:08:52][store=37992][TRAIN] train_step=9300 loss=0.19150 loss_ema=0.21722 loss_RISING=False buffer=20000 train_ratio=0.465 frozen=False no_improve=10
[21:08:52][store=38000][DIST_SHIFT] x_ratio=1.064 v_ratio=1.086 th_ratio=0.912 om_ratio=1.011 old_th_std=0.0299 new_th_std=0.0272 buf=20000
[21:08:52][store=38000][DIAG] buf=20000 train_steps=9302 train_ratio=0.465 frozen=False no_improve=10 loss_ema=0.21643 delta_mae=0.2953 x_mae=0.2648 v_mae=0.4806 th_mae=0.0715 om_mae=0.3643 mean_dis=0.00537 vel_dis=0.00652 best_mae=0.2064 ready_mae_ok=True ready_vel_ok=True ready_dis_ok=True
[21:08:52][store=38000][NO_IMPROVE] count=11 best_score=0.20895 current_score=0.29804 train_steps=9302
[21:08:52][store=38392][TRAIN] train_step=9400 loss=0.21055 loss_ema=0.21433 loss_RISING=False buffer=20000 train_ratio=0.470 frozen=False no_improve=11
[21:08:52][store=38792][TRAIN] train_step=9500 loss=0.15881 loss_ema=0.20740 loss_RISING=False buffer=20000 train_ratio=0.475 frozen=False no_improve=11
[21:08:53][store=39000][DIST_SHIFT] x_ratio=1.128 v_ratio=1.086 th_ratio=0.984 om_ratio=0.982 old_th_std=0.0291 new_th_std=0.0287 buf=20000
[21:08:53][store=39000][DIAG] buf=20000 train_steps=9552 train_ratio=0.478 frozen=False no_improve=11 loss_ema=0.21680 delta_mae=0.2598 x_mae=0.2013 v_mae=0.4369 th_mae=0.0586 om_mae=0.3425 mean_dis=0.00652 vel_dis=0.01112 best_mae=0.2064 ready_mae_ok=True ready_vel_ok=True ready_dis_ok=True
[21:08:53][store=39000][NO_IMPROVE] count=12 best_score=0.20895 current_score=0.26317 train_steps=9552
[21:08:53][store=39000][FREEZE] reason=patience_exceeded no_improve_count=12 rollback_count=4 best_score=0.20895 current_score=0.26317 train_steps=9552
[21:08:53][store=40000][DIST_SHIFT] x_ratio=1.045 v_ratio=1.061 th_ratio=0.953 om_ratio=0.880 old_th_std=0.0280 new_th_std=0.0267 buf=20000
[21:08:53][store=40000][DIAG] buf=20000 train_steps=9552 train_ratio=0.478 frozen=True no_improve=12 loss_ema=0.21680 delta_mae=0.3321 x_mae=0.3356 v_mae=0.5713 th_mae=0.0697 om_mae=0.3519 mean_dis=0.00570 vel_dis=0.01077 best_mae=0.2064 ready_mae_ok=True ready_vel_ok=True ready_dis_ok=True
[21:08:53][store=41000][DIST_SHIFT] x_ratio=1.068 v_ratio=1.030 th_ratio=0.884 om_ratio=0.818 old_th_std=0.0294 new_th_std=0.0260 buf=20000
[21:08:53][store=41000][DIAG] buf=20000 train_steps=9552 train_ratio=0.478 frozen=True no_improve=12 loss_ema=0.21680 delta_mae=0.2515 x_mae=0.2413 v_mae=0.4418 th_mae=0.0681 om_mae=0.2548 mean_dis=0.00507 vel_dis=0.00965 best_mae=0.2064 ready_mae_ok=True ready_vel_ok=True ready_dis_ok=True
[21:08:53][store=42000][DIST_SHIFT] x_ratio=1.038 v_ratio=0.966 th_ratio=0.941 om_ratio=0.889 old_th_std=0.0302 new_th_std=0.0284 buf=20000
[21:08:53][store=42000][DIAG] buf=20000 train_steps=9552 train_ratio=0.478 frozen=True no_improve=12 loss_ema=0.21680 delta_mae=0.2873 x_mae=0.3287 v_mae=0.4569 th_mae=0.0639 om_mae=0.2996 mean_dis=0.00532 vel_dis=0.01009 best_mae=0.2064 ready_mae_ok=True ready_vel_ok=True ready_dis_ok=True
[21:08:53][store=43000][DIST_SHIFT] x_ratio=1.050 v_ratio=0.884 th_ratio=0.967 om_ratio=0.952 old_th_std=0.0291 new_th_std=0.0282 buf=20000
[21:08:53][store=43000][DIAG] buf=20000 train_steps=9552 train_ratio=0.478 frozen=True no_improve=12 loss_ema=0.21680 delta_mae=0.3142 x_mae=0.2854 v_mae=0.5177 th_mae=0.0635 om_mae=0.3901 mean_dis=0.00522 vel_dis=0.00981 best_mae=0.2064 ready_mae_ok=True ready_vel_ok=True ready_dis_ok=True
[21:08:54][store=44000][DIST_SHIFT] x_ratio=1.067 v_ratio=0.878 th_ratio=0.942 om_ratio=1.005 old_th_std=0.0288 new_th_std=0.0271 buf=20000
[21:08:54][store=44000][DIAG] buf=20000 train_steps=9552 train_ratio=0.478 frozen=True no_improve=12 loss_ema=0.21680 delta_mae=0.3174 x_mae=0.3249 v_mae=0.5380 th_mae=0.0712 om_mae=0.3356 mean_dis=0.00529 vel_dis=0.01006 best_mae=0.2064 ready_mae_ok=True ready_vel_ok=True ready_dis_ok=True
[21:08:54][store=45000][DIST_SHIFT] x_ratio=1.118 v_ratio=0.863 th_ratio=0.951 om_ratio=1.157 old_th_std=0.0294 new_th_std=0.0279 buf=20000
[21:08:54][store=45000][DIAG] buf=20000 train_steps=9552 train_ratio=0.478 frozen=True no_improve=12 loss_ema=0.21680 delta_mae=0.2874 x_mae=0.2858 v_mae=0.4739 th_mae=0.0669 om_mae=0.3230 mean_dis=0.00512 vel_dis=0.00966 best_mae=0.2064 ready_mae_ok=True ready_vel_ok=True ready_dis_ok=True
[21:08:54][store=46000][DIST_SHIFT] x_ratio=1.069 v_ratio=0.817 th_ratio=0.998 om_ratio=1.184 old_th_std=0.0274 new_th_std=0.0273 buf=20000
[21:08:54][store=46000][DIAG] buf=20000 train_steps=9552 train_ratio=0.478 frozen=True no_improve=12 loss_ema=0.21680 delta_mae=0.3161 x_mae=0.3286 v_mae=0.5095 th_mae=0.0674 om_mae=0.3590 mean_dis=0.00528 vel_dis=0.01006 best_mae=0.2064 ready_mae_ok=True ready_vel_ok=True ready_dis_ok=True
[21:08:54][store=47000][DIST_SHIFT] x_ratio=1.153 v_ratio=0.865 th_ratio=0.936 om_ratio=1.215 old_th_std=0.0278 new_th_std=0.0260 buf=20000
[21:08:54][store=47000][DIAG] buf=20000 train_steps=9552 train_ratio=0.478 frozen=True no_improve=12 loss_ema=0.21680 delta_mae=0.3066 x_mae=0.3048 v_mae=0.5180 th_mae=0.0682 om_mae=0.3356 mean_dis=0.00552 vel_dis=0.01048 best_mae=0.2064 ready_mae_ok=True ready_vel_ok=True ready_dis_ok=True
[21:08:54][store=48000][DIST_SHIFT] x_ratio=1.098 v_ratio=0.970 th_ratio=0.847 om_ratio=1.111 old_th_std=0.0296 new_th_std=0.0251 buf=20000
[21:08:54][store=48000][DIAG] buf=20000 train_steps=9552 train_ratio=0.478 frozen=True no_improve=12 loss_ema=0.21680 delta_mae=0.3128 x_mae=0.3555 v_mae=0.5559 th_mae=0.0712 om_mae=0.2684 mean_dis=0.00532 vel_dis=0.01002 best_mae=0.2064 ready_mae_ok=True ready_vel_ok=True ready_dis_ok=True
[21:08:54][store=49000][DIST_SHIFT] x_ratio=1.019 v_ratio=1.000 th_ratio=0.875 om_ratio=1.103 old_th_std=0.0290 new_th_std=0.0254 buf=20000
[21:08:54][store=49000][DIAG] buf=20000 train_steps=9552 train_ratio=0.478 frozen=True no_improve=12 loss_ema=0.21680 delta_mae=0.2882 x_mae=0.2741 v_mae=0.4805 th_mae=0.0712 om_mae=0.3271 mean_dis=0.00528 vel_dis=0.00995 best_mae=0.2064 ready_mae_ok=True ready_vel_ok=True ready_dis_ok=True
[21:08:55][store=50000][DIST_SHIFT] x_ratio=1.006 v_ratio=1.081 th_ratio=0.877 om_ratio=1.066 old_th_std=0.0301 new_th_std=0.0264 buf=20000
[21:08:55][store=50000][DIAG] buf=20000 train_steps=9552 train_ratio=0.478 frozen=True no_improve=12 loss_ema=0.21680 delta_mae=0.3372 x_mae=0.3648 v_mae=0.5616 th_mae=0.0647 om_mae=0.3577 mean_dis=0.00528 vel_dis=0.00992 best_mae=0.2064 ready_mae_ok=True ready_vel_ok=True ready_dis_ok=True
[21:08:55][store=51000][DIST_SHIFT] x_ratio=0.900 v_ratio=1.132 th_ratio=0.893 om_ratio=0.985 old_th_std=0.0297 new_th_std=0.0265 buf=20000
[21:08:55][store=51000][DIAG] buf=20000 train_steps=9552 train_ratio=0.478 frozen=True no_improve=12 loss_ema=0.21680 delta_mae=0.2999 x_mae=0.2863 v_mae=0.4920 th_mae=0.0726 om_mae=0.3486 mean_dis=0.00496 vel_dis=0.00933 best_mae=0.2064 ready_mae_ok=True ready_vel_ok=True ready_dis_ok=True
[21:08:55][store=52000][DIST_SHIFT] x_ratio=0.864 v_ratio=1.038 th_ratio=0.867 om_ratio=0.943 old_th_std=0.0293 new_th_std=0.0254 buf=20000
[21:08:55][store=52000][DIAG] buf=20000 train_steps=9552 train_ratio=0.478 frozen=True no_improve=12 loss_ema=0.21680 delta_mae=0.3502 x_mae=0.3829 v_mae=0.6175 th_mae=0.0607 om_mae=0.3399 mean_dis=0.00556 vel_dis=0.01062 best_mae=0.2064 ready_mae_ok=True ready_vel_ok=False ready_dis_ok=True
[21:08:55][store=53000][DIST_SHIFT] x_ratio=0.857 v_ratio=1.006 th_ratio=0.975 om_ratio=1.002 old_th_std=0.0272 new_th_std=0.0266 buf=20000
[21:08:55][store=53000][DIAG] buf=20000 train_steps=9552 train_ratio=0.478 frozen=True no_improve=12 loss_ema=0.21680 delta_mae=0.3208 x_mae=0.3219 v_mae=0.5590 th_mae=0.0785 om_mae=0.3239 mean_dis=0.00516 vel_dis=0.00974 best_mae=0.2064 ready_mae_ok=True ready_vel_ok=True ready_dis_ok=True
[21:08:55][store=54000][DIST_SHIFT] x_ratio=0.850 v_ratio=1.018 th_ratio=0.939 om_ratio=1.020 old_th_std=0.0287 new_th_std=0.0269 buf=20000
[21:08:55][store=54000][DIAG] buf=20000 train_steps=9552 train_ratio=0.478 frozen=True no_improve=12 loss_ema=0.21680 delta_mae=0.3099 x_mae=0.3298 v_mae=0.5215 th_mae=0.0679 om_mae=0.3204 mean_dis=0.00532 vel_dis=0.01009 best_mae=0.2064 ready_mae_ok=True ready_vel_ok=True ready_dis_ok=True
[21:08:55][store=55000][DIST_SHIFT] x_ratio=0.858 v_ratio=1.041 th_ratio=0.959 om_ratio=1.048 old_th_std=0.0267 new_th_std=0.0256 buf=20000
[21:08:55][store=55000][DIAG] buf=20000 train_steps=9552 train_ratio=0.478 frozen=True no_improve=12 loss_ema=0.21680 delta_mae=0.3218 x_mae=0.3513 v_mae=0.5238 th_mae=0.0699 om_mae=0.3422 mean_dis=0.00533 vel_dis=0.01009 best_mae=0.2064 ready_mae_ok=True ready_vel_ok=True ready_dis_ok=True
[21:08:55][store=56000][DIST_SHIFT] x_ratio=0.894 v_ratio=0.985 th_ratio=1.028 om_ratio=1.130 old_th_std=0.0260 new_th_std=0.0267 buf=20000
[21:08:56][store=56000][DIAG] buf=20000 train_steps=9552 train_ratio=0.478 frozen=True no_improve=12 loss_ema=0.21680 delta_mae=0.2788 x_mae=0.3111 v_mae=0.4553 th_mae=0.0624 om_mae=0.2863 mean_dis=0.00546 vel_dis=0.01039 best_mae=0.2064 ready_mae_ok=True ready_vel_ok=True ready_dis_ok=True
[21:08:56][store=57000][DIST_SHIFT] x_ratio=0.918 v_ratio=1.090 th_ratio=0.916 om_ratio=1.050 old_th_std=0.0284 new_th_std=0.0260 buf=20000
[21:08:56][store=57000][DIAG] buf=20000 train_steps=9552 train_ratio=0.478 frozen=True no_improve=12 loss_ema=0.21680 delta_mae=0.2979 x_mae=0.3158 v_mae=0.5174 th_mae=0.0657 om_mae=0.2925 mean_dis=0.00576 vel_dis=0.01096 best_mae=0.2064 ready_mae_ok=True ready_vel_ok=True ready_dis_ok=True
[21:08:56][store=58000][DIST_SHIFT] x_ratio=0.916 v_ratio=1.156 th_ratio=0.894 om_ratio=1.018 old_th_std=0.0282 new_th_std=0.0252 buf=20000
[21:08:56][store=58000][DIAG] buf=20000 train_steps=9552 train_ratio=0.478 frozen=True no_improve=12 loss_ema=0.21680 delta_mae=0.3103 x_mae=0.3498 v_mae=0.5383 th_mae=0.0638 om_mae=0.2892 mean_dis=0.00499 vel_dis=0.00947 best_mae=0.2064 ready_mae_ok=True ready_vel_ok=True ready_dis_ok=True
[21:08:56][store=59000][DIST_SHIFT] x_ratio=0.984 v_ratio=1.169 th_ratio=0.872 om_ratio=1.039 old_th_std=0.0271 new_th_std=0.0236 buf=20000
[21:08:56][store=59000][DIAG] buf=20000 train_steps=9552 train_ratio=0.478 frozen=True no_improve=12 loss_ema=0.21680 delta_mae=0.2979 x_mae=0.3378 v_mae=0.5026 th_mae=0.0683 om_mae=0.2827 mean_dis=0.00531 vel_dis=0.01011 best_mae=0.2064 ready_mae_ok=True ready_vel_ok=True ready_dis_ok=True
[21:08:56][store=60000][DIST_SHIFT] x_ratio=1.016 v_ratio=1.107 th_ratio=0.800 om_ratio=0.987 old_th_std=0.0279 new_th_std=0.0223 buf=20000
[21:08:56][store=60000][DIAG] buf=20000 train_steps=9552 train_ratio=0.478 frozen=True no_improve=12 loss_ema=0.21680 delta_mae=0.3111 x_mae=0.3478 v_mae=0.5321 th_mae=0.0571 om_mae=0.3072 mean_dis=0.00496 vel_dis=0.00942 best_mae=0.2064 ready_mae_ok=True ready_vel_ok=True ready_dis_ok=True
[21:08:56][store=61000][DIST_SHIFT] x_ratio=1.063 v_ratio=1.158 th_ratio=0.821 om_ratio=0.974 old_th_std=0.0273 new_th_std=0.0224 buf=20000
[21:08:56][store=61000][DIAG] buf=20000 train_steps=9552 train_ratio=0.478 frozen=True no_improve=12 loss_ema=0.21680 delta_mae=0.3164 x_mae=0.3607 v_mae=0.5050 th_mae=0.0736 om_mae=0.3261 mean_dis=0.00546 vel_dis=0.01037 best_mae=0.2064 ready_mae_ok=True ready_vel_ok=True ready_dis_ok=True
[21:08:56][store=62000][DIST_SHIFT] x_ratio=1.027 v_ratio=1.093 th_ratio=0.886 om_ratio=0.965 old_th_std=0.0260 new_th_std=0.0231 buf=20000
[21:08:56][store=62000][DIAG] buf=20000 train_steps=9552 train_ratio=0.478 frozen=True no_improve=12 loss_ema=0.21680 delta_mae=0.2792 x_mae=0.2731 v_mae=0.4584 th_mae=0.0714 om_mae=0.3137 mean_dis=0.00558 vel_dis=0.01063 best_mae=0.2064 ready_mae_ok=True ready_vel_ok=True ready_dis_ok=True
[21:08:57][store=63000][DIST_SHIFT] x_ratio=1.059 v_ratio=1.084 th_ratio=0.949 om_ratio=0.991 old_th_std=0.0251 new_th_std=0.0238 buf=20000
[21:08:57][store=63000][DIAG] buf=20000 train_steps=9552 train_ratio=0.478 frozen=True no_improve=12 loss_ema=0.21680 delta_mae=0.3233 x_mae=0.3489 v_mae=0.5353 th_mae=0.0820 om_mae=0.3270 mean_dis=0.00548 vel_dis=0.01034 best_mae=0.2064 ready_mae_ok=True ready_vel_ok=True ready_dis_ok=True
[21:08:57][store=64000][DIST_SHIFT] x_ratio=1.079 v_ratio=0.986 th_ratio=1.006 om_ratio=0.922 old_th_std=0.0254 new_th_std=0.0256 buf=20000
[21:08:57][store=64000][DIAG] buf=20000 train_steps=9552 train_ratio=0.478 frozen=True no_improve=12 loss_ema=0.21680 delta_mae=0.2876 x_mae=0.2783 v_mae=0.4923 th_mae=0.0714 om_mae=0.3084 mean_dis=0.00541 vel_dis=0.01023 best_mae=0.2064 ready_mae_ok=True ready_vel_ok=True ready_dis_ok=True
[21:08:57][store=65000][DIST_SHIFT] x_ratio=1.066 v_ratio=0.973 th_ratio=0.995 om_ratio=0.978 old_th_std=0.0264 new_th_std=0.0263 buf=20000
[21:08:57][store=65000][DIAG] buf=20000 train_steps=9552 train_ratio=0.478 frozen=True no_improve=12 loss_ema=0.21680 delta_mae=0.3307 x_mae=0.3924 v_mae=0.5551 th_mae=0.0658 om_mae=0.3095 mean_dis=0.00514 vel_dis=0.00978 best_mae=0.2064 ready_mae_ok=True ready_vel_ok=True ready_dis_ok=True
[21:08:57][store=66000][DIST_SHIFT] x_ratio=1.175 v_ratio=0.910 th_ratio=0.973 om_ratio=0.956 old_th_std=0.0265 new_th_std=0.0258 buf=20000
[21:08:57][store=66000][DIAG] buf=20000 train_steps=9552 train_ratio=0.478 frozen=True no_improve=12 loss_ema=0.21680 delta_mae=0.3369 x_mae=0.3872 v_mae=0.5399 th_mae=0.0659 om_mae=0.3548 mean_dis=0.00529 vel_dis=0.01009 best_mae=0.2064 ready_mae_ok=True ready_vel_ok=True ready_dis_ok=True
[21:08:57][store=67000][DIST_SHIFT] x_ratio=1.179 v_ratio=0.954 th_ratio=1.005 om_ratio=1.019 old_th_std=0.0254 new_th_std=0.0255 buf=20000
[21:08:57][store=67000][DIAG] buf=20000 train_steps=9552 train_ratio=0.478 frozen=True no_improve=12 loss_ema=0.21680 delta_mae=0.3107 x_mae=0.3498 v_mae=0.5485 th_mae=0.0703 om_mae=0.2744 mean_dis=0.00522 vel_dis=0.00995 best_mae=0.2064 ready_mae_ok=True ready_vel_ok=True ready_dis_ok=True
[21:08:57][store=68000][DIST_SHIFT] x_ratio=1.106 v_ratio=0.905 th_ratio=1.000 om_ratio=0.927 old_th_std=0.0266 new_th_std=0.0266 buf=20000
[21:08:57][store=68000][DIAG] buf=20000 train_steps=9552 train_ratio=0.478 frozen=True no_improve=12 loss_ema=0.21680 delta_mae=0.3008 x_mae=0.3107 v_mae=0.4891 th_mae=0.0764 om_mae=0.3269 mean_dis=0.00477 vel_dis=0.00905 best_mae=0.2064 ready_mae_ok=True ready_vel_ok=True ready_dis_ok=True
[21:08:58][store=69000][DIST_SHIFT] x_ratio=1.046 v_ratio=0.929 th_ratio=0.978 om_ratio=0.919 old_th_std=0.0269 new_th_std=0.0263 buf=20000
[21:08:58][store=69000][DIAG] buf=20000 train_steps=9552 train_ratio=0.478 frozen=True no_improve=12 loss_ema=0.21680 delta_mae=0.2775 x_mae=0.3146 v_mae=0.4843 th_mae=0.0577 om_mae=0.2535 mean_dis=0.00531 vel_dis=0.01010 best_mae=0.2064 ready_mae_ok=True ready_vel_ok=True ready_dis_ok=True
[21:08:58][store=70000][DIST_SHIFT] x_ratio=1.218 v_ratio=0.901 th_ratio=1.095 om_ratio=0.923 old_th_std=0.0256 new_th_std=0.0280 buf=20000
[21:08:58][store=70000][DIAG] buf=20000 train_steps=9552 train_ratio=0.478 frozen=True no_improve=12 loss_ema=0.21680 delta_mae=0.3138 x_mae=0.3868 v_mae=0.5469 th_mae=0.0600 om_mae=0.2617 mean_dis=0.00545 vel_dis=0.01032 best_mae=0.2064 ready_mae_ok=True ready_vel_ok=True ready_dis_ok=True
[21:08:58][store=71000][DIST_SHIFT] x_ratio=1.160 v_ratio=0.947 th_ratio=1.046 om_ratio=0.991 old_th_std=0.0267 new_th_std=0.0279 buf=20000
[21:08:58][store=71000][DIAG] buf=20000 train_steps=9552 train_ratio=0.478 frozen=True no_improve=12 loss_ema=0.21680 delta_mae=0.3023 x_mae=0.3392 v_mae=0.5275 th_mae=0.0638 om_mae=0.2788 mean_dis=0.00537 vel_dis=0.01016 best_mae=0.2064 ready_mae_ok=True ready_vel_ok=True ready_dis_ok=True
[21:08:58][store=72000][DIST_SHIFT] x_ratio=1.070 v_ratio=0.918 th_ratio=1.046 om_ratio=0.984 old_th_std=0.0260 new_th_std=0.0272 buf=20000
[21:08:58][store=72000][DIAG] buf=20000 train_steps=9552 train_ratio=0.478 frozen=True no_improve=12 loss_ema=0.21680 delta_mae=0.3400 x_mae=0.4286 v_mae=0.5805 th_mae=0.0722 om_mae=0.2787 mean_dis=0.00545 vel_dis=0.01033 best_mae=0.2064 ready_mae_ok=True ready_vel_ok=True ready_dis_ok=True
[21:08:58][store=73000][DIST_SHIFT] x_ratio=1.033 v_ratio=0.912 th_ratio=1.037 om_ratio=0.953 old_th_std=0.0252 new_th_std=0.0261 buf=20000
[21:08:58][store=73000][DIAG] buf=20000 train_steps=9552 train_ratio=0.478 frozen=True no_improve=12 loss_ema=0.21680 delta_mae=0.3330 x_mae=0.3774 v_mae=0.5849 th_mae=0.0694 om_mae=0.3003 mean_dis=0.00553 vel_dis=0.01048 best_mae=0.2064 ready_mae_ok=True ready_vel_ok=True ready_dis_ok=True
[21:08:58][store=74000][DIST_SHIFT] x_ratio=1.124 v_ratio=0.878 th_ratio=1.179 om_ratio=0.938 old_th_std=0.0236 new_th_std=0.0279 buf=20000
[21:08:58][store=74000][DIAG] buf=20000 train_steps=9552 train_ratio=0.478 frozen=True no_improve=12 loss_ema=0.21680 delta_mae=0.3711 x_mae=0.4944 v_mae=0.6402 th_mae=0.0692 om_mae=0.2808 mean_dis=0.00505 vel_dis=0.00960 best_mae=0.2064 ready_mae_ok=False ready_vel_ok=False ready_dis_ok=True
[21:08:59][store=75000][DIST_SHIFT] x_ratio=1.028 v_ratio=0.908 th_ratio=1.241 om_ratio=0.922 old_th_std=0.0223 new_th_std=0.0277 buf=20000
[21:08:59][store=75000][DIAG] buf=20000 train_steps=9552 train_ratio=0.478 frozen=True no_improve=12 loss_ema=0.21680 delta_mae=0.2994 x_mae=0.3278 v_mae=0.4959 th_mae=0.0654 om_mae=0.3083 mean_dis=0.00497 vel_dis=0.00945 best_mae=0.2064 ready_mae_ok=True ready_vel_ok=True ready_dis_ok=True
[21:08:59][store=76000][DIST_SHIFT] x_ratio=0.940 v_ratio=0.898 th_ratio=1.331 om_ratio=0.943 old_th_std=0.0224 new_th_std=0.0299 buf=20000
[21:08:59][store=76000][DIAG] buf=20000 train_steps=9552 train_ratio=0.478 frozen=True no_improve=12 loss_ema=0.21680 delta_mae=0.3237 x_mae=0.3409 v_mae=0.5718 th_mae=0.0615 om_mae=0.3206 mean_dis=0.00518 vel_dis=0.00993 best_mae=0.2064 ready_mae_ok=True ready_vel_ok=True ready_dis_ok=True
[21:08:59][store=77000][DIST_SHIFT] x_ratio=1.052 v_ratio=0.858 th_ratio=1.354 om_ratio=0.949 old_th_std=0.0231 new_th_std=0.0313 buf=20000
[21:08:59][store=77000][DIAG] buf=20000 train_steps=9552 train_ratio=0.478 frozen=True no_improve=12 loss_ema=0.21680 delta_mae=0.3486 x_mae=0.4050 v_mae=0.5960 th_mae=0.0717 om_mae=0.3217 mean_dis=0.00500 vel_dis=0.00941 best_mae=0.2064 ready_mae_ok=True ready_vel_ok=True ready_dis_ok=True
[21:08:59][store=78000][DIST_SHIFT] x_ratio=1.027 v_ratio=0.897 th_ratio=1.347 om_ratio=0.996 old_th_std=0.0238 new_th_std=0.0320 buf=20000
[21:08:59][store=78000][DIAG] buf=20000 train_steps=9552 train_ratio=0.478 frozen=True no_improve=12 loss_ema=0.21680 delta_mae=0.2996 x_mae=0.3617 v_mae=0.5059 th_mae=0.0613 om_mae=0.2694 mean_dis=0.00516 vel_dis=0.00980 best_mae=0.2064 ready_mae_ok=True ready_vel_ok=True ready_dis_ok=True
[21:08:59][store=79000][DIST_SHIFT] x_ratio=0.973 v_ratio=1.048 th_ratio=1.187 om_ratio=1.043 old_th_std=0.0256 new_th_std=0.0304 buf=20000
[21:08:59][store=79000][DIAG] buf=20000 train_steps=9552 train_ratio=0.478 frozen=True no_improve=12 loss_ema=0.21680 delta_mae=0.3274 x_mae=0.4361 v_mae=0.5704 th_mae=0.0707 om_mae=0.2325 mean_dis=0.00547 vel_dis=0.01029 best_mae=0.2064 ready_mae_ok=True ready_vel_ok=True ready_dis_ok=True
[21:08:59][store=80000][DIST_SHIFT] x_ratio=0.986 v_ratio=1.086 th_ratio=1.203 om_ratio=0.973 old_th_std=0.0263 new_th_std=0.0316 buf=20000
[21:08:59][store=80000][DIAG] buf=20000 train_steps=9552 train_ratio=0.478 frozen=True no_improve=12 loss_ema=0.21680 delta_mae=0.3424 x_mae=0.4222 v_mae=0.5723 th_mae=0.0703 om_mae=0.3047 mean_dis=0.00562 vel_dis=0.01061 best_mae=0.2064 ready_mae_ok=True ready_vel_ok=True ready_dis_ok=True
[21:09:00][store=81000][DIST_SHIFT] x_ratio=1.028 v_ratio=1.128 th_ratio=1.230 om_ratio=0.951 old_th_std=0.0258 new_th_std=0.0318 buf=20000
[21:09:00][store=81000][DIAG] buf=20000 train_steps=9552 train_ratio=0.478 frozen=True no_improve=12 loss_ema=0.21680 delta_mae=0.3266 x_mae=0.3523 v_mae=0.5479 th_mae=0.0715 om_mae=0.3346 mean_dis=0.00536 vel_dis=0.01019 best_mae=0.2064 ready_mae_ok=True ready_vel_ok=True ready_dis_ok=True
[21:09:00][store=82000][DIST_SHIFT] x_ratio=0.934 v_ratio=1.220 th_ratio=1.149 om_ratio=0.925 old_th_std=0.0255 new_th_std=0.0293 buf=20000
[21:09:00][store=82000][DIAG] buf=20000 train_steps=9552 train_ratio=0.478 frozen=True no_improve=12 loss_ema=0.21680 delta_mae=0.3430 x_mae=0.4444 v_mae=0.5770 th_mae=0.0765 om_mae=0.2743 mean_dis=0.00478 vel_dis=0.00903 best_mae=0.2064 ready_mae_ok=True ready_vel_ok=True ready_dis_ok=True
[21:09:00][store=83000][DIST_SHIFT] x_ratio=1.017 v_ratio=1.263 th_ratio=1.050 om_ratio=0.981 old_th_std=0.0266 new_th_std=0.0279 buf=20000
[21:09:00][store=83000][DIAG] buf=20000 train_steps=9552 train_ratio=0.478 frozen=True no_improve=12 loss_ema=0.21680 delta_mae=0.3251 x_mae=0.4180 v_mae=0.5567 th_mae=0.0716 om_mae=0.2542 mean_dis=0.00548 vel_dis=0.01045 best_mae=0.2064 ready_mae_ok=True ready_vel_ok=True ready_dis_ok=True
[21:09:00][store=84000][DIST_SHIFT] x_ratio=1.078 v_ratio=1.134 th_ratio=0.979 om_ratio=1.048 old_th_std=0.0263 new_th_std=0.0258 buf=20000
[21:09:00][store=84000][DIAG] buf=20000 train_steps=9552 train_ratio=0.478 frozen=True no_improve=12 loss_ema=0.21680 delta_mae=0.3300 x_mae=0.4434 v_mae=0.5539 th_mae=0.0743 om_mae=0.2484 mean_dis=0.00513 vel_dis=0.00977 best_mae=0.2064 ready_mae_ok=True ready_vel_ok=True ready_dis_ok=True
[21:09:00][store=85000][DIST_SHIFT] x_ratio=0.953 v_ratio=1.136 th_ratio=0.863 om_ratio=1.159 old_th_std=0.0280 new_th_std=0.0242 buf=20000
[21:09:00][store=85000][DIAG] buf=20000 train_steps=9552 train_ratio=0.478 frozen=True no_improve=12 loss_ema=0.21680 delta_mae=0.2804 x_mae=0.3563 v_mae=0.4487 th_mae=0.0639 om_mae=0.2528 mean_dis=0.00514 vel_dis=0.00984 best_mae=0.2064 ready_mae_ok=True ready_vel_ok=True ready_dis_ok=True
[21:09:00][store=86000][DIST_SHIFT] x_ratio=0.914 v_ratio=1.099 th_ratio=0.844 om_ratio=1.147 old_th_std=0.0279 new_th_std=0.0235 buf=20000
[21:09:00][store=86000][DIAG] buf=20000 train_steps=9552 train_ratio=0.478 frozen=True no_improve=12 loss_ema=0.21680 delta_mae=0.3214 x_mae=0.3888 v_mae=0.5493 th_mae=0.0766 om_mae=0.2711 mean_dis=0.00538 vel_dis=0.01027 best_mae=0.2064 ready_mae_ok=True ready_vel_ok=True ready_dis_ok=True
[21:09:01][store=87000][DIST_SHIFT] x_ratio=1.002 v_ratio=1.016 th_ratio=1.069 om_ratio=1.094 old_th_std=0.0272 new_th_std=0.0291 buf=20000
[21:09:01][store=87000][DIAG] buf=20000 train_steps=9552 train_ratio=0.478 frozen=True no_improve=12 loss_ema=0.21680 delta_mae=0.3152 x_mae=0.3938 v_mae=0.5701 th_mae=0.0763 om_mae=0.2207 mean_dis=0.00530 vel_dis=0.01008 best_mae=0.2064 ready_mae_ok=True ready_vel_ok=True ready_dis_ok=True
[21:09:01][store=88000][DIST_SHIFT] x_ratio=1.033 v_ratio=0.968 th_ratio=1.105 om_ratio=1.040 old_th_std=0.0261 new_th_std=0.0288 buf=20000
[21:09:01][store=88000][DIAG] buf=20000 train_steps=9552 train_ratio=0.478 frozen=True no_improve=12 loss_ema=0.21680 delta_mae=0.2842 x_mae=0.3428 v_mae=0.4684 th_mae=0.0770 om_mae=0.2485 mean_dis=0.00527 vel_dis=0.01002 best_mae=0.2064 ready_mae_ok=True ready_vel_ok=True ready_dis_ok=True
[21:09:01][store=89000][DIST_SHIFT] x_ratio=0.822 v_ratio=0.967 th_ratio=1.012 om_ratio=0.956 old_th_std=0.0279 new_th_std=0.0282 buf=20000
[21:09:01][store=89000][DIAG] buf=20000 train_steps=9552 train_ratio=0.478 frozen=True no_improve=12 loss_ema=0.21680 delta_mae=0.3219 x_mae=0.4141 v_mae=0.5763 th_mae=0.0716 om_mae=0.2257 mean_dis=0.00512 vel_dis=0.00959 best_mae=0.2064 ready_mae_ok=True ready_vel_ok=True ready_dis_ok=True
[21:09:01][store=90000][DIST_SHIFT] x_ratio=0.906 v_ratio=0.927 th_ratio=1.021 om_ratio=0.904 old_th_std=0.0277 new_th_std=0.0283 buf=20000
[21:09:01][store=90000][DIAG] buf=20000 train_steps=9552 train_ratio=0.478 frozen=True no_improve=12 loss_ema=0.21680 delta_mae=0.3125 x_mae=0.3922 v_mae=0.5209 th_mae=0.0663 om_mae=0.2705 mean_dis=0.00544 vel_dis=0.01036 best_mae=0.2064 ready_mae_ok=True ready_vel_ok=True ready_dis_ok=True
[21:09:01][store=91000][DIST_SHIFT] x_ratio=0.911 v_ratio=0.938 th_ratio=0.903 om_ratio=0.864 old_th_std=0.0299 new_th_std=0.0270 buf=20000
[21:09:01][store=91000][DIAG] buf=20000 train_steps=9552 train_ratio=0.478 frozen=True no_improve=12 loss_ema=0.21680 delta_mae=0.3012 x_mae=0.3206 v_mae=0.5240 th_mae=0.0731 om_mae=0.2873 mean_dis=0.00533 vel_dis=0.01010 best_mae=0.2064 ready_mae_ok=True ready_vel_ok=True ready_dis_ok=True
[21:09:01][store=92000][DIST_SHIFT] x_ratio=0.859 v_ratio=0.883 th_ratio=0.817 om_ratio=0.911 old_th_std=0.0313 new_th_std=0.0255 buf=20000
[21:09:01][store=92000][DIAG] buf=20000 train_steps=9552 train_ratio=0.478 frozen=True no_improve=12 loss_ema=0.21680 delta_mae=0.3026 x_mae=0.3579 v_mae=0.5106 th_mae=0.0620 om_mae=0.2799 mean_dis=0.00533 vel_dis=0.01004 best_mae=0.2064 ready_mae_ok=True ready_vel_ok=True ready_dis_ok=True
[21:09:02][store=93000][DIST_SHIFT] x_ratio=0.908 v_ratio=0.856 th_ratio=0.864 om_ratio=0.925 old_th_std=0.0320 new_th_std=0.0277 buf=20000
[21:09:02][store=93000][DIAG] buf=20000 train_steps=9552 train_ratio=0.478 frozen=True no_improve=12 loss_ema=0.21680 delta_mae=0.2981 x_mae=0.3641 v_mae=0.5017 th_mae=0.0678 om_mae=0.2588 mean_dis=0.00541 vel_dis=0.01023 best_mae=0.2064 ready_mae_ok=True ready_vel_ok=True ready_dis_ok=True
[21:09:02][store=94000][DIST_SHIFT] x_ratio=0.968 v_ratio=0.845 th_ratio=0.912 om_ratio=1.025 old_th_std=0.0304 new_th_std=0.0277 buf=20000
[21:09:02][store=94000][DIAG] buf=20000 train_steps=9552 train_ratio=0.478 frozen=True no_improve=12 loss_ema=0.21680 delta_mae=0.3216 x_mae=0.3939 v_mae=0.5698 th_mae=0.0710 om_mae=0.2519 mean_dis=0.00567 vel_dis=0.01080 best_mae=0.2064 ready_mae_ok=True ready_vel_ok=True ready_dis_ok=True
[21:09:02][store=95000][DIST_SHIFT] x_ratio=1.009 v_ratio=0.846 th_ratio=0.875 om_ratio=1.132 old_th_std=0.0316 new_th_std=0.0277 buf=20000
[21:09:02][store=95000][DIAG] buf=20000 train_steps=9552 train_ratio=0.478 frozen=True no_improve=12 loss_ema=0.21680 delta_mae=0.3189 x_mae=0.4222 v_mae=0.5761 th_mae=0.0701 om_mae=0.2071 mean_dis=0.00554 vel_dis=0.01040 best_mae=0.2064 ready_mae_ok=True ready_vel_ok=True ready_dis_ok=True
[21:09:02][store=96000][DIST_SHIFT] x_ratio=1.020 v_ratio=0.866 th_ratio=0.919 om_ratio=1.208 old_th_std=0.0318 new_th_std=0.0292 buf=20000
[21:09:02][store=96000][DIAG] buf=20000 train_steps=9552 train_ratio=0.478 frozen=True no_improve=12 loss_ema=0.21680 delta_mae=0.3847 x_mae=0.5377 v_mae=0.6641 th_mae=0.0744 om_mae=0.2627 mean_dis=0.00530 vel_dis=0.00994 best_mae=0.2064 ready_mae_ok=False ready_vel_ok=False ready_dis_ok=True
[21:09:02][store=97000][DIST_SHIFT] x_ratio=1.042 v_ratio=0.875 th_ratio=0.970 om_ratio=1.265 old_th_std=0.0293 new_th_std=0.0284 buf=20000
[21:09:02][store=97000][DIAG] buf=20000 train_steps=9552 train_ratio=0.478 frozen=True no_improve=12 loss_ema=0.21680 delta_mae=0.3496 x_mae=0.4699 v_mae=0.6247 th_mae=0.0767 om_mae=0.2271 mean_dis=0.00565 vel_dis=0.01071 best_mae=0.2064 ready_mae_ok=True ready_vel_ok=False ready_dis_ok=True
[21:09:02][store=98000][DIST_SHIFT] x_ratio=1.031 v_ratio=0.915 th_ratio=0.967 om_ratio=1.224 old_th_std=0.0279 new_th_std=0.0270 buf=20000
[21:09:02][store=98000][DIAG] buf=20000 train_steps=9552 train_ratio=0.478 frozen=True no_improve=12 loss_ema=0.21680 delta_mae=0.3654 x_mae=0.4541 v_mae=0.6525 th_mae=0.0782 om_mae=0.2766 mean_dis=0.00480 vel_dis=0.00911 best_mae=0.2064 ready_mae_ok=False ready_vel_ok=False ready_dis_ok=True
[21:09:02][store=99000][DIST_SHIFT] x_ratio=0.992 v_ratio=1.077 th_ratio=1.138 om_ratio=1.122 old_th_std=0.0258 new_th_std=0.0293 buf=20000
[21:09:03][store=99000][DIAG] buf=20000 train_steps=9552 train_ratio=0.478 frozen=True no_improve=12 loss_ema=0.21680 delta_mae=0.3228 x_mae=0.4223 v_mae=0.5702 th_mae=0.0701 om_mae=0.2285 mean_dis=0.00500 vel_dis=0.00948 best_mae=0.2064 ready_mae_ok=True ready_vel_ok=True ready_dis_ok=True
[21:09:03][store=100000][DIST_SHIFT] x_ratio=0.924 v_ratio=1.130 th_ratio=1.204 om_ratio=1.015 old_th_std=0.0242 new_th_std=0.0291 buf=20000
[21:09:03][store=100000][DIAG] buf=20000 train_steps=9552 train_ratio=0.478 frozen=True no_improve=12 loss_ema=0.21680 delta_mae=0.3813 x_mae=0.5294 v_mae=0.6809 th_mae=0.0701 om_mae=0.2450 mean_dis=0.00512 vel_dis=0.00967 best_mae=0.2064 ready_mae_ok=False ready_vel_ok=False ready_dis_ok=True
[21:09:03][store=101000][DIST_SHIFT] x_ratio=0.848 v_ratio=1.138 th_ratio=1.244 om_ratio=0.964 old_th_std=0.0235 new_th_std=0.0293 buf=20000
[21:09:03][store=101000][DIAG] buf=20000 train_steps=9552 train_ratio=0.478 frozen=True no_improve=12 loss_ema=0.21680 delta_mae=0.3337 x_mae=0.4064 v_mae=0.5936 th_mae=0.0790 om_mae=0.2556 mean_dis=0.00558 vel_dis=0.01053 best_mae=0.2064 ready_mae_ok=True ready_vel_ok=True ready_dis_ok=True
[21:09:03][store=102000][DIST_SHIFT] x_ratio=0.923 v_ratio=1.268 th_ratio=1.000 om_ratio=0.951 old_th_std=0.0291 new_th_std=0.0291 buf=20000
[21:09:03][store=102000][DIAG] buf=20000 train_steps=9552 train_ratio=0.478 frozen=True no_improve=12 loss_ema=0.21680 delta_mae=0.3168 x_mae=0.4201 v_mae=0.5535 th_mae=0.0686 om_mae=0.2249 mean_dis=0.00571 vel_dis=0.01075 best_mae=0.2064 ready_mae_ok=True ready_vel_ok=True ready_dis_ok=True
[21:09:03][store=103000][DIST_SHIFT] x_ratio=0.897 v_ratio=1.262 th_ratio=1.039 om_ratio=0.996 old_th_std=0.0288 new_th_std=0.0300 buf=20000
[21:09:03][store=103000][DIAG] buf=20000 train_steps=9552 train_ratio=0.478 frozen=True no_improve=12 loss_ema=0.21680 delta_mae=0.3268 x_mae=0.4121 v_mae=0.5868 th_mae=0.0677 om_mae=0.2405 mean_dis=0.00517 vel_dis=0.00979 best_mae=0.2064 ready_mae_ok=True ready_vel_ok=True ready_dis_ok=True
[21:09:03][store=104000][DIST_SHIFT] x_ratio=1.052 v_ratio=1.137 th_ratio=0.953 om_ratio=1.054 old_th_std=0.0282 new_th_std=0.0269 buf=20000
[21:09:03][store=104000][DIAG] buf=20000 train_steps=9552 train_ratio=0.478 frozen=True no_improve=12 loss_ema=0.21680 delta_mae=0.3464 x_mae=0.4077 v_mae=0.6379 th_mae=0.0694 om_mae=0.2704 mean_dis=0.00551 vel_dis=0.01039 best_mae=0.2064 ready_mae_ok=True ready_vel_ok=False ready_dis_ok=True
[21:09:03][store=105000][DIST_SHIFT] x_ratio=1.054 v_ratio=1.178 th_ratio=0.967 om_ratio=1.097 old_th_std=0.0283 new_th_std=0.0274 buf=20000
[21:09:03][store=105000][DIAG] buf=20000 train_steps=9552 train_ratio=0.478 frozen=True no_improve=12 loss_ema=0.21680 delta_mae=0.3086 x_mae=0.4092 v_mae=0.5344 th_mae=0.0666 om_mae=0.2243 mean_dis=0.00524 vel_dis=0.00986 best_mae=0.2064 ready_mae_ok=True ready_vel_ok=True ready_dis_ok=True
[21:09:04][store=106000][DIST_SHIFT] x_ratio=1.204 v_ratio=1.183 th_ratio=0.978 om_ratio=1.183 old_th_std=0.0270 new_th_std=0.0264 buf=20000
[21:09:04][store=106000][DIAG] buf=20000 train_steps=9552 train_ratio=0.478 frozen=True no_improve=12 loss_ema=0.21680 delta_mae=0.3246 x_mae=0.4156 v_mae=0.5634 th_mae=0.0643 om_mae=0.2549 mean_dis=0.00579 vel_dis=0.01101 best_mae=0.2064 ready_mae_ok=True ready_vel_ok=True ready_dis_ok=True
[21:09:04][store=107000][DIST_SHIFT] x_ratio=1.144 v_ratio=1.196 th_ratio=1.056 om_ratio=1.093 old_th_std=0.0255 new_th_std=0.0270 buf=20000
[21:09:04][store=107000][DIAG] buf=20000 train_steps=9552 train_ratio=0.478 frozen=True no_improve=12 loss_ema=0.21680 delta_mae=0.3610 x_mae=0.4628 v_mae=0.6484 th_mae=0.0668 om_mae=0.2661 mean_dis=0.00481 vel_dis=0.00916 best_mae=0.2064 ready_mae_ok=False ready_vel_ok=False ready_dis_ok=True
[21:09:04][store=108000][DIST_SHIFT] x_ratio=1.119 v_ratio=1.129 th_ratio=1.006 om_ratio=1.059 old_th_std=0.0277 new_th_std=0.0278 buf=20000
[21:09:04][store=108000][DIAG] buf=20000 train_steps=9552 train_ratio=0.478 frozen=True no_improve=12 loss_ema=0.21680 delta_mae=0.3198 x_mae=0.4651 v_mae=0.5341 th_mae=0.0669 om_mae=0.2132 mean_dis=0.00543 vel_dis=0.01035 best_mae=0.2064 ready_mae_ok=True ready_vel_ok=True ready_dis_ok=True
[21:09:04][store=109000][DIST_SHIFT] x_ratio=1.155 v_ratio=1.080 th_ratio=1.065 om_ratio=1.082 old_th_std=0.0277 new_th_std=0.0295 buf=20000
[21:09:04][store=109000][DIAG] buf=20000 train_steps=9552 train_ratio=0.478 frozen=True no_improve=12 loss_ema=0.21680 delta_mae=0.3958 x_mae=0.5135 v_mae=0.7066 th_mae=0.0678 om_mae=0.2954 mean_dis=0.00506 vel_dis=0.00956 best_mae=0.2064 ready_mae_ok=False ready_vel_ok=False ready_dis_ok=True
[21:09:04][store=110000][DIST_SHIFT] x_ratio=1.171 v_ratio=1.057 th_ratio=1.067 om_ratio=0.968 old_th_std=0.0277 new_th_std=0.0295 buf=20000
[21:09:04][store=110000][DIAG] buf=20000 train_steps=9552 train_ratio=0.478 frozen=True no_improve=12 loss_ema=0.21680 delta_mae=0.3211 x_mae=0.4436 v_mae=0.5823 th_mae=0.0690 om_mae=0.1897 mean_dis=0.00534 vel_dis=0.01016 best_mae=0.2064 ready_mae_ok=True ready_vel_ok=True ready_dis_ok=True
[21:09:04][store=111000][DIST_SHIFT] x_ratio=1.101 v_ratio=0.934 th_ratio=0.975 om_ratio=0.930 old_th_std=0.0292 new_th_std=0.0285 buf=20000
[21:09:04][store=111000][DIAG] buf=20000 train_steps=9552 train_ratio=0.478 frozen=True no_improve=12 loss_ema=0.21680 delta_mae=0.3388 x_mae=0.4866 v_mae=0.5754 th_mae=0.0663 om_mae=0.2271 mean_dis=0.00550 vel_dis=0.01047 best_mae=0.2064 ready_mae_ok=True ready_vel_ok=True ready_dis_ok=True
[21:09:05][store=112000][DIST_SHIFT] x_ratio=1.105 v_ratio=0.856 th_ratio=0.993 om_ratio=0.886 old_th_std=0.0284 new_th_std=0.0282 buf=20000
[21:09:05][store=112000][DIAG] buf=20000 train_steps=9552 train_ratio=0.478 frozen=True no_improve=12 loss_ema=0.21680 delta_mae=0.3586 x_mae=0.5253 v_mae=0.6036 th_mae=0.0635 om_mae=0.2422 mean_dis=0.00565 vel_dis=0.01079 best_mae=0.2064 ready_mae_ok=True ready_vel_ok=False ready_dis_ok=True
[21:09:05][store=113000][DIST_SHIFT] x_ratio=1.015 v_ratio=0.902 th_ratio=0.992 om_ratio=0.945 old_th_std=0.0270 new_th_std=0.0268 buf=20000
[21:09:05][store=113000][DIAG] buf=20000 train_steps=9552 train_ratio=0.478 frozen=True no_improve=12 loss_ema=0.21680 delta_mae=0.3275 x_mae=0.4563 v_mae=0.5812 th_mae=0.0586 om_mae=0.2138 mean_dis=0.00547 vel_dis=0.01043 best_mae=0.2064 ready_mae_ok=True ready_vel_ok=True ready_dis_ok=True
[21:09:05][store=114000][DIST_SHIFT] x_ratio=0.908 v_ratio=0.845 th_ratio=0.845 om_ratio=0.900 old_th_std=0.0293 new_th_std=0.0248 buf=20000
[21:09:05][store=114000][DIAG] buf=20000 train_steps=9552 train_ratio=0.478 frozen=True no_improve=12 loss_ema=0.21680 delta_mae=0.3058 x_mae=0.3804 v_mae=0.5516 th_mae=0.0641 om_mae=0.2272 mean_dis=0.00544 vel_dis=0.01033 best_mae=0.2064 ready_mae_ok=True ready_vel_ok=True ready_dis_ok=True
[21:09:05][store=115000][DIST_SHIFT] x_ratio=0.952 v_ratio=0.796 th_ratio=0.757 om_ratio=0.933 old_th_std=0.0291 new_th_std=0.0220 buf=20000
[21:09:05][store=115000][DIAG] buf=20000 train_steps=9552 train_ratio=0.478 frozen=True no_improve=12 loss_ema=0.21680 delta_mae=0.3455 x_mae=0.4695 v_mae=0.5827 th_mae=0.0675 om_mae=0.2624 mean_dis=0.00552 vel_dis=0.01054 best_mae=0.2064 ready_mae_ok=True ready_vel_ok=True ready_dis_ok=True
[21:09:05][store=116000][DIST_SHIFT] x_ratio=1.054 v_ratio=0.830 th_ratio=0.695 om_ratio=0.920 old_th_std=0.0293 new_th_std=0.0204 buf=20000
[21:09:05][store=116000][DIAG] buf=20000 train_steps=9552 train_ratio=0.478 frozen=True no_improve=12 loss_ema=0.21680 delta_mae=0.2972 x_mae=0.4179 v_mae=0.4946 th_mae=0.0637 om_mae=0.2127 mean_dis=0.00524 vel_dis=0.00996 best_mae=0.2064 ready_mae_ok=True ready_vel_ok=True ready_dis_ok=True
[21:09:05][store=117000][DIST_SHIFT] x_ratio=0.981 v_ratio=0.853 th_ratio=0.763 om_ratio=0.900 old_th_std=0.0291 new_th_std=0.0222 buf=20000
[21:09:05][store=117000][DIAG] buf=20000 train_steps=9552 train_ratio=0.478 frozen=True no_improve=12 loss_ema=0.21680 delta_mae=0.3494 x_mae=0.5207 v_mae=0.5915 th_mae=0.0609 om_mae=0.2243 mean_dis=0.00537 vel_dis=0.01018 best_mae=0.2064 ready_mae_ok=True ready_vel_ok=True ready_dis_ok=True
[21:09:06][store=118000][DIST_SHIFT] x_ratio=0.981 v_ratio=0.868 th_ratio=0.834 om_ratio=0.753 old_th_std=0.0300 new_th_std=0.0250 buf=20000
[21:09:06][store=118000][DIAG] buf=20000 train_steps=9552 train_ratio=0.478 frozen=True no_improve=12 loss_ema=0.21680 delta_mae=0.3192 x_mae=0.4267 v_mae=0.5320 th_mae=0.0612 om_mae=0.2568 mean_dis=0.00556 vel_dis=0.01056 best_mae=0.2064 ready_mae_ok=True ready_vel_ok=True ready_dis_ok=True
[21:09:06][store=119000][DIST_SHIFT] x_ratio=0.971 v_ratio=0.969 th_ratio=1.012 om_ratio=0.744 old_th_std=0.0269 new_th_std=0.0272 buf=20000
[21:09:06][store=119000][DIAG] buf=20000 train_steps=9552 train_ratio=0.478 frozen=True no_improve=12 loss_ema=0.21680 delta_mae=0.3218 x_mae=0.4298 v_mae=0.5494 th_mae=0.0636 om_mae=0.2445 mean_dis=0.00554 vel_dis=0.01042 best_mae=0.2064 ready_mae_ok=True ready_vel_ok=True ready_dis_ok=True
[21:09:06][store=120000][DIST_SHIFT] x_ratio=0.903 v_ratio=0.998 th_ratio=1.011 om_ratio=0.784 old_th_std=0.0274 new_th_std=0.0277 buf=20000
[21:09:06][store=120000][DIAG] buf=20000 train_steps=9552 train_ratio=0.478 frozen=True no_improve=12 loss_ema=0.21680 delta_mae=0.3560 x_mae=0.5038 v_mae=0.6046 th_mae=0.0633 om_mae=0.2522 mean_dis=0.00545 vel_dis=0.01032 best_mae=0.2064 ready_mae_ok=True ready_vel_ok=False ready_dis_ok=True
[21:09:06][store=121000][DIST_SHIFT] x_ratio=0.870 v_ratio=0.990 th_ratio=1.156 om_ratio=0.776 old_th_std=0.0264 new_th_std=0.0305 buf=20000
[21:09:06][store=121000][DIAG] buf=20000 train_steps=9552 train_ratio=0.478 frozen=True no_improve=12 loss_ema=0.21680 delta_mae=0.3291 x_mae=0.4182 v_mae=0.5274 th_mae=0.0611 om_mae=0.3099 mean_dis=0.00474 vel_dis=0.00903 best_mae=0.2064 ready_mae_ok=True ready_vel_ok=True ready_dis_ok=True
[21:09:06][store=122000][DIST_SHIFT] x_ratio=0.864 v_ratio=1.055 th_ratio=1.119 om_ratio=0.881 old_th_std=0.0270 new_th_std=0.0302 buf=20000
[21:09:06][store=122000][DIAG] buf=20000 train_steps=9552 train_ratio=0.478 frozen=True no_improve=12 loss_ema=0.21680 delta_mae=0.3619 x_mae=0.5199 v_mae=0.6059 th_mae=0.0588 om_mae=0.2630 mean_dis=0.00555 vel_dis=0.01048 best_mae=0.2064 ready_mae_ok=False ready_vel_ok=False ready_dis_ok=True
[21:09:06][store=123000][DIST_SHIFT] x_ratio=0.885 v_ratio=1.070 th_ratio=0.955 om_ratio=0.989 old_th_std=0.0278 new_th_std=0.0266 buf=20000
[21:09:06][store=123000][DIAG] buf=20000 train_steps=9552 train_ratio=0.478 frozen=True no_improve=12 loss_ema=0.21680 delta_mae=0.3351 x_mae=0.4626 v_mae=0.5810 th_mae=0.0612 om_mae=0.2355 mean_dis=0.00556 vel_dis=0.01053 best_mae=0.2064 ready_mae_ok=True ready_vel_ok=True ready_dis_ok=True
[21:09:07][store=124000][DIST_SHIFT] x_ratio=0.843 v_ratio=0.964 th_ratio=0.943 om_ratio=0.889 old_th_std=0.0295 new_th_std=0.0278 buf=20000
[21:09:07][store=124000][DIAG] buf=20000 train_steps=9552 train_ratio=0.478 frozen=True no_improve=12 loss_ema=0.21680 delta_mae=0.3243 x_mae=0.4239 v_mae=0.5504 th_mae=0.0699 om_mae=0.2529 mean_dis=0.00531 vel_dis=0.01006 best_mae=0.2064 ready_mae_ok=True ready_vel_ok=True ready_dis_ok=True
[21:09:07][store=125000][DIST_SHIFT] x_ratio=0.835 v_ratio=0.963 th_ratio=0.988 om_ratio=0.948 old_th_std=0.0295 new_th_std=0.0292 buf=20000
[21:09:07][store=125000][DIAG] buf=20000 train_steps=9552 train_ratio=0.478 frozen=True no_improve=12 loss_ema=0.21680 delta_mae=0.3636 x_mae=0.5116 v_mae=0.5783 th_mae=0.0646 om_mae=0.2997 mean_dis=0.00540 vel_dis=0.01026 best_mae=0.2064 ready_mae_ok=False ready_vel_ok=True ready_dis_ok=True
[21:09:07][store=126000][DIST_SHIFT] x_ratio=0.877 v_ratio=1.038 th_ratio=0.965 om_ratio=1.064 old_th_std=0.0285 new_th_std=0.0275 buf=20000
[21:09:07][store=126000][DIAG] buf=20000 train_steps=9552 train_ratio=0.478 frozen=True no_improve=12 loss_ema=0.21680 delta_mae=0.2978 x_mae=0.4070 v_mae=0.4852 th_mae=0.0612 om_mae=0.2378 mean_dis=0.00523 vel_dis=0.00995 best_mae=0.2064 ready_mae_ok=True ready_vel_ok=True ready_dis_ok=True
[21:09:07][store=127000][DIST_SHIFT] x_ratio=0.980 v_ratio=1.065 th_ratio=0.978 om_ratio=1.061 old_th_std=0.0282 new_th_std=0.0276 buf=20000
[21:09:07][store=127000][DIAG] buf=20000 train_steps=9552 train_ratio=0.478 frozen=True no_improve=12 loss_ema=0.21680 delta_mae=0.3534 x_mae=0.4803 v_mae=0.6127 th_mae=0.0622 om_mae=0.2583 mean_dis=0.00564 vel_dis=0.01070 best_mae=0.2064 ready_mae_ok=True ready_vel_ok=False ready_dis_ok=True
[21:09:07][store=128000][DIST_SHIFT] x_ratio=1.048 v_ratio=0.972 th_ratio=1.144 om_ratio=0.882 old_th_std=0.0268 new_th_std=0.0306 buf=20000
[21:09:07][store=128000][DIAG] buf=20000 train_steps=9552 train_ratio=0.478 frozen=True no_improve=12 loss_ema=0.21680 delta_mae=0.3286 x_mae=0.4655 v_mae=0.5330 th_mae=0.0671 om_mae=0.2487 mean_dis=0.00549 vel_dis=0.01040 best_mae=0.2064 ready_mae_ok=True ready_vel_ok=True ready_dis_ok=True
[21:09:07][store=129000][DIST_SHIFT] x_ratio=1.171 v_ratio=1.048 th_ratio=1.251 om_ratio=1.029 old_th_std=0.0248 new_th_std=0.0310 buf=20000
[21:09:07][store=129000][DIAG] buf=20000 train_steps=9552 train_ratio=0.478 frozen=True no_improve=12 loss_ema=0.21680 delta_mae=0.3507 x_mae=0.4485 v_mae=0.5712 th_mae=0.0723 om_mae=0.3107 mean_dis=0.00533 vel_dis=0.01009 best_mae=0.2064 ready_mae_ok=True ready_vel_ok=True ready_dis_ok=True
[21:09:08][store=130000][DIST_SHIFT] x_ratio=1.157 v_ratio=1.092 th_ratio=1.334 om_ratio=1.050 old_th_std=0.0220 new_th_std=0.0294 buf=20000
[21:09:08][store=130000][DIAG] buf=20000 train_steps=9552 train_ratio=0.478 frozen=True no_improve=12 loss_ema=0.21680 delta_mae=0.3875 x_mae=0.5395 v_mae=0.6558 th_mae=0.0756 om_mae=0.2792 mean_dis=0.00569 vel_dis=0.01080 best_mae=0.2064 ready_mae_ok=False ready_vel_ok=False ready_dis_ok=True
[21:09:08][store=131000][DIST_SHIFT] x_ratio=1.094 v_ratio=1.080 th_ratio=1.519 om_ratio=0.984 old_th_std=0.0204 new_th_std=0.0309 buf=20000
[21:09:08][store=131000][DIAG] buf=20000 train_steps=9552 train_ratio=0.478 frozen=True no_improve=12 loss_ema=0.21680 delta_mae=0.3527 x_mae=0.4613 v_mae=0.5830 th_mae=0.0776 om_mae=0.2887 mean_dis=0.00535 vel_dis=0.01013 best_mae=0.2064 ready_mae_ok=True ready_vel_ok=True ready_dis_ok=True
[21:09:08][store=132000][DIST_SHIFT] x_ratio=0.992 v_ratio=1.007 th_ratio=1.306 om_ratio=1.037 old_th_std=0.0222 new_th_std=0.0290 buf=20000
[21:09:08][store=132000][DIAG] buf=20000 train_steps=9552 train_ratio=0.478 frozen=True no_improve=12 loss_ema=0.21680 delta_mae=0.3774 x_mae=0.5303 v_mae=0.6506 th_mae=0.0685 om_mae=0.2603 mean_dis=0.00575 vel_dis=0.01088 best_mae=0.2064 ready_mae_ok=False ready_vel_ok=False ready_dis_ok=True
[21:09:08][store=133000][DIST_SHIFT] x_ratio=1.048 v_ratio=1.045 th_ratio=1.168 om_ratio=1.357 old_th_std=0.0250 new_th_std=0.0292 buf=20000
[21:09:08][store=133000][DIAG] buf=20000 train_steps=9552 train_ratio=0.478 frozen=True no_improve=12 loss_ema=0.21680 delta_mae=0.4430 x_mae=0.5526 v_mae=0.7607 th_mae=0.0753 om_mae=0.3835 mean_dis=0.00563 vel_dis=0.01068 best_mae=0.2064 ready_mae_ok=False ready_vel_ok=False ready_dis_ok=True
[21:09:08][store=134000][DIST_SHIFT] x_ratio=1.034 v_ratio=1.031 th_ratio=0.989 om_ratio=1.356 old_th_std=0.0272 new_th_std=0.0269 buf=20000
[21:09:08][store=134000][DIAG] buf=20000 train_steps=9552 train_ratio=0.478 frozen=True no_improve=12 loss_ema=0.21680 delta_mae=0.4102 x_mae=0.5414 v_mae=0.7080 th_mae=0.0695 om_mae=0.3220 mean_dis=0.00528 vel_dis=0.00986 best_mae=0.2064 ready_mae_ok=False ready_vel_ok=False ready_dis_ok=True
[21:09:08][store=135000][DIST_SHIFT] x_ratio=0.978 v_ratio=0.994 th_ratio=1.047 om_ratio=1.190 old_th_std=0.0277 new_th_std=0.0290 buf=20000
[21:09:08][store=135000][DIAG] buf=20000 train_steps=9552 train_ratio=0.478 frozen=True no_improve=12 loss_ema=0.21680 delta_mae=0.3682 x_mae=0.4605 v_mae=0.6180 th_mae=0.0642 om_mae=0.3301 mean_dis=0.00479 vel_dis=0.00902 best_mae=0.2064 ready_mae_ok=False ready_vel_ok=False ready_dis_ok=True
[21:09:08][store=136000][DIST_SHIFT] x_ratio=1.019 v_ratio=0.978 th_ratio=0.929 om_ratio=1.145 old_th_std=0.0305 new_th_std=0.0283 buf=20000
[21:09:09][store=136000][DIAG] buf=20000 train_steps=9552 train_ratio=0.478 frozen=True no_improve=12 loss_ema=0.21680 delta_mae=0.3579 x_mae=0.3950 v_mae=0.6449 th_mae=0.0679 om_mae=0.3239 mean_dis=0.00523 vel_dis=0.00985 best_mae=0.2064 ready_mae_ok=True ready_vel_ok=False ready_dis_ok=True
[21:09:09][store=137000][DIST_SHIFT] x_ratio=1.036 v_ratio=1.021 th_ratio=0.949 om_ratio=1.049 old_th_std=0.0302 new_th_std=0.0287 buf=20000
[21:09:09][store=137000][DIAG] buf=20000 train_steps=9552 train_ratio=0.478 frozen=True no_improve=12 loss_ema=0.21680 delta_mae=0.3724 x_mae=0.4539 v_mae=0.6393 th_mae=0.0656 om_mae=0.3306 mean_dis=0.00546 vel_dis=0.01034 best_mae=0.2064 ready_mae_ok=False ready_vel_ok=False ready_dis_ok=True
[21:09:09][store=138000][DIST_SHIFT] x_ratio=1.084 v_ratio=1.047 th_ratio=1.017 om_ratio=0.917 old_th_std=0.0266 new_th_std=0.0270 buf=20000
[21:09:09][store=138000][DIAG] buf=20000 train_steps=9552 train_ratio=0.478 frozen=True no_improve=12 loss_ema=0.21680 delta_mae=0.3854 x_mae=0.5213 v_mae=0.6629 th_mae=0.0639 om_mae=0.2934 mean_dis=0.00500 vel_dis=0.00943 best_mae=0.2064 ready_mae_ok=False ready_vel_ok=False ready_dis_ok=True
[21:09:09][store=139000][DIST_SHIFT] x_ratio=1.160 v_ratio=1.149 th_ratio=1.020 om_ratio=0.926 old_th_std=0.0278 new_th_std=0.0283 buf=20000
[21:09:09][store=139000][DIAG] buf=20000 train_steps=9552 train_ratio=0.478 frozen=True no_improve=12 loss_ema=0.21680 delta_mae=0.3539 x_mae=0.4962 v_mae=0.5731 th_mae=0.0740 om_mae=0.2723 mean_dis=0.00561 vel_dis=0.01066 best_mae=0.2064 ready_mae_ok=True ready_vel_ok=True ready_dis_ok=True
[21:09:09][store=140000][DIST_SHIFT] x_ratio=1.280 v_ratio=1.173 th_ratio=0.900 om_ratio=1.017 old_th_std=0.0292 new_th_std=0.0262 buf=20000
[21:09:09][store=140000][DIAG] buf=20000 train_steps=9552 train_ratio=0.478 frozen=True no_improve=12 loss_ema=0.21680 delta_mae=0.3891 x_mae=0.5447 v_mae=0.6511 th_mae=0.0690 om_mae=0.2916 mean_dis=0.00537 vel_dis=0.01006 best_mae=0.2064 ready_mae_ok=False ready_vel_ok=False ready_dis_ok=True
[21:09:09][store=141000][DIST_SHIFT] x_ratio=1.206 v_ratio=1.132 th_ratio=1.032 om_ratio=0.953 old_th_std=0.0275 new_th_std=0.0283 buf=20000
[21:09:09][store=141000][DIAG] buf=20000 train_steps=9552 train_ratio=0.478 frozen=True no_improve=12 loss_ema=0.21680 delta_mae=0.3690 x_mae=0.4367 v_mae=0.6270 th_mae=0.0746 om_mae=0.3377 mean_dis=0.00566 vel_dis=0.01070 best_mae=0.2064 ready_mae_ok=False ready_vel_ok=False ready_dis_ok=True
[21:09:09][store=142000][DIST_SHIFT] x_ratio=1.186 v_ratio=1.033 th_ratio=1.099 om_ratio=1.005 old_th_std=0.0276 new_th_std=0.0304 buf=20000
[21:09:09][store=142000][DIAG] buf=20000 train_steps=9552 train_ratio=0.478 frozen=True no_improve=12 loss_ema=0.21680 delta_mae=0.3720 x_mae=0.4513 v_mae=0.6025 th_mae=0.0771 om_mae=0.3571 mean_dis=0.00536 vel_dis=0.01019 best_mae=0.2064 ready_mae_ok=False ready_vel_ok=False ready_dis_ok=True
[21:09:10][store=143000][DIST_SHIFT] x_ratio=1.156 v_ratio=1.079 th_ratio=0.978 om_ratio=1.083 old_th_std=0.0306 new_th_std=0.0299 buf=20000
[21:09:10][store=143000][DIAG] buf=20000 train_steps=9552 train_ratio=0.478 frozen=True no_improve=12 loss_ema=0.21680 delta_mae=0.3453 x_mae=0.4313 v_mae=0.5819 th_mae=0.0799 om_mae=0.2882 mean_dis=0.00536 vel_dis=0.01025 best_mae=0.2064 ready_mae_ok=True ready_vel_ok=True ready_dis_ok=True
[21:09:10][store=144000][DIST_SHIFT] x_ratio=1.122 v_ratio=1.073 th_ratio=0.970 om_ratio=1.030 old_th_std=0.0310 new_th_std=0.0301 buf=20000
[21:09:10][store=144000][DIAG] buf=20000 train_steps=9552 train_ratio=0.478 frozen=True no_improve=12 loss_ema=0.21680 delta_mae=0.3240 x_mae=0.3976 v_mae=0.5282 th_mae=0.0781 om_mae=0.2918 mean_dis=0.00564 vel_dis=0.01068 best_mae=0.2064 ready_mae_ok=True ready_vel_ok=True ready_dis_ok=True
[21:09:10][store=145000][DIST_SHIFT] x_ratio=1.000 v_ratio=1.057 th_ratio=1.043 om_ratio=0.987 old_th_std=0.0294 new_th_std=0.0306 buf=20000
[21:09:10][store=145000][DIAG] buf=20000 train_steps=9552 train_ratio=0.478 frozen=True no_improve=12 loss_ema=0.21680 delta_mae=0.4187 x_mae=0.5365 v_mae=0.6826 th_mae=0.0720 om_mae=0.3837 mean_dis=0.00551 vel_dis=0.01038 best_mae=0.2064 ready_mae_ok=False ready_vel_ok=False ready_dis_ok=True
[21:09:10][store=146000][DIST_SHIFT] x_ratio=1.108 v_ratio=1.028 th_ratio=0.977 om_ratio=1.040 old_th_std=0.0309 new_th_std=0.0302 buf=20000
[21:09:10][store=146000][DIAG] buf=20000 train_steps=9552 train_ratio=0.478 frozen=True no_improve=12 loss_ema=0.21680 delta_mae=0.3989 x_mae=0.5191 v_mae=0.6778 th_mae=0.0765 om_mae=0.3221 mean_dis=0.00529 vel_dis=0.01000 best_mae=0.2064 ready_mae_ok=False ready_vel_ok=False ready_dis_ok=True
[21:09:10][store=147000][DIST_SHIFT] x_ratio=1.084 v_ratio=0.954 th_ratio=1.033 om_ratio=1.037 old_th_std=0.0290 new_th_std=0.0300 buf=20000
[21:09:10][store=147000][DIAG] buf=20000 train_steps=9552 train_ratio=0.478 frozen=True no_improve=12 loss_ema=0.21680 delta_mae=0.3589 x_mae=0.4998 v_mae=0.5961 th_mae=0.0647 om_mae=0.2751 mean_dis=0.00542 vel_dis=0.01027 best_mae=0.2064 ready_mae_ok=True ready_vel_ok=True ready_dis_ok=True
[21:09:10][store=148000][DIST_SHIFT] x_ratio=0.990 v_ratio=0.797 th_ratio=1.061 om_ratio=0.940 old_th_std=0.0292 new_th_std=0.0310 buf=20000
[21:09:10][store=148000][DIAG] buf=20000 train_steps=9552 train_ratio=0.478 frozen=True no_improve=12 loss_ema=0.21680 delta_mae=0.3423 x_mae=0.4390 v_mae=0.5753 th_mae=0.0732 om_mae=0.2818 mean_dis=0.00564 vel_dis=0.01065 best_mae=0.2064 ready_mae_ok=True ready_vel_ok=True ready_dis_ok=True
[21:09:11][store=149000][DIST_SHIFT] x_ratio=0.873 v_ratio=0.785 th_ratio=1.045 om_ratio=0.959 old_th_std=0.0269 new_th_std=0.0281 buf=20000
[21:09:11][store=149000][DIAG] buf=20000 train_steps=9552 train_ratio=0.478 frozen=True no_improve=12 loss_ema=0.21680 delta_mae=0.3891 x_mae=0.5108 v_mae=0.6272 th_mae=0.0623 om_mae=0.3562 mean_dis=0.00524 vel_dis=0.00990 best_mae=0.2064 ready_mae_ok=False ready_vel_ok=False ready_dis_ok=True
[21:09:11][store=150000][DIST_SHIFT] x_ratio=0.847 v_ratio=0.754 th_ratio=0.959 om_ratio=1.088 old_th_std=0.0290 new_th_std=0.0278 buf=20000
[21:09:11][store=150000][DIAG] buf=20000 train_steps=9552 train_ratio=0.478 frozen=True no_improve=12 loss_ema=0.21680 delta_mae=0.2950 x_mae=0.3301 v_mae=0.5519 th_mae=0.0710 om_mae=0.2270 mean_dis=0.00521 vel_dis=0.00983 best_mae=0.2064 ready_mae_ok=True ready_vel_ok=True ready_dis_ok=True
[21:09:11][store=151000][DIST_SHIFT] x_ratio=0.772 v_ratio=0.800 th_ratio=0.945 om_ratio=1.119 old_th_std=0.0283 new_th_std=0.0267 buf=20000
[21:09:11][store=151000][DIAG] buf=20000 train_steps=9552 train_ratio=0.478 frozen=True no_improve=12 loss_ema=0.21680 delta_mae=0.3730 x_mae=0.5202 v_mae=0.6433 th_mae=0.0666 om_mae=0.2621 mean_dis=0.00624 vel_dis=0.01171 best_mae=0.2064 ready_mae_ok=False ready_vel_ok=False ready_dis_ok=True
[21:09:11][store=152000][DIST_SHIFT] x_ratio=0.765 v_ratio=0.950 th_ratio=0.877 om_ratio=1.060 old_th_std=0.0287 new_th_std=0.0251 buf=20000
[21:09:11][store=152000][DIAG] buf=20000 train_steps=9552 train_ratio=0.478 frozen=True no_improve=12 loss_ema=0.21680 delta_mae=0.4073 x_mae=0.5768 v_mae=0.7157 th_mae=0.0600 om_mae=0.2767 mean_dis=0.00498 vel_dis=0.00937 best_mae=0.2064 ready_mae_ok=False ready_vel_ok=False ready_dis_ok=True
[21:09:11][store=153000][DIST_SHIFT] x_ratio=0.784 v_ratio=0.880 th_ratio=0.883 om_ratio=1.133 old_th_std=0.0270 new_th_std=0.0239 buf=20000
[21:09:11][store=153000][DIAG] buf=20000 train_steps=9552 train_ratio=0.478 frozen=True no_improve=12 loss_ema=0.21680 delta_mae=0.3195 x_mae=0.4541 v_mae=0.5153 th_mae=0.0681 om_mae=0.2407 mean_dis=0.00553 vel_dis=0.01047 best_mae=0.2064 ready_mae_ok=True ready_vel_ok=True ready_dis_ok=True
[21:09:11][store=154000][DIST_SHIFT] x_ratio=0.795 v_ratio=0.917 th_ratio=0.912 om_ratio=1.073 old_th_std=0.0283 new_th_std=0.0258 buf=20000
[21:09:11][store=154000][DIAG] buf=20000 train_steps=9552 train_ratio=0.478 frozen=True no_improve=12 loss_ema=0.21680 delta_mae=0.3154 x_mae=0.4243 v_mae=0.5160 th_mae=0.0756 om_mae=0.2456 mean_dis=0.00517 vel_dis=0.00984 best_mae=0.2064 ready_mae_ok=True ready_vel_ok=True ready_dis_ok=True
[21:09:12][store=155000][DIST_SHIFT] x_ratio=0.766 v_ratio=0.965 th_ratio=1.047 om_ratio=0.897 old_th_std=0.0262 new_th_std=0.0275 buf=20000
[21:09:12][store=155000][DIAG] buf=20000 train_steps=9552 train_ratio=0.478 frozen=True no_improve=12 loss_ema=0.21680 delta_mae=0.2715 x_mae=0.3429 v_mae=0.4659 th_mae=0.0599 om_mae=0.2173 mean_dis=0.00570 vel_dis=0.01081 best_mae=0.2064 ready_mae_ok=True ready_vel_ok=True ready_dis_ok=True
[21:09:12][store=156000][DIST_SHIFT] x_ratio=0.841 v_ratio=1.018 th_ratio=1.037 om_ratio=0.913 old_th_std=0.0283 new_th_std=0.0294 buf=20000
[21:09:12][store=156000][DIAG] buf=20000 train_steps=9552 train_ratio=0.478 frozen=True no_improve=12 loss_ema=0.21680 delta_mae=0.3710 x_mae=0.4698 v_mae=0.6399 th_mae=0.0725 om_mae=0.3016 mean_dis=0.00565 vel_dis=0.01075 best_mae=0.2064 ready_mae_ok=False ready_vel_ok=False ready_dis_ok=True
[21:09:12][store=157000][DIST_SHIFT] x_ratio=0.836 v_ratio=1.037 th_ratio=0.964 om_ratio=0.907 old_th_std=0.0304 new_th_std=0.0293 buf=20000
[21:09:12][store=157000][DIAG] buf=20000 train_steps=9552 train_ratio=0.478 frozen=True no_improve=12 loss_ema=0.21680 delta_mae=0.3467 x_mae=0.4503 v_mae=0.5532 th_mae=0.0678 om_mae=0.3154 mean_dis=0.00571 vel_dis=0.01078 best_mae=0.2064 ready_mae_ok=True ready_vel_ok=True ready_dis_ok=True
[21:09:12][store=158000][DIST_SHIFT] x_ratio=0.851 v_ratio=0.982 th_ratio=0.955 om_ratio=0.951 old_th_std=0.0299 new_th_std=0.0286 buf=20000
[21:09:12][store=158000][DIAG] buf=20000 train_steps=9552 train_ratio=0.478 frozen=True no_improve=12 loss_ema=0.21680 delta_mae=0.3355 x_mae=0.4971 v_mae=0.5318 th_mae=0.0685 om_mae=0.2447 mean_dis=0.00574 vel_dis=0.01079 best_mae=0.2064 ready_mae_ok=True ready_vel_ok=True ready_dis_ok=True
[21:09:12][store=159000][DIST_SHIFT] x_ratio=0.854 v_ratio=0.880 th_ratio=0.921 om_ratio=0.910 old_th_std=0.0301 new_th_std=0.0277 buf=20000
[21:09:12][store=159000][DIAG] buf=20000 train_steps=9552 train_ratio=0.478 frozen=True no_improve=12 loss_ema=0.21680 delta_mae=0.3576 x_mae=0.5121 v_mae=0.6119 th_mae=0.0634 om_mae=0.2430 mean_dis=0.00499 vel_dis=0.00950 best_mae=0.2064 ready_mae_ok=True ready_vel_ok=False ready_dis_ok=True
[21:09:12][store=160000][DIST_SHIFT] x_ratio=0.959 v_ratio=0.879 th_ratio=0.949 om_ratio=0.940 old_th_std=0.0306 new_th_std=0.0291 buf=20000
[21:09:12][store=160000][DIAG] buf=20000 train_steps=9552 train_ratio=0.478 frozen=True no_improve=12 loss_ema=0.21680 delta_mae=0.3043 x_mae=0.3751 v_mae=0.4805 th_mae=0.0661 om_mae=0.2955 mean_dis=0.00544 vel_dis=0.01024 best_mae=0.2064 ready_mae_ok=True ready_vel_ok=True ready_dis_ok=True
[21:09:13][store=161000][DIST_SHIFT] x_ratio=0.890 v_ratio=0.904 th_ratio=0.831 om_ratio=0.951 old_th_std=0.0302 new_th_std=0.0251 buf=20000
[21:09:13][store=161000][DIAG] buf=20000 train_steps=9552 train_ratio=0.478 frozen=True no_improve=12 loss_ema=0.21680 delta_mae=0.3141 x_mae=0.4037 v_mae=0.5306 th_mae=0.0604 om_mae=0.2618 mean_dis=0.00496 vel_dis=0.00939 best_mae=0.2064 ready_mae_ok=True ready_vel_ok=True ready_dis_ok=True
[21:09:13][store=162000][DIST_SHIFT] x_ratio=0.923 v_ratio=0.971 th_ratio=0.887 om_ratio=1.006 old_th_std=0.0300 new_th_std=0.0266 buf=20000
[21:09:13][store=162000][DIAG] buf=20000 train_steps=9552 train_ratio=0.478 frozen=True no_improve=12 loss_ema=0.21680 delta_mae=0.3610 x_mae=0.5222 v_mae=0.5716 th_mae=0.0663 om_mae=0.2838 mean_dis=0.00475 vel_dis=0.00898 best_mae=0.2064 ready_mae_ok=False ready_vel_ok=True ready_dis_ok=True
[21:09:13][store=163000][DIST_SHIFT] x_ratio=1.030 v_ratio=1.176 th_ratio=0.785 om_ratio=1.052 old_th_std=0.0310 new_th_std=0.0243 buf=20000
[21:09:13][store=163000][DIAG] buf=20000 train_steps=9552 train_ratio=0.478 frozen=True no_improve=12 loss_ema=0.21680 delta_mae=0.4053 x_mae=0.5799 v_mae=0.6650 th_mae=0.0730 om_mae=0.3032 mean_dis=0.00507 vel_dis=0.00955 best_mae=0.2064 ready_mae_ok=False ready_vel_ok=False ready_dis_ok=True
[21:09:13][store=164000][DIST_SHIFT] x_ratio=1.163 v_ratio=1.236 th_ratio=0.862 om_ratio=1.038 old_th_std=0.0281 new_th_std=0.0242 buf=20000
[21:09:13][store=164000][DIAG] buf=20000 train_steps=9552 train_ratio=0.478 frozen=True no_improve=12 loss_ema=0.21680 delta_mae=0.3525 x_mae=0.4677 v_mae=0.5770 th_mae=0.0734 om_mae=0.2920 mean_dis=0.00526 vel_dis=0.00991 best_mae=0.2064 ready_mae_ok=True ready_vel_ok=True ready_dis_ok=True
[21:09:13][store=165000][DIST_SHIFT] x_ratio=1.257 v_ratio=1.383 th_ratio=0.906 om_ratio=0.945 old_th_std=0.0278 new_th_std=0.0252 buf=20000
[21:09:13][store=165000][DIAG] buf=20000 train_steps=9552 train_ratio=0.478 frozen=True no_improve=12 loss_ema=0.21680 delta_mae=0.3985 x_mae=0.5806 v_mae=0.6566 th_mae=0.0647 om_mae=0.2922 mean_dis=0.00503 vel_dis=0.00940 best_mae=0.2064 ready_mae_ok=False ready_vel_ok=False ready_dis_ok=True
[21:09:13][store=166000][DIST_SHIFT] x_ratio=1.267 v_ratio=1.394 th_ratio=1.062 om_ratio=0.897 old_th_std=0.0267 new_th_std=0.0284 buf=20000
[21:09:13][store=166000][DIAG] buf=20000 train_steps=9552 train_ratio=0.478 frozen=True no_improve=12 loss_ema=0.21680 delta_mae=0.3571 x_mae=0.4883 v_mae=0.5957 th_mae=0.0660 om_mae=0.2784 mean_dis=0.00509 vel_dis=0.00958 best_mae=0.2064 ready_mae_ok=True ready_vel_ok=True ready_dis_ok=True
[21:09:14][store=167000][DIST_SHIFT] x_ratio=1.344 v_ratio=1.149 th_ratio=1.199 om_ratio=0.918 old_th_std=0.0251 new_th_std=0.0301 buf=20000
[21:09:14][store=167000][DIAG] buf=20000 train_steps=9552 train_ratio=0.478 frozen=True no_improve=12 loss_ema=0.21680 delta_mae=0.3735 x_mae=0.5087 v_mae=0.5934 th_mae=0.0712 om_mae=0.3208 mean_dis=0.00536 vel_dis=0.01016 best_mae=0.2064 ready_mae_ok=False ready_vel_ok=True ready_dis_ok=True
[21:09:14][store=168000][DIST_SHIFT] x_ratio=1.168 v_ratio=1.192 th_ratio=1.237 om_ratio=0.952 old_th_std=0.0239 new_th_std=0.0295 buf=20000
[21:09:14][store=168000][DIAG] buf=20000 train_steps=9552 train_ratio=0.478 frozen=True no_improve=12 loss_ema=0.21680 delta_mae=0.3525 x_mae=0.4919 v_mae=0.5528 th_mae=0.0689 om_mae=0.2961 mean_dis=0.00505 vel_dis=0.00960 best_mae=0.2064 ready_mae_ok=True ready_vel_ok=True ready_dis_ok=True
[21:09:14][store=169000][DIST_SHIFT] x_ratio=1.098 v_ratio=1.052 th_ratio=1.112 om_ratio=1.055 old_th_std=0.0258 new_th_std=0.0287 buf=20000
[21:09:14][store=169000][DIAG] buf=20000 train_steps=9552 train_ratio=0.478 frozen=True no_improve=12 loss_ema=0.21680 delta_mae=0.3422 x_mae=0.4253 v_mae=0.5598 th_mae=0.0638 om_mae=0.3201 mean_dis=0.00538 vel_dis=0.01019 best_mae=0.2064 ready_mae_ok=True ready_vel_ok=True ready_dis_ok=True
[21:09:14][store=170000][DIST_SHIFT] x_ratio=1.007 v_ratio=0.893 th_ratio=1.066 om_ratio=1.083 old_th_std=0.0275 new_th_std=0.0293 buf=20000
[21:09:14][store=170000][DIAG] buf=20000 train_steps=9552 train_ratio=0.478 frozen=True no_improve=12 loss_ema=0.21680 delta_mae=0.3380 x_mae=0.4321 v_mae=0.4974 th_mae=0.0605 om_mae=0.3621 mean_dis=0.00522 vel_dis=0.00991 best_mae=0.2064 ready_mae_ok=True ready_vel_ok=True ready_dis_ok=True
[21:09:14][store=171000][DIST_SHIFT] x_ratio=0.942 v_ratio=0.901 th_ratio=0.980 om_ratio=1.091 old_th_std=0.0294 new_th_std=0.0288 buf=20000
[21:09:14][store=171000][DIAG] buf=20000 train_steps=9552 train_ratio=0.478 frozen=True no_improve=12 loss_ema=0.21680 delta_mae=0.4365 x_mae=0.5806 v_mae=0.7299 th_mae=0.0641 om_mae=0.3714 mean_dis=0.00523 vel_dis=0.00995 best_mae=0.2064 ready_mae_ok=False ready_vel_ok=False ready_dis_ok=True
[21:09:14][store=172000][DIST_SHIFT] x_ratio=0.931 v_ratio=0.894 th_ratio=0.925 om_ratio=1.032 old_th_std=0.0293 new_th_std=0.0271 buf=20000
[21:09:14][store=172000][DIAG] buf=20000 train_steps=9552 train_ratio=0.478 frozen=True no_improve=12 loss_ema=0.21680 delta_mae=0.3683 x_mae=0.5051 v_mae=0.5998 th_mae=0.0615 om_mae=0.3069 mean_dis=0.00491 vel_dis=0.00928 best_mae=0.2064 ready_mae_ok=False ready_vel_ok=True ready_dis_ok=True
[21:09:15][store=173000][DIST_SHIFT] x_ratio=0.862 v_ratio=0.913 th_ratio=0.923 om_ratio=0.916 old_th_std=0.0286 new_th_std=0.0264 buf=20000
[21:09:15][store=173000][DIAG] buf=20000 train_steps=9552 train_ratio=0.478 frozen=True no_improve=12 loss_ema=0.21680 delta_mae=0.3045 x_mae=0.4942 v_mae=0.4558 th_mae=0.0615 om_mae=0.2066 mean_dis=0.00532 vel_dis=0.01011 best_mae=0.2064 ready_mae_ok=True ready_vel_ok=True ready_dis_ok=True
[21:09:15][store=174000][DIST_SHIFT] x_ratio=0.935 v_ratio=0.945 th_ratio=0.932 om_ratio=0.893 old_th_std=0.0277 new_th_std=0.0258 buf=20000
[21:09:15][store=174000][DIAG] buf=20000 train_steps=9552 train_ratio=0.478 frozen=True no_improve=12 loss_ema=0.21680 delta_mae=0.3422 x_mae=0.4397 v_mae=0.6020 th_mae=0.0711 om_mae=0.2560 mean_dis=0.00526 vel_dis=0.00996 best_mae=0.2064 ready_mae_ok=True ready_vel_ok=False ready_dis_ok=True
[21:09:15][store=175000][DIST_SHIFT] x_ratio=1.020 v_ratio=0.970 th_ratio=0.823 om_ratio=0.873 old_th_std=0.0291 new_th_std=0.0239 buf=20000
[21:09:15][store=175000][DIAG] buf=20000 train_steps=9552 train_ratio=0.478 frozen=True no_improve=12 loss_ema=0.21680 delta_mae=0.3876 x_mae=0.5094 v_mae=0.6846 th_mae=0.0679 om_mae=0.2884 mean_dis=0.00554 vel_dis=0.01054 best_mae=0.2064 ready_mae_ok=False ready_vel_ok=False ready_dis_ok=True
[21:09:15][store=176000][DIST_SHIFT] x_ratio=1.166 v_ratio=0.938 th_ratio=0.918 om_ratio=0.786 old_th_std=0.0251 new_th_std=0.0231 buf=20000
[21:09:15][store=176000][DIAG] buf=20000 train_steps=9552 train_ratio=0.478 frozen=True no_improve=12 loss_ema=0.21680 delta_mae=0.3248 x_mae=0.4459 v_mae=0.5133 th_mae=0.0707 om_mae=0.2694 mean_dis=0.00533 vel_dis=0.01012 best_mae=0.2064 ready_mae_ok=True ready_vel_ok=True ready_dis_ok=True
[21:09:15][store=177000][DIST_SHIFT] x_ratio=1.207 v_ratio=0.972 th_ratio=0.966 om_ratio=0.938 old_th_std=0.0266 new_th_std=0.0257 buf=20000
[21:09:15][store=177000][DIAG] buf=20000 train_steps=9552 train_ratio=0.478 frozen=True no_improve=12 loss_ema=0.21680 delta_mae=0.3888 x_mae=0.5552 v_mae=0.6284 th_mae=0.0682 om_mae=0.3034 mean_dis=0.00513 vel_dis=0.00974 best_mae=0.2064 ready_mae_ok=False ready_vel_ok=False ready_dis_ok=True
[21:09:15][store=178000][DIST_SHIFT] x_ratio=1.132 v_ratio=0.960 th_ratio=1.136 om_ratio=0.914 old_th_std=0.0243 new_th_std=0.0276 buf=20000
[21:09:15][store=178000][DIAG] buf=20000 train_steps=9552 train_ratio=0.478 frozen=True no_improve=12 loss_ema=0.21680 delta_mae=0.3746 x_mae=0.4833 v_mae=0.6534 th_mae=0.0662 om_mae=0.2953 mean_dis=0.00519 vel_dis=0.00983 best_mae=0.2064 ready_mae_ok=False ready_vel_ok=False ready_dis_ok=True
[21:09:15][store=179000][DIST_SHIFT] x_ratio=1.071 v_ratio=0.943 th_ratio=1.186 om_ratio=0.943 old_th_std=0.0242 new_th_std=0.0287 buf=20000
[21:09:15][store=179000][DIAG] buf=20000 train_steps=9552 train_ratio=0.478 frozen=True no_improve=12 loss_ema=0.21680 delta_mae=0.3497 x_mae=0.4734 v_mae=0.5886 th_mae=0.0730 om_mae=0.2640 mean_dis=0.00517 vel_dis=0.00980 best_mae=0.2064 ready_mae_ok=True ready_vel_ok=True ready_dis_ok=True
[21:09:16][store=180000][DIST_SHIFT] x_ratio=1.086 v_ratio=0.865 th_ratio=1.203 om_ratio=1.068 old_th_std=0.0252 new_th_std=0.0303 buf=20000
[21:09:16][store=180000][DIAG] buf=20000 train_steps=9552 train_ratio=0.478 frozen=True no_improve=12 loss_ema=0.21680 delta_mae=0.3788 x_mae=0.4879 v_mae=0.6388 th_mae=0.0702 om_mae=0.3183 mean_dis=0.00574 vel_dis=0.01084 best_mae=0.2064 ready_mae_ok=False ready_vel_ok=False ready_dis_ok=True
[21:09:16][store=181000][DIST_SHIFT] x_ratio=1.040 v_ratio=0.766 th_ratio=1.064 om_ratio=1.153 old_th_std=0.0284 new_th_std=0.0302 buf=20000
[21:09:16][store=181000][DIAG] buf=20000 train_steps=9552 train_ratio=0.478 frozen=True no_improve=12 loss_ema=0.21680 delta_mae=0.3700 x_mae=0.5220 v_mae=0.6179 th_mae=0.0738 om_mae=0.2664 mean_dis=0.00511 vel_dis=0.00975 best_mae=0.2064 ready_mae_ok=False ready_vel_ok=False ready_dis_ok=True
[21:09:16][store=182000][DIST_SHIFT] x_ratio=0.990 v_ratio=0.747 th_ratio=0.969 om_ratio=1.087 old_th_std=0.0301 new_th_std=0.0292 buf=20000
[21:09:16][store=182000][DIAG] buf=20000 train_steps=9552 train_ratio=0.478 frozen=True no_improve=12 loss_ema=0.21680 delta_mae=0.4007 x_mae=0.5337 v_mae=0.6553 th_mae=0.0759 om_mae=0.3380 mean_dis=0.00535 vel_dis=0.01010 best_mae=0.2064 ready_mae_ok=False ready_vel_ok=False ready_dis_ok=True
[21:09:16][store=183000][DIST_SHIFT] x_ratio=0.984 v_ratio=0.729 th_ratio=1.001 om_ratio=0.958 old_th_std=0.0295 new_th_std=0.0296 buf=20000
[21:09:16][store=183000][DIAG] buf=20000 train_steps=9552 train_ratio=0.478 frozen=True no_improve=12 loss_ema=0.21680 delta_mae=0.3916 x_mae=0.5767 v_mae=0.6287 th_mae=0.0723 om_mae=0.2887 mean_dis=0.00541 vel_dis=0.01024 best_mae=0.2064 ready_mae_ok=False ready_vel_ok=False ready_dis_ok=True
[21:09:16][store=184000][DIST_SHIFT] x_ratio=1.012 v_ratio=0.767 th_ratio=1.007 om_ratio=0.981 old_th_std=0.0287 new_th_std=0.0289 buf=20000
[21:09:16][store=184000][DIAG] buf=20000 train_steps=9552 train_ratio=0.478 frozen=True no_improve=12 loss_ema=0.21680 delta_mae=0.3590 x_mae=0.4943 v_mae=0.6154 th_mae=0.0680 om_mae=0.2582 mean_dis=0.00555 vel_dis=0.01054 best_mae=0.2064 ready_mae_ok=True ready_vel_ok=False ready_dis_ok=True
[21:09:16][store=185000][DIST_SHIFT] x_ratio=1.049 v_ratio=0.950 th_ratio=0.965 om_ratio=0.981 old_th_std=0.0293 new_th_std=0.0283 buf=20000
[21:09:16][store=185000][DIAG] buf=20000 train_steps=9552 train_ratio=0.478 frozen=True no_improve=12 loss_ema=0.21680 delta_mae=0.3996 x_mae=0.5402 v_mae=0.6788 th_mae=0.0657 om_mae=0.3136 mean_dis=0.00532 vel_dis=0.01011 best_mae=0.2064 ready_mae_ok=False ready_vel_ok=False ready_dis_ok=True
[21:09:17][store=186000][DIST_SHIFT] x_ratio=1.059 v_ratio=0.994 th_ratio=0.953 om_ratio=1.003 old_th_std=0.0288 new_th_std=0.0275 buf=20000
[21:09:17][store=186000][DIAG] buf=20000 train_steps=9552 train_ratio=0.478 frozen=True no_improve=12 loss_ema=0.21680 delta_mae=0.4124 x_mae=0.5452 v_mae=0.6907 th_mae=0.0774 om_mae=0.3364 mean_dis=0.00542 vel_dis=0.01031 best_mae=0.2064 ready_mae_ok=False ready_vel_ok=False ready_dis_ok=True
[21:09:17][store=187000][DIST_SHIFT] x_ratio=1.029 v_ratio=1.090 th_ratio=0.958 om_ratio=1.041 old_th_std=0.0271 new_th_std=0.0260 buf=20000
[21:09:17][store=187000][DIAG] buf=20000 train_steps=9552 train_ratio=0.478 frozen=True no_improve=12 loss_ema=0.21680 delta_mae=0.3435 x_mae=0.4278 v_mae=0.5809 th_mae=0.0776 om_mae=0.2876 mean_dis=0.00522 vel_dis=0.00994 best_mae=0.2064 ready_mae_ok=True ready_vel_ok=True ready_dis_ok=True
[21:09:17][store=188000][DIST_SHIFT] x_ratio=1.151 v_ratio=1.175 th_ratio=0.948 om_ratio=1.186 old_th_std=0.0264 new_th_std=0.0250 buf=20000
[21:09:17][store=188000][DIAG] buf=20000 train_steps=9552 train_ratio=0.478 frozen=True no_improve=12 loss_ema=0.21680 delta_mae=0.3862 x_mae=0.5284 v_mae=0.5936 th_mae=0.0799 om_mae=0.3428 mean_dis=0.00576 vel_dis=0.01085 best_mae=0.2064 ready_mae_ok=False ready_vel_ok=True ready_dis_ok=True
[21:09:17][store=189000][DIST_SHIFT] x_ratio=1.079 v_ratio=1.198 th_ratio=0.993 om_ratio=1.184 old_th_std=0.0258 new_th_std=0.0257 buf=20000
[21:09:17][store=189000][DIAG] buf=20000 train_steps=9552 train_ratio=0.478 frozen=True no_improve=12 loss_ema=0.21680 delta_mae=0.4067 x_mae=0.5544 v_mae=0.6403 th_mae=0.0769 om_mae=0.3554 mean_dis=0.00545 vel_dis=0.01033 best_mae=0.2064 ready_mae_ok=False ready_vel_ok=False ready_dis_ok=True
[21:09:17][store=190000][DIST_SHIFT] x_ratio=0.987 v_ratio=1.163 th_ratio=1.034 om_ratio=1.198 old_th_std=0.0239 new_th_std=0.0247 buf=20000
[21:09:17][store=190000][DIAG] buf=20000 train_steps=9552 train_ratio=0.478 frozen=True no_improve=12 loss_ema=0.21680 delta_mae=0.4187 x_mae=0.5607 v_mae=0.7256 th_mae=0.0755 om_mae=0.3130 mean_dis=0.00547 vel_dis=0.01042 best_mae=0.2064 ready_mae_ok=False ready_vel_ok=False ready_dis_ok=True
[21:09:17][store=191000][DIST_SHIFT] x_ratio=0.773 v_ratio=1.194 th_ratio=1.218 om_ratio=1.185 old_th_std=0.0231 new_th_std=0.0281 buf=20000
[21:09:17][store=191000][DIAG] buf=20000 train_steps=9552 train_ratio=0.478 frozen=True no_improve=12 loss_ema=0.21680 delta_mae=0.4073 x_mae=0.5629 v_mae=0.6928 th_mae=0.0738 om_mae=0.2998 mean_dis=0.00579 vel_dis=0.01095 best_mae=0.2064 ready_mae_ok=False ready_vel_ok=False ready_dis_ok=True
[21:09:18][store=192000][DIST_SHIFT] x_ratio=0.809 v_ratio=1.136 th_ratio=1.142 om_ratio=1.045 old_th_std=0.0257 new_th_std=0.0293 buf=20000
[21:09:18][store=192000][DIAG] buf=20000 train_steps=9552 train_ratio=0.478 frozen=True no_improve=12 loss_ema=0.21680 delta_mae=0.4140 x_mae=0.5706 v_mae=0.6591 th_mae=0.0782 om_mae=0.3480 mean_dis=0.00564 vel_dis=0.01071 best_mae=0.2064 ready_mae_ok=False ready_vel_ok=False ready_dis_ok=True
[21:09:18][store=193000][DIST_SHIFT] x_ratio=0.789 v_ratio=0.991 th_ratio=1.065 om_ratio=1.060 old_th_std=0.0276 new_th_std=0.0294 buf=20000
[21:09:18][store=193000][DIAG] buf=20000 train_steps=9552 train_ratio=0.478 frozen=True no_improve=12 loss_ema=0.21680 delta_mae=0.4039 x_mae=0.5603 v_mae=0.6889 th_mae=0.0752 om_mae=0.2910 mean_dis=0.00583 vel_dis=0.01112 best_mae=0.2064 ready_mae_ok=False ready_vel_ok=False ready_dis_ok=True
[21:09:18][store=194000][DIST_SHIFT] x_ratio=0.956 v_ratio=0.876 th_ratio=0.912 om_ratio=0.978 old_th_std=0.0287 new_th_std=0.0262 buf=20000
[21:09:18][store=194000][DIAG] buf=20000 train_steps=9552 train_ratio=0.478 frozen=True no_improve=12 loss_ema=0.21680 delta_mae=0.3728 x_mae=0.5071 v_mae=0.6064 th_mae=0.0742 om_mae=0.3034 mean_dis=0.00548 vel_dis=0.01037 best_mae=0.2064 ready_mae_ok=False ready_vel_ok=False ready_dis_ok=True
[21:09:18][store=195000][DIST_SHIFT] x_ratio=0.959 v_ratio=0.832 th_ratio=0.935 om_ratio=0.908 old_th_std=0.0303 new_th_std=0.0283 buf=20000
[21:09:18][store=195000][DIAG] buf=20000 train_steps=9552 train_ratio=0.478 frozen=True no_improve=12 loss_ema=0.21680 delta_mae=0.3724 x_mae=0.4752 v_mae=0.5881 th_mae=0.0729 om_mae=0.3537 mean_dis=0.00539 vel_dis=0.01023 best_mae=0.2064 ready_mae_ok=False ready_vel_ok=True ready_dis_ok=True
[21:09:18][store=196000][DIST_SHIFT] x_ratio=1.053 v_ratio=0.836 th_ratio=0.778 om_ratio=0.889 old_th_std=0.0302 new_th_std=0.0235 buf=20000
[21:09:18][store=196000][DIAG] buf=20000 train_steps=9552 train_ratio=0.478 frozen=True no_improve=12 loss_ema=0.21680 delta_mae=0.4272 x_mae=0.5627 v_mae=0.7305 th_mae=0.0737 om_mae=0.3421 mean_dis=0.00564 vel_dis=0.01076 best_mae=0.2064 ready_mae_ok=False ready_vel_ok=False ready_dis_ok=True
[21:09:18][store=197000][DIST_SHIFT] x_ratio=1.033 v_ratio=0.925 th_ratio=0.792 om_ratio=0.816 old_th_std=0.0292 new_th_std=0.0231 buf=20000
[21:09:18][store=197000][DIAG] buf=20000 train_steps=9552 train_ratio=0.478 frozen=True no_improve=12 loss_ema=0.21680 delta_mae=0.3575 x_mae=0.4253 v_mae=0.5762 th_mae=0.0716 om_mae=0.3567 mean_dis=0.00560 vel_dis=0.01063 best_mae=0.2064 ready_mae_ok=True ready_vel_ok=True ready_dis_ok=True
[21:09:19][store=198000][DIST_SHIFT] x_ratio=1.080 v_ratio=1.018 th_ratio=0.879 om_ratio=0.859 old_th_std=0.0296 new_th_std=0.0260 buf=20000
[21:09:19][store=198000][DIAG] buf=20000 train_steps=9552 train_ratio=0.478 frozen=True no_improve=12 loss_ema=0.21680 delta_mae=0.3761 x_mae=0.5141 v_mae=0.5720 th_mae=0.0787 om_mae=0.3395 mean_dis=0.00568 vel_dis=0.01075 best_mae=0.2064 ready_mae_ok=False ready_vel_ok=True ready_dis_ok=True
[21:09:19][store=199000][DIST_SHIFT] x_ratio=0.924 v_ratio=1.192 th_ratio=0.883 om_ratio=0.830 old_th_std=0.0289 new_th_std=0.0256 buf=20000
[21:09:19][store=199000][DIAG] buf=20000 train_steps=9552 train_ratio=0.478 frozen=True no_improve=12 loss_ema=0.21680 delta_mae=0.3913 x_mae=0.5493 v_mae=0.6086 th_mae=0.0727 om_mae=0.3346 mean_dis=0.00537 vel_dis=0.01017 best_mae=0.2064 ready_mae_ok=False ready_vel_ok=False ready_dis_ok=True
[21:09:19][store=200000][DIST_SHIFT] x_ratio=0.933 v_ratio=1.185 th_ratio=0.887 om_ratio=0.847 old_th_std=0.0283 new_th_std=0.0251 buf=20000
[21:09:19][store=200000][DIAG] buf=20000 train_steps=9552 train_ratio=0.478 frozen=True no_improve=12 loss_ema=0.21680 delta_mae=0.3451 x_mae=0.4891 v_mae=0.5346 th_mae=0.0722 om_mae=0.2846 mean_dis=0.00591 vel_dis=0.01120 best_mae=0.2064 ready_mae_ok=True ready_vel_ok=True ready_dis_ok=True
[21:09:19][store=201000][DIST_SHIFT] x_ratio=0.956 v_ratio=1.135 th_ratio=0.969 om_ratio=0.888 old_th_std=0.0275 new_th_std=0.0266 buf=20000
[21:09:19][store=201000][DIAG] buf=20000 train_steps=9552 train_ratio=0.478 frozen=True no_improve=12 loss_ema=0.21680 delta_mae=0.4108 x_mae=0.5262 v_mae=0.6980 th_mae=0.0766 om_mae=0.3422 mean_dis=0.00539 vel_dis=0.01024 best_mae=0.2064 ready_mae_ok=False ready_vel_ok=False ready_dis_ok=True
[21:09:19][store=202000][DIST_SHIFT] x_ratio=0.994 v_ratio=1.056 th_ratio=1.038 om_ratio=0.968 old_th_std=0.0260 new_th_std=0.0269 buf=20000
[21:09:19][store=202000][DIAG] buf=20000 train_steps=9552 train_ratio=0.478 frozen=True no_improve=12 loss_ema=0.21680 delta_mae=0.3252 x_mae=0.4310 v_mae=0.5116 th_mae=0.0654 om_mae=0.2926 mean_dis=0.00566 vel_dis=0.01074 best_mae=0.2064 ready_mae_ok=True ready_vel_ok=True ready_dis_ok=True
[21:09:19][store=203000][DIST_SHIFT] x_ratio=0.950 v_ratio=0.959 th_ratio=0.990 om_ratio=0.828 old_th_std=0.0250 new_th_std=0.0248 buf=20000
[21:09:19][store=203000][DIAG] buf=20000 train_steps=9552 train_ratio=0.478 frozen=True no_improve=12 loss_ema=0.21680 delta_mae=0.4160 x_mae=0.5454 v_mae=0.6812 th_mae=0.0714 om_mae=0.3662 mean_dis=0.00540 vel_dis=0.01024 best_mae=0.2064 ready_mae_ok=False ready_vel_ok=False ready_dis_ok=True
[21:09:20][store=204000][DIST_SHIFT] x_ratio=0.874 v_ratio=0.999 th_ratio=0.981 om_ratio=0.916 old_th_std=0.0257 new_th_std=0.0252 buf=20000
[21:09:20][store=204000][DIAG] buf=20000 train_steps=9552 train_ratio=0.478 frozen=True no_improve=12 loss_ema=0.21680 delta_mae=0.3972 x_mae=0.5310 v_mae=0.6578 th_mae=0.0725 om_mae=0.3272 mean_dis=0.00554 vel_dis=0.01057 best_mae=0.2064 ready_mae_ok=False ready_vel_ok=False ready_dis_ok=True
[21:09:20][store=205000][DIST_SHIFT] x_ratio=0.833 v_ratio=0.911 th_ratio=1.104 om_ratio=0.884 old_th_std=0.0247 new_th_std=0.0273 buf=20000
[21:09:20][store=205000][DIAG] buf=20000 train_steps=9552 train_ratio=0.478 frozen=True no_improve=12 loss_ema=0.21680 delta_mae=0.3591 x_mae=0.5006 v_mae=0.5645 th_mae=0.0646 om_mae=0.3066 mean_dis=0.00532 vel_dis=0.01014 best_mae=0.2064 ready_mae_ok=True ready_vel_ok=True ready_dis_ok=True
[21:09:20][store=206000][DIST_SHIFT] x_ratio=0.998 v_ratio=0.841 th_ratio=0.962 om_ratio=0.968 old_th_std=0.0281 new_th_std=0.0270 buf=20000
[21:09:20][store=206000][DIAG] buf=20000 train_steps=9552 train_ratio=0.478 frozen=True no_improve=12 loss_ema=0.21680 delta_mae=0.3482 x_mae=0.4310 v_mae=0.6004 th_mae=0.0687 om_mae=0.2927 mean_dis=0.00549 vel_dis=0.01042 best_mae=0.2064 ready_mae_ok=True ready_vel_ok=False ready_dis_ok=True
[21:09:20][store=207000][DIST_SHIFT] x_ratio=1.048 v_ratio=0.853 th_ratio=0.965 om_ratio=0.813 old_th_std=0.0293 new_th_std=0.0283 buf=20000
[21:09:20][store=207000][DIAG] buf=20000 train_steps=9552 train_ratio=0.478 frozen=True no_improve=12 loss_ema=0.21680 delta_mae=0.3072 x_mae=0.4272 v_mae=0.4824 th_mae=0.0627 om_mae=0.2566 mean_dis=0.00527 vel_dis=0.00992 best_mae=0.2064 ready_mae_ok=True ready_vel_ok=True ready_dis_ok=True
[21:09:20][store=208000][DIST_SHIFT] x_ratio=1.098 v_ratio=0.923 th_ratio=0.988 om_ratio=0.850 old_th_std=0.0294 new_th_std=0.0290 buf=20000
[21:09:20][store=208000][DIAG] buf=20000 train_steps=9552 train_ratio=0.478 frozen=True no_improve=12 loss_ema=0.21680 delta_mae=0.3354 x_mae=0.4087 v_mae=0.5529 th_mae=0.0666 om_mae=0.3131 mean_dis=0.00541 vel_dis=0.01031 best_mae=0.2064 ready_mae_ok=True ready_vel_ok=True ready_dis_ok=True
[21:09:20][store=209000][DIST_SHIFT] x_ratio=0.935 v_ratio=1.005 th_ratio=1.150 om_ratio=0.917 old_th_std=0.0262 new_th_std=0.0301 buf=20000
[21:09:20][store=209000][DIAG] buf=20000 train_steps=9552 train_ratio=0.478 frozen=True no_improve=12 loss_ema=0.21680 delta_mae=0.3291 x_mae=0.4058 v_mae=0.5612 th_mae=0.0659 om_mae=0.2835 mean_dis=0.00510 vel_dis=0.00973 best_mae=0.2064 ready_mae_ok=True ready_vel_ok=True ready_dis_ok=True
[21:09:20][store=210000][DIST_SHIFT] x_ratio=0.987 v_ratio=1.079 th_ratio=1.116 om_ratio=1.001 old_th_std=0.0283 new_th_std=0.0316 buf=20000
[21:09:20][store=210000][DIAG] buf=20000 train_steps=9552 train_ratio=0.478 frozen=True no_improve=12 loss_ema=0.21680 delta_mae=0.3474 x_mae=0.4820 v_mae=0.5380 th_mae=0.0715 om_mae=0.2980 mean_dis=0.00553 vel_dis=0.01044 best_mae=0.2064 ready_mae_ok=True ready_vel_ok=True ready_dis_ok=True
[21:09:21][store=211000][DIST_SHIFT] x_ratio=1.022 v_ratio=1.163 th_ratio=1.377 om_ratio=1.010 old_th_std=0.0235 new_th_std=0.0324 buf=20000
[21:09:21][store=211000][DIAG] buf=20000 train_steps=9552 train_ratio=0.478 frozen=True no_improve=12 loss_ema=0.21680 delta_mae=0.3199 x_mae=0.4576 v_mae=0.5136 th_mae=0.0705 om_mae=0.2377 mean_dis=0.00521 vel_dis=0.00995 best_mae=0.2064 ready_mae_ok=True ready_vel_ok=True ready_dis_ok=True
[21:09:21][store=212000][DIST_SHIFT] x_ratio=1.050 v_ratio=1.185 th_ratio=1.315 om_ratio=1.232 old_th_std=0.0231 new_th_std=0.0304 buf=20000
[21:09:21][store=212000][DIAG] buf=20000 train_steps=9552 train_ratio=0.478 frozen=True no_improve=12 loss_ema=0.21680 delta_mae=0.3478 x_mae=0.4625 v_mae=0.5370 th_mae=0.0631 om_mae=0.3285 mean_dis=0.00502 vel_dis=0.00957 best_mae=0.2064 ready_mae_ok=True ready_vel_ok=True ready_dis_ok=True
[21:09:21][store=213000][DIST_SHIFT] x_ratio=0.972 v_ratio=1.134 th_ratio=1.214 om_ratio=1.257 old_th_std=0.0260 new_th_std=0.0315 buf=20000
[21:09:21][store=213000][DIAG] buf=20000 train_steps=9552 train_ratio=0.478 frozen=True no_improve=12 loss_ema=0.21680 delta_mae=0.3309 x_mae=0.4505 v_mae=0.5543 th_mae=0.0625 om_mae=0.2562 mean_dis=0.00546 vel_dis=0.01039 best_mae=0.2064 ready_mae_ok=True ready_vel_ok=True ready_dis_ok=True
[21:09:21][store=214000][DIST_SHIFT] x_ratio=1.017 v_ratio=0.928 th_ratio=1.208 om_ratio=1.218 old_th_std=0.0256 new_th_std=0.0309 buf=20000
[21:09:21][store=214000][DIAG] buf=20000 train_steps=9552 train_ratio=0.478 frozen=True no_improve=12 loss_ema=0.21680 delta_mae=0.3432 x_mae=0.4602 v_mae=0.5683 th_mae=0.0580 om_mae=0.2864 mean_dis=0.00527 vel_dis=0.00990 best_mae=0.2064 ready_mae_ok=True ready_vel_ok=True ready_dis_ok=True
[21:09:21][store=215000][DIST_SHIFT] x_ratio=0.955 v_ratio=0.828 th_ratio=1.118 om_ratio=1.163 old_th_std=0.0251 new_th_std=0.0280 buf=20000
[21:09:21][store=215000][DIAG] buf=20000 train_steps=9552 train_ratio=0.478 frozen=True no_improve=12 loss_ema=0.21680 delta_mae=0.3191 x_mae=0.3816 v_mae=0.5052 th_mae=0.0676 om_mae=0.3220 mean_dis=0.00510 vel_dis=0.00972 best_mae=0.2064 ready_mae_ok=True ready_vel_ok=True ready_dis_ok=True
[21:09:21][store=216000][DIST_SHIFT] x_ratio=0.798 v_ratio=0.794 th_ratio=1.120 om_ratio=0.953 old_th_std=0.0266 new_th_std=0.0298 buf=20000
[21:09:21][store=216000][DIAG] buf=20000 train_steps=9552 train_ratio=0.478 frozen=True no_improve=12 loss_ema=0.21680 delta_mae=0.3271 x_mae=0.4272 v_mae=0.5378 th_mae=0.0765 om_mae=0.2668 mean_dis=0.00538 vel_dis=0.01026 best_mae=0.2064 ready_mae_ok=True ready_vel_ok=True ready_dis_ok=True
[21:09:22][store=217000][DIST_SHIFT] x_ratio=0.700 v_ratio=0.758 th_ratio=1.114 om_ratio=0.870 old_th_std=0.0269 new_th_std=0.0300 buf=20000
[21:09:22][store=217000][DIAG] buf=20000 train_steps=9552 train_ratio=0.478 frozen=True no_improve=12 loss_ema=0.21680 delta_mae=0.3454 x_mae=0.4245 v_mae=0.5694 th_mae=0.0641 om_mae=0.3238 mean_dis=0.00469 vel_dis=0.00901 best_mae=0.2064 ready_mae_ok=True ready_vel_ok=True ready_dis_ok=True
[21:09:22][store=218000][DIST_SHIFT] x_ratio=0.765 v_ratio=0.769 th_ratio=1.146 om_ratio=0.950 old_th_std=0.0248 new_th_std=0.0284 buf=20000
[21:09:22][store=218000][DIAG] buf=20000 train_steps=9552 train_ratio=0.478 frozen=True no_improve=12 loss_ema=0.21680 delta_mae=0.3134 x_mae=0.3864 v_mae=0.5440 th_mae=0.0669 om_mae=0.2564 mean_dis=0.00560 vel_dis=0.01059 best_mae=0.2064 ready_mae_ok=True ready_vel_ok=True ready_dis_ok=True
[21:09:22][store=219000][DIST_SHIFT] x_ratio=0.974 v_ratio=0.803 th_ratio=1.149 om_ratio=0.950 old_th_std=0.0252 new_th_std=0.0289 buf=20000
[21:09:22][store=219000][DIAG] buf=20000 train_steps=9552 train_ratio=0.478 frozen=True no_improve=12 loss_ema=0.21680 delta_mae=0.3281 x_mae=0.4283 v_mae=0.5471 th_mae=0.0658 om_mae=0.2713 mean_dis=0.00545 vel_dis=0.01039 best_mae=0.2064 ready_mae_ok=True ready_vel_ok=True ready_dis_ok=True
[21:09:22][store=220000][DIST_SHIFT] x_ratio=1.044 v_ratio=0.943 th_ratio=1.034 om_ratio=1.092 old_th_std=0.0273 new_th_std=0.0282 buf=20000
[21:09:22][store=220000][DIAG] buf=20000 train_steps=9552 train_ratio=0.478 frozen=True no_improve=12 loss_ema=0.21680 delta_mae=0.2771 x_mae=0.3493 v_mae=0.4597 th_mae=0.0720 om_mae=0.2275 mean_dis=0.00533 vel_dis=0.01004 best_mae=0.2064 ready_mae_ok=True ready_vel_ok=True ready_dis_ok=True
[21:09:22][store=221000][DIST_SHIFT] x_ratio=0.997 v_ratio=1.055 th_ratio=0.955 om_ratio=1.180 old_th_std=0.0270 new_th_std=0.0258 buf=20000
[21:09:22][store=221000][DIAG] buf=20000 train_steps=9552 train_ratio=0.478 frozen=True no_improve=12 loss_ema=0.21680 delta_mae=0.3352 x_mae=0.4236 v_mae=0.5405 th_mae=0.0807 om_mae=0.2960 mean_dis=0.00497 vel_dis=0.00942 best_mae=0.2064 ready_mae_ok=True ready_vel_ok=True ready_dis_ok=True
[21:09:22][store=222000][DIST_SHIFT] x_ratio=0.911 v_ratio=0.997 th_ratio=0.944 om_ratio=1.359 old_th_std=0.0283 new_th_std=0.0267 buf=20000
[21:09:22][store=222000][DIAG] buf=20000 train_steps=9552 train_ratio=0.478 frozen=True no_improve=12 loss_ema=0.21680 delta_mae=0.3403 x_mae=0.4372 v_mae=0.5626 th_mae=0.0687 om_mae=0.2926 mean_dis=0.00572 vel_dis=0.01076 best_mae=0.2064 ready_mae_ok=True ready_vel_ok=True ready_dis_ok=True
[21:09:23][store=223000][DIST_SHIFT] x_ratio=1.086 v_ratio=1.074 th_ratio=0.908 om_ratio=1.270 old_th_std=0.0290 new_th_std=0.0264 buf=20000
[21:09:23][store=223000][DIAG] buf=20000 train_steps=9552 train_ratio=0.478 frozen=True no_improve=12 loss_ema=0.21680 delta_mae=0.2948 x_mae=0.4350 v_mae=0.4498 th_mae=0.0623 om_mae=0.2321 mean_dis=0.00548 vel_dis=0.01038 best_mae=0.2064 ready_mae_ok=True ready_vel_ok=True ready_dis_ok=True
[21:09:23][store=224000][DIST_SHIFT] x_ratio=1.034 v_ratio=1.224 th_ratio=0.794 om_ratio=1.236 old_th_std=0.0301 new_th_std=0.0239 buf=20000
[21:09:23][store=224000][DIAG] buf=20000 train_steps=9552 train_ratio=0.478 frozen=True no_improve=12 loss_ema=0.21680 delta_mae=0.3572 x_mae=0.4348 v_mae=0.6155 th_mae=0.0685 om_mae=0.3099 mean_dis=0.00514 vel_dis=0.00971 best_mae=0.2064 ready_mae_ok=True ready_vel_ok=False ready_dis_ok=True
[21:09:23][store=225000][DIST_SHIFT] x_ratio=0.914 v_ratio=1.210 th_ratio=0.782 om_ratio=1.031 old_th_std=0.0316 new_th_std=0.0247 buf=20000
[21:09:23][store=225000][DIAG] buf=20000 train_steps=9552 train_ratio=0.478 frozen=True no_improve=12 loss_ema=0.21680 delta_mae=0.3541 x_mae=0.4763 v_mae=0.5446 th_mae=0.0689 om_mae=0.3265 mean_dis=0.00530 vel_dis=0.00999 best_mae=0.2064 ready_mae_ok=True ready_vel_ok=True ready_dis_ok=True
[21:09:23][store=226000][DIST_SHIFT] x_ratio=0.713 v_ratio=1.208 th_ratio=0.798 om_ratio=1.067 old_th_std=0.0324 new_th_std=0.0258 buf=20000
[21:09:23][store=226000][DIAG] buf=20000 train_steps=9552 train_ratio=0.478 frozen=True no_improve=12 loss_ema=0.21680 delta_mae=0.3442 x_mae=0.4947 v_mae=0.5517 th_mae=0.0697 om_mae=0.2608 mean_dis=0.00507 vel_dis=0.00963 best_mae=0.2064 ready_mae_ok=True ready_vel_ok=True ready_dis_ok=True
[21:09:23][store=227000][DIST_SHIFT] x_ratio=0.737 v_ratio=1.109 th_ratio=0.886 om_ratio=1.043 old_th_std=0.0304 new_th_std=0.0269 buf=20000
[21:09:23][store=227000][DIAG] buf=20000 train_steps=9552 train_ratio=0.478 frozen=True no_improve=12 loss_ema=0.21680 delta_mae=0.3565 x_mae=0.4449 v_mae=0.6271 th_mae=0.0722 om_mae=0.2818 mean_dis=0.00523 vel_dis=0.00988 best_mae=0.2064 ready_mae_ok=True ready_vel_ok=False ready_dis_ok=True
[21:09:23][store=228000][DIST_SHIFT] x_ratio=0.872 v_ratio=1.007 th_ratio=0.861 om_ratio=0.952 old_th_std=0.0315 new_th_std=0.0271 buf=20000
[21:09:23][store=228000][DIAG] buf=20000 train_steps=9552 train_ratio=0.478 frozen=True no_improve=12 loss_ema=0.21680 delta_mae=0.3571 x_mae=0.4223 v_mae=0.5915 th_mae=0.0728 om_mae=0.3419 mean_dis=0.00523 vel_dis=0.00993 best_mae=0.2064 ready_mae_ok=True ready_vel_ok=True ready_dis_ok=True
[21:09:24][store=229000][DIST_SHIFT] x_ratio=1.107 v_ratio=0.946 th_ratio=0.979 om_ratio=0.916 old_th_std=0.0309 new_th_std=0.0302 buf=20000
[21:09:24][store=229000][DIAG] buf=20000 train_steps=9552 train_ratio=0.478 frozen=True no_improve=12 loss_ema=0.21680 delta_mae=0.3501 x_mae=0.5125 v_mae=0.5482 th_mae=0.0634 om_mae=0.2762 mean_dis=0.00491 vel_dis=0.00928 best_mae=0.2064 ready_mae_ok=True ready_vel_ok=True ready_dis_ok=True
[21:09:24][store=230000][DIST_SHIFT] x_ratio=1.178 v_ratio=1.001 th_ratio=1.087 om_ratio=1.029 old_th_std=0.0280 new_th_std=0.0304 buf=20000
[21:09:24][store=230000][DIAG] buf=20000 train_steps=9552 train_ratio=0.478 frozen=True no_improve=12 loss_ema=0.21680 delta_mae=0.3743 x_mae=0.5468 v_mae=0.6011 th_mae=0.0643 om_mae=0.2849 mean_dis=0.00572 vel_dis=0.01085 best_mae=0.2064 ready_mae_ok=False ready_vel_ok=False ready_dis_ok=True
[21:09:24][store=231000][DIST_SHIFT] x_ratio=1.336 v_ratio=1.012 th_ratio=0.977 om_ratio=1.170 old_th_std=0.0298 new_th_std=0.0291 buf=20000
[21:09:24][store=231000][DIAG] buf=20000 train_steps=9552 train_ratio=0.478 frozen=True no_improve=12 loss_ema=0.21680 delta_mae=0.3565 x_mae=0.5574 v_mae=0.5497 th_mae=0.0678 om_mae=0.2513 mean_dis=0.00553 vel_dis=0.01052 best_mae=0.2064 ready_mae_ok=True ready_vel_ok=True ready_dis_ok=True
[21:09:24][store=232000][DIST_SHIFT] x_ratio=1.499 v_ratio=1.021 th_ratio=0.987 om_ratio=1.085 old_th_std=0.0300 new_th_std=0.0296 buf=20000
[21:09:24][store=232000][DIAG] buf=20000 train_steps=9552 train_ratio=0.478 frozen=True no_improve=12 loss_ema=0.21680 delta_mae=0.3353 x_mae=0.4678 v_mae=0.5152 th_mae=0.0629 om_mae=0.2952 mean_dis=0.00554 vel_dis=0.01047 best_mae=0.2064 ready_mae_ok=True ready_vel_ok=True ready_dis_ok=True
[21:09:24][store=233000][DIST_SHIFT] x_ratio=1.303 v_ratio=1.051 th_ratio=1.069 om_ratio=1.072 old_th_std=0.0284 new_th_std=0.0304 buf=20000
[21:09:24][store=233000][DIAG] buf=20000 train_steps=9552 train_ratio=0.478 frozen=True no_improve=12 loss_ema=0.21680 delta_mae=0.3450 x_mae=0.4708 v_mae=0.5454 th_mae=0.0606 om_mae=0.3031 mean_dis=0.00518 vel_dis=0.00981 best_mae=0.2064 ready_mae_ok=True ready_vel_ok=True ready_dis_ok=True
[21:09:24][store=234000][DIST_SHIFT] x_ratio=1.037 v_ratio=0.997 th_ratio=1.040 om_ratio=1.015 old_th_std=0.0289 new_th_std=0.0300 buf=20000
[21:09:24][store=234000][DIAG] buf=20000 train_steps=9552 train_ratio=0.478 frozen=True no_improve=12 loss_ema=0.21680 delta_mae=0.3296 x_mae=0.5045 v_mae=0.4995 th_mae=0.0641 om_mae=0.2504 mean_dis=0.00538 vel_dis=0.01011 best_mae=0.2064 ready_mae_ok=True ready_vel_ok=True ready_dis_ok=True
[21:09:25][store=235000][DIST_SHIFT] x_ratio=1.107 v_ratio=0.921 th_ratio=1.012 om_ratio=0.950 old_th_std=0.0282 new_th_std=0.0286 buf=20000
[21:09:25][store=235000][DIAG] buf=20000 train_steps=9552 train_ratio=0.478 frozen=True no_improve=12 loss_ema=0.21680 delta_mae=0.3255 x_mae=0.4612 v_mae=0.5079 th_mae=0.0580 om_mae=0.2749 mean_dis=0.00560 vel_dis=0.01058 best_mae=0.2064 ready_mae_ok=True ready_vel_ok=True ready_dis_ok=True
[21:09:25][store=236000][DIST_SHIFT] x_ratio=1.088 v_ratio=0.898 th_ratio=1.149 om_ratio=0.826 old_th_std=0.0258 new_th_std=0.0297 buf=20000
[21:09:25][store=236000][DIAG] buf=20000 train_steps=9552 train_ratio=0.478 frozen=True no_improve=12 loss_ema=0.21680 delta_mae=0.3716 x_mae=0.5500 v_mae=0.5606 th_mae=0.0611 om_mae=0.3147 mean_dis=0.00508 vel_dis=0.00945 best_mae=0.2064 ready_mae_ok=False ready_vel_ok=True ready_dis_ok=True
[21:09:25][store=237000][DIST_SHIFT] x_ratio=1.120 v_ratio=0.984 th_ratio=1.154 om_ratio=0.774 old_th_std=0.0267 new_th_std=0.0308 buf=20000
[21:09:25][store=237000][DIAG] buf=20000 train_steps=9552 train_ratio=0.478 frozen=True no_improve=12 loss_ema=0.21680 delta_mae=0.3852 x_mae=0.5327 v_mae=0.6116 th_mae=0.0646 om_mae=0.3320 mean_dis=0.00493 vel_dis=0.00914 best_mae=0.2064 ready_mae_ok=False ready_vel_ok=False ready_dis_ok=True
[21:09:25][store=238000][DIST_SHIFT] x_ratio=0.981 v_ratio=0.915 th_ratio=1.131 om_ratio=0.828 old_th_std=0.0264 new_th_std=0.0298 buf=20000
[21:09:25][store=238000][DIAG] buf=20000 train_steps=9552 train_ratio=0.478 frozen=True no_improve=12 loss_ema=0.21680 delta_mae=0.3629 x_mae=0.5482 v_mae=0.5281 th_mae=0.0687 om_mae=0.3066 mean_dis=0.00555 vel_dis=0.01039 best_mae=0.2064 ready_mae_ok=False ready_vel_ok=True ready_dis_ok=True
[21:09:25][store=239000][DIST_SHIFT] x_ratio=1.052 v_ratio=0.863 th_ratio=1.286 om_ratio=0.793 old_th_std=0.0239 new_th_std=0.0308 buf=20000
[21:09:25][store=239000][DIAG] buf=20000 train_steps=9552 train_ratio=0.478 frozen=True no_improve=12 loss_ema=0.21680 delta_mae=0.3301 x_mae=0.4566 v_mae=0.5045 th_mae=0.0605 om_mae=0.2989 mean_dis=0.00537 vel_dis=0.01019 best_mae=0.2064 ready_mae_ok=True ready_vel_ok=True ready_dis_ok=True
[21:09:25][store=240000][DIST_SHIFT] x_ratio=1.049 v_ratio=0.929 th_ratio=1.165 om_ratio=0.880 old_th_std=0.0247 new_th_std=0.0288 buf=20000
[21:09:25][store=240000][DIAG] buf=20000 train_steps=9552 train_ratio=0.478 frozen=True no_improve=12 loss_ema=0.21680 delta_mae=0.3078 x_mae=0.3697 v_mae=0.4837 th_mae=0.0647 om_mae=0.3131 mean_dis=0.00520 vel_dis=0.00977 best_mae=0.2064 ready_mae_ok=True ready_vel_ok=True ready_dis_ok=True
[21:09:25][store=241000][DIST_SHIFT] x_ratio=1.282 v_ratio=0.929 th_ratio=1.083 om_ratio=0.858 old_th_std=0.0258 new_th_std=0.0280 buf=20000
[21:09:25][store=241000][DIAG] buf=20000 train_steps=9552 train_ratio=0.478 frozen=True no_improve=12 loss_ema=0.21680 delta_mae=0.3940 x_mae=0.5937 v_mae=0.6184 th_mae=0.0662 om_mae=0.2975 mean_dis=0.00468 vel_dis=0.00877 best_mae=0.2064 ready_mae_ok=False ready_vel_ok=False ready_dis_ok=True
[21:09:26][store=242000][DIST_SHIFT] x_ratio=1.226 v_ratio=0.892 th_ratio=1.123 om_ratio=0.874 old_th_std=0.0269 new_th_std=0.0302 buf=20000
[21:09:26][store=242000][DIAG] buf=20000 train_steps=9552 train_ratio=0.478 frozen=True no_improve=12 loss_ema=0.21680 delta_mae=0.3443 x_mae=0.5037 v_mae=0.5053 th_mae=0.0609 om_mae=0.3075 mean_dis=0.00541 vel_dis=0.01019 best_mae=0.2064 ready_mae_ok=True ready_vel_ok=True ready_dis_ok=True
[21:09:26][store=243000][DIST_SHIFT] x_ratio=1.075 v_ratio=1.047 th_ratio=1.085 om_ratio=1.006 old_th_std=0.0271 new_th_std=0.0294 buf=20000
[21:09:26][store=243000][DIAG] buf=20000 train_steps=9552 train_ratio=0.478 frozen=True no_improve=12 loss_ema=0.21680 delta_mae=0.3672 x_mae=0.5578 v_mae=0.5611 th_mae=0.0588 om_mae=0.2910 mean_dis=0.00530 vel_dis=0.01001 best_mae=0.2064 ready_mae_ok=False ready_vel_ok=True ready_dis_ok=True
[21:09:26][store=244000][DIST_SHIFT] x_ratio=0.865 v_ratio=1.350 th_ratio=0.921 om_ratio=1.072 old_th_std=0.0302 new_th_std=0.0278 buf=20000
[21:09:26][store=244000][DIAG] buf=20000 train_steps=9552 train_ratio=0.478 frozen=True no_improve=12 loss_ema=0.21680 delta_mae=0.3220 x_mae=0.4557 v_mae=0.4863 th_mae=0.0576 om_mae=0.2884 mean_dis=0.00489 vel_dis=0.00919 best_mae=0.2064 ready_mae_ok=True ready_vel_ok=True ready_dis_ok=True
[21:09:26][store=245000][DIST_SHIFT] x_ratio=0.938 v_ratio=1.214 th_ratio=0.980 om_ratio=1.102 old_th_std=0.0304 new_th_std=0.0298 buf=20000
[21:09:26][store=245000][DIAG] buf=20000 train_steps=9552 train_ratio=0.478 frozen=True no_improve=12 loss_ema=0.21680 delta_mae=0.3209 x_mae=0.4465 v_mae=0.4672 th_mae=0.0632 om_mae=0.3068 mean_dis=0.00536 vel_dis=0.01011 best_mae=0.2064 ready_mae_ok=True ready_vel_ok=True ready_dis_ok=True
[21:09:26][store=246000][DIST_SHIFT] x_ratio=1.010 v_ratio=1.094 th_ratio=0.989 om_ratio=1.108 old_th_std=0.0291 new_th_std=0.0288 buf=20000
[21:09:26][store=246000][DIAG] buf=20000 train_steps=9552 train_ratio=0.478 frozen=True no_improve=12 loss_ema=0.21680 delta_mae=0.3637 x_mae=0.5339 v_mae=0.5164 th_mae=0.0682 om_mae=0.3362 mean_dis=0.00561 vel_dis=0.01063 best_mae=0.2064 ready_mae_ok=False ready_vel_ok=True ready_dis_ok=True
[21:09:26][store=247000][DIST_SHIFT] x_ratio=0.995 v_ratio=1.235 th_ratio=0.906 om_ratio=1.166 old_th_std=0.0296 new_th_std=0.0268 buf=20000
[21:09:26][store=247000][DIAG] buf=20000 train_steps=9552 train_ratio=0.478 frozen=True no_improve=12 loss_ema=0.21680 delta_mae=0.3409 x_mae=0.5037 v_mae=0.5126 th_mae=0.0515 om_mae=0.2958 mean_dis=0.00532 vel_dis=0.00999 best_mae=0.2064 ready_mae_ok=True ready_vel_ok=True ready_dis_ok=True
[21:09:27][store=248000][DIST_SHIFT] x_ratio=1.088 v_ratio=1.136 th_ratio=0.857 om_ratio=1.134 old_th_std=0.0304 new_th_std=0.0260 buf=20000
[21:09:27][store=248000][DIAG] buf=20000 train_steps=9552 train_ratio=0.478 frozen=True no_improve=12 loss_ema=0.21680 delta_mae=0.3670 x_mae=0.5046 v_mae=0.5212 th_mae=0.0665 om_mae=0.3756 mean_dis=0.00518 vel_dis=0.00975 best_mae=0.2064 ready_mae_ok=False ready_vel_ok=True ready_dis_ok=True
[21:09:27][store=249000][DIST_SHIFT] x_ratio=1.226 v_ratio=0.922 th_ratio=0.886 om_ratio=1.152 old_th_std=0.0300 new_th_std=0.0266 buf=20000
[21:09:27][store=249000][DIAG] buf=20000 train_steps=9552 train_ratio=0.478 frozen=True no_improve=12 loss_ema=0.21680 delta_mae=0.3597 x_mae=0.4782 v_mae=0.5392 th_mae=0.0622 om_mae=0.3593 mean_dis=0.00532 vel_dis=0.00991 best_mae=0.2064 ready_mae_ok=True ready_vel_ok=True ready_dis_ok=True
[21:09:27][store=250000][DIST_SHIFT] x_ratio=1.138 v_ratio=1.033 th_ratio=0.891 om_ratio=1.108 old_th_std=0.0286 new_th_std=0.0255 buf=20000
[21:09:27][store=250000][DIAG] buf=20000 train_steps=9552 train_ratio=0.478 frozen=True no_improve=12 loss_ema=0.21680 delta_mae=0.3349 x_mae=0.4727 v_mae=0.4931 th_mae=0.0598 om_mae=0.3140 mean_dis=0.00533 vel_dis=0.00998 best_mae=0.2064 ready_mae_ok=True ready_vel_ok=True ready_dis_ok=True
[21:09:27][store=251000][DIST_SHIFT] x_ratio=1.154 v_ratio=1.063 th_ratio=0.929 om_ratio=1.087 old_th_std=0.0297 new_th_std=0.0276 buf=20000
[21:09:27][store=251000][DIAG] buf=20000 train_steps=9552 train_ratio=0.478 frozen=True no_improve=12 loss_ema=0.21680 delta_mae=0.3677 x_mae=0.5481 v_mae=0.5547 th_mae=0.0738 om_mae=0.2943 mean_dis=0.00519 vel_dis=0.00975 best_mae=0.2064 ready_mae_ok=False ready_vel_ok=True ready_dis_ok=True
[21:09:27][store=252000][DIST_SHIFT] x_ratio=1.176 v_ratio=1.098 th_ratio=0.856 om_ratio=1.037 old_th_std=0.0308 new_th_std=0.0264 buf=20000
[21:09:27][store=252000][DIAG] buf=20000 train_steps=9552 train_ratio=0.478 frozen=True no_improve=12 loss_ema=0.21680 delta_mae=0.3786 x_mae=0.5339 v_mae=0.5822 th_mae=0.0701 om_mae=0.3280 mean_dis=0.00508 vel_dis=0.00963 best_mae=0.2064 ready_mae_ok=False ready_vel_ok=True ready_dis_ok=True
[21:09:27][store=253000][DIST_SHIFT] x_ratio=1.091 v_ratio=1.109 th_ratio=0.975 om_ratio=1.122 old_th_std=0.0298 new_th_std=0.0291 buf=20000
[21:09:27][store=253000][DIAG] buf=20000 train_steps=9552 train_ratio=0.478 frozen=True no_improve=12 loss_ema=0.21680 delta_mae=0.3459 x_mae=0.4487 v_mae=0.5384 th_mae=0.0607 om_mae=0.3357 mean_dis=0.00485 vel_dis=0.00914 best_mae=0.2064 ready_mae_ok=True ready_vel_ok=True ready_dis_ok=True
[21:09:28][store=254000][DIST_SHIFT] x_ratio=1.011 v_ratio=1.057 th_ratio=0.869 om_ratio=1.189 old_th_std=0.0308 new_th_std=0.0267 buf=20000
[21:09:28][store=254000][DIAG] buf=20000 train_steps=9552 train_ratio=0.478 frozen=True no_improve=12 loss_ema=0.21680 delta_mae=0.3908 x_mae=0.5130 v_mae=0.6567 th_mae=0.0645 om_mae=0.3291 mean_dis=0.00482 vel_dis=0.00911 best_mae=0.2064 ready_mae_ok=False ready_vel_ok=False ready_dis_ok=True
[21:09:28][store=255000][DIST_SHIFT] x_ratio=1.045 v_ratio=0.751 th_ratio=0.985 om_ratio=1.084 old_th_std=0.0288 new_th_std=0.0284 buf=20000
[21:09:28][store=255000][DIAG] buf=20000 train_steps=9552 train_ratio=0.478 frozen=True no_improve=12 loss_ema=0.21680 delta_mae=0.3751 x_mae=0.4826 v_mae=0.5813 th_mae=0.0594 om_mae=0.3772 mean_dis=0.00535 vel_dis=0.01009 best_mae=0.2064 ready_mae_ok=False ready_vel_ok=True ready_dis_ok=True
[21:09:28][store=256000][DIST_SHIFT] x_ratio=0.993 v_ratio=0.616 th_ratio=1.000 om_ratio=1.019 old_th_std=0.0280 new_th_std=0.0280 buf=20000
[21:09:28][store=256000][DIAG] buf=20000 train_steps=9552 train_ratio=0.478 frozen=True no_improve=12 loss_ema=0.21680 delta_mae=0.3541 x_mae=0.5201 v_mae=0.5410 th_mae=0.0587 om_mae=0.2964 mean_dis=0.00520 vel_dis=0.00981 best_mae=0.2064 ready_mae_ok=True ready_vel_ok=True ready_dis_ok=True
[21:09:28][store=257000][DIST_SHIFT] x_ratio=0.947 v_ratio=0.633 th_ratio=0.979 om_ratio=0.971 old_th_std=0.0302 new_th_std=0.0296 buf=20000
[21:09:28][store=257000][DIAG] buf=20000 train_steps=9552 train_ratio=0.478 frozen=True no_improve=12 loss_ema=0.21680 delta_mae=0.3296 x_mae=0.4574 v_mae=0.5354 th_mae=0.0692 om_mae=0.2566 mean_dis=0.00565 vel_dis=0.01072 best_mae=0.2064 ready_mae_ok=True ready_vel_ok=True ready_dis_ok=True
[21:09:28][store=258000][DIST_SHIFT] x_ratio=1.051 v_ratio=0.766 th_ratio=0.935 om_ratio=0.787 old_th_std=0.0294 new_th_std=0.0275 buf=20000
[21:09:28][store=258000][DIAG] buf=20000 train_steps=9552 train_ratio=0.478 frozen=True no_improve=12 loss_ema=0.21680 delta_mae=0.3393 x_mae=0.5105 v_mae=0.5214 th_mae=0.0579 om_mae=0.2675 mean_dis=0.00519 vel_dis=0.00981 best_mae=0.2064 ready_mae_ok=True ready_vel_ok=True ready_dis_ok=True
[21:09:28][store=259000][DIST_SHIFT] x_ratio=1.052 v_ratio=0.792 th_ratio=1.055 om_ratio=0.760 old_th_std=0.0278 new_th_std=0.0294 buf=20000
[21:09:28][store=259000][DIAG] buf=20000 train_steps=9552 train_ratio=0.478 frozen=True no_improve=12 loss_ema=0.21680 delta_mae=0.3627 x_mae=0.4560 v_mae=0.5733 th_mae=0.0610 om_mae=0.3604 mean_dis=0.00543 vel_dis=0.01030 best_mae=0.2064 ready_mae_ok=False ready_vel_ok=True ready_dis_ok=True
[21:09:29][store=260000][DIST_SHIFT] x_ratio=0.956 v_ratio=0.971 th_ratio=0.973 om_ratio=0.766 old_th_std=0.0298 new_th_std=0.0290 buf=20000
[21:09:29][store=260000][DIAG] buf=20000 train_steps=9552 train_ratio=0.478 frozen=True no_improve=12 loss_ema=0.21680 delta_mae=0.3456 x_mae=0.4802 v_mae=0.5499 th_mae=0.0637 om_mae=0.2888 mean_dis=0.00541 vel_dis=0.01023 best_mae=0.2064 ready_mae_ok=True ready_vel_ok=True ready_dis_ok=True
[21:09:29][store=261000][DIST_SHIFT] x_ratio=0.881 v_ratio=1.171 th_ratio=1.038 om_ratio=0.781 old_th_std=0.0288 new_th_std=0.0299 buf=20000
[21:09:29][store=261000][DIAG] buf=20000 train_steps=9552 train_ratio=0.478 frozen=True no_improve=12 loss_ema=0.21680 delta_mae=0.3403 x_mae=0.4631 v_mae=0.5069 th_mae=0.0619 om_mae=0.3293 mean_dis=0.00531 vel_dis=0.01009 best_mae=0.2064 ready_mae_ok=True ready_vel_ok=True ready_dis_ok=True
[21:09:29][store=262000][DIST_SHIFT] x_ratio=0.900 v_ratio=1.094 th_ratio=1.168 om_ratio=0.811 old_th_std=0.0268 new_th_std=0.0313 buf=20000
[21:09:29][store=262000][DIAG] buf=20000 train_steps=9552 train_ratio=0.478 frozen=True no_improve=12 loss_ema=0.21680 delta_mae=0.4281 x_mae=0.6071 v_mae=0.7183 th_mae=0.0708 om_mae=0.3162 mean_dis=0.00519 vel_dis=0.00985 best_mae=0.2064 ready_mae_ok=False ready_vel_ok=False ready_dis_ok=True
[21:09:29][store=263000][DIST_SHIFT] x_ratio=0.799 v_ratio=1.197 th_ratio=1.215 om_ratio=0.972 old_th_std=0.0260 new_th_std=0.0316 buf=20000
[21:09:29][store=263000][DIAG] buf=20000 train_steps=9552 train_ratio=0.478 frozen=True no_improve=12 loss_ema=0.21680 delta_mae=0.3778 x_mae=0.5543 v_mae=0.5846 th_mae=0.0699 om_mae=0.3022 mean_dis=0.00523 vel_dis=0.00994 best_mae=0.2064 ready_mae_ok=False ready_vel_ok=True ready_dis_ok=True
[21:09:29][store=264000][DIST_SHIFT] x_ratio=0.836 v_ratio=1.441 th_ratio=1.158 om_ratio=0.937 old_th_std=0.0266 new_th_std=0.0308 buf=20000
[21:09:29][store=264000][DIAG] buf=20000 train_steps=9552 train_ratio=0.478 frozen=True no_improve=12 loss_ema=0.21680 delta_mae=0.3779 x_mae=0.5226 v_mae=0.6609 th_mae=0.0724 om_mae=0.2559 mean_dis=0.00518 vel_dis=0.00977 best_mae=0.2064 ready_mae_ok=False ready_vel_ok=False ready_dis_ok=True
[21:09:29][store=265000][DIST_SHIFT] x_ratio=0.771 v_ratio=1.226 th_ratio=1.170 om_ratio=0.968 old_th_std=0.0255 new_th_std=0.0298 buf=20000
[21:09:29][store=265000][DIAG] buf=20000 train_steps=9552 train_ratio=0.478 frozen=True no_improve=12 loss_ema=0.21680 delta_mae=0.3751 x_mae=0.5238 v_mae=0.5626 th_mae=0.0684 om_mae=0.3457 mean_dis=0.00489 vel_dis=0.00928 best_mae=0.2064 ready_mae_ok=False ready_vel_ok=True ready_dis_ok=True
[21:09:29][store=266000][DIST_SHIFT] x_ratio=0.886 v_ratio=1.121 th_ratio=1.133 om_ratio=1.110 old_th_std=0.0276 new_th_std=0.0312 buf=20000
[21:09:29][store=266000][DIAG] buf=20000 train_steps=9552 train_ratio=0.478 frozen=True no_improve=12 loss_ema=0.21680 delta_mae=0.3880 x_mae=0.5535 v_mae=0.6305 th_mae=0.0776 om_mae=0.2904 mean_dis=0.00486 vel_dis=0.00932 best_mae=0.2064 ready_mae_ok=False ready_vel_ok=False ready_dis_ok=True
[21:09:30][store=267000][DIST_SHIFT] x_ratio=0.905 v_ratio=1.026 th_ratio=1.191 om_ratio=1.154 old_th_std=0.0264 new_th_std=0.0314 buf=20000
[21:09:30][store=267000][DIAG] buf=20000 train_steps=9552 train_ratio=0.478 frozen=True no_improve=12 loss_ema=0.21680 delta_mae=0.3845 x_mae=0.5559 v_mae=0.6467 th_mae=0.0686 om_mae=0.2666 mean_dis=0.00535 vel_dis=0.01017 best_mae=0.2064 ready_mae_ok=False ready_vel_ok=False ready_dis_ok=True
[21:09:30][store=268000][DIST_SHIFT] x_ratio=0.957 v_ratio=1.011 th_ratio=1.036 om_ratio=0.981 old_th_std=0.0291 new_th_std=0.0301 buf=20000
[21:09:30][store=268000][DIAG] buf=20000 train_steps=9552 train_ratio=0.478 frozen=True no_improve=12 loss_ema=0.21680 delta_mae=0.3882 x_mae=0.5748 v_mae=0.6393 th_mae=0.0639 om_mae=0.2748 mean_dis=0.00542 vel_dis=0.01023 best_mae=0.2064 ready_mae_ok=False ready_vel_ok=False ready_dis_ok=True
[21:09:30][store=269000][DIST_SHIFT] x_ratio=0.935 v_ratio=0.957 th_ratio=1.112 om_ratio=0.978 old_th_std=0.0267 new_th_std=0.0297 buf=20000
[21:09:30][store=269000][DIAG] buf=20000 train_steps=9552 train_ratio=0.478 frozen=True no_improve=12 loss_ema=0.21680 delta_mae=0.3603 x_mae=0.5424 v_mae=0.5659 th_mae=0.0750 om_mae=0.2578 mean_dis=0.00529 vel_dis=0.00998 best_mae=0.2064 ready_mae_ok=False ready_vel_ok=True ready_dis_ok=True
[21:09:30][store=270000][DIST_SHIFT] x_ratio=1.016 v_ratio=1.285 th_ratio=1.058 om_ratio=1.065 old_th_std=0.0284 new_th_std=0.0300 buf=20000
[21:09:30][store=270000][DIAG] buf=20000 train_steps=9552 train_ratio=0.478 frozen=True no_improve=12 loss_ema=0.21680 delta_mae=0.3989 x_mae=0.6108 v_mae=0.6689 th_mae=0.0730 om_mae=0.2428 mean_dis=0.00563 vel_dis=0.01069 best_mae=0.2064 ready_mae_ok=False ready_vel_ok=False ready_dis_ok=True
[21:09:30][store=271000][DIST_SHIFT] x_ratio=0.984 v_ratio=1.611 th_ratio=1.009 om_ratio=1.059 old_th_std=0.0280 new_th_std=0.0282 buf=20000
[21:09:30][store=271000][DIAG] buf=20000 train_steps=9552 train_ratio=0.478 frozen=True no_improve=12 loss_ema=0.21680 delta_mae=0.3418 x_mae=0.4511 v_mae=0.5699 th_mae=0.0664 om_mae=0.2796 mean_dis=0.00531 vel_dis=0.01003 best_mae=0.2064 ready_mae_ok=True ready_vel_ok=True ready_dis_ok=True
[21:09:30][store=272000][DIST_SHIFT] x_ratio=0.947 v_ratio=1.638 th_ratio=0.926 om_ratio=1.025 old_th_std=0.0296 new_th_std=0.0274 buf=20000
[21:09:30][store=272000][DIAG] buf=20000 train_steps=9552 train_ratio=0.478 frozen=True no_improve=12 loss_ema=0.21680 delta_mae=0.3353 x_mae=0.4762 v_mae=0.5607 th_mae=0.0654 om_mae=0.2389 mean_dis=0.00528 vel_dis=0.00999 best_mae=0.2064 ready_mae_ok=True ready_vel_ok=True ready_dis_ok=True
[21:09:31][store=273000][DIST_SHIFT] x_ratio=0.828 v_ratio=1.216 th_ratio=1.023 om_ratio=1.332 old_th_std=0.0275 new_th_std=0.0281 buf=20000
[21:09:31][store=273000][DIAG] buf=20000 train_steps=9552 train_ratio=0.478 frozen=True no_improve=12 loss_ema=0.21680 delta_mae=0.3364 x_mae=0.4711 v_mae=0.5499 th_mae=0.0626 om_mae=0.2620 mean_dis=0.00495 vel_dis=0.00945 best_mae=0.2064 ready_mae_ok=True ready_vel_ok=True ready_dis_ok=True
[21:09:31][store=274000][DIST_SHIFT] x_ratio=0.932 v_ratio=1.047 th_ratio=0.979 om_ratio=1.379 old_th_std=0.0294 new_th_std=0.0287 buf=20000
[21:09:31][store=274000][DIAG] buf=20000 train_steps=9552 train_ratio=0.478 frozen=True no_improve=12 loss_ema=0.21680 delta_mae=0.3808 x_mae=0.5553 v_mae=0.5817 th_mae=0.0638 om_mae=0.3225 mean_dis=0.00523 vel_dis=0.00985 best_mae=0.2064 ready_mae_ok=False ready_vel_ok=True ready_dis_ok=True
[21:09:31][store=275000][DIST_SHIFT] x_ratio=0.901 v_ratio=0.727 th_ratio=1.014 om_ratio=1.184 old_th_std=0.0290 new_th_std=0.0294 buf=20000
[21:09:31][store=275000][DIAG] buf=20000 train_steps=9552 train_ratio=0.478 frozen=True no_improve=12 loss_ema=0.21680 delta_mae=0.3143 x_mae=0.4257 v_mae=0.4974 th_mae=0.0532 om_mae=0.2810 mean_dis=0.00505 vel_dis=0.00937 best_mae=0.2064 ready_mae_ok=True ready_vel_ok=True ready_dis_ok=True
[21:09:31][store=276000][DIST_SHIFT] x_ratio=0.917 v_ratio=0.757 th_ratio=1.030 om_ratio=1.259 old_th_std=0.0299 new_th_std=0.0308 buf=20000
[21:09:31][store=276000][DIAG] buf=20000 train_steps=9552 train_ratio=0.478 frozen=True no_improve=12 loss_ema=0.21680 delta_mae=0.3935 x_mae=0.5600 v_mae=0.6319 th_mae=0.0643 om_mae=0.3178 mean_dis=0.00583 vel_dis=0.01105 best_mae=0.2064 ready_mae_ok=False ready_vel_ok=False ready_dis_ok=True
[21:09:31][store=277000][DIST_SHIFT] x_ratio=0.904 v_ratio=0.760 th_ratio=1.024 om_ratio=1.222 old_th_std=0.0313 new_th_std=0.0320 buf=20000
[21:09:31][store=277000][DIAG] buf=20000 train_steps=9552 train_ratio=0.478 frozen=True no_improve=12 loss_ema=0.21680 delta_mae=0.3642 x_mae=0.4638 v_mae=0.6351 th_mae=0.0612 om_mae=0.2968 mean_dis=0.00537 vel_dis=0.01022 best_mae=0.2064 ready_mae_ok=False ready_vel_ok=False ready_dis_ok=True
[21:09:31][store=278000][DIST_SHIFT] x_ratio=1.119 v_ratio=0.722 th_ratio=0.985 om_ratio=0.978 old_th_std=0.0316 new_th_std=0.0311 buf=20000
[21:09:31][store=278000][DIAG] buf=20000 train_steps=9552 train_ratio=0.478 frozen=True no_improve=12 loss_ema=0.21680 delta_mae=0.3583 x_mae=0.5181 v_mae=0.5800 th_mae=0.0654 om_mae=0.2699 mean_dis=0.00546 vel_dis=0.01036 best_mae=0.2064 ready_mae_ok=True ready_vel_ok=True ready_dis_ok=True
[21:09:32][store=279000][DIST_SHIFT] x_ratio=0.998 v_ratio=0.799 th_ratio=0.998 om_ratio=1.082 old_th_std=0.0308 new_th_std=0.0308 buf=20000
[21:09:32][store=279000][DIAG] buf=20000 train_steps=9552 train_ratio=0.478 frozen=True no_improve=12 loss_ema=0.21680 delta_mae=0.3497 x_mae=0.5081 v_mae=0.5522 th_mae=0.0599 om_mae=0.2785 mean_dis=0.00549 vel_dis=0.01038 best_mae=0.2064 ready_mae_ok=True ready_vel_ok=True ready_dis_ok=True
[21:09:32][store=280000][DIST_SHIFT] x_ratio=1.107 v_ratio=0.930 th_ratio=0.913 om_ratio=1.098 old_th_std=0.0298 new_th_std=0.0272 buf=20000
[21:09:32][store=280000][DIAG] buf=20000 train_steps=9552 train_ratio=0.478 frozen=True no_improve=12 loss_ema=0.21680 delta_mae=0.3425 x_mae=0.4937 v_mae=0.5610 th_mae=0.0642 om_mae=0.2510 mean_dis=0.00567 vel_dis=0.01064 best_mae=0.2064 ready_mae_ok=True ready_vel_ok=True ready_dis_ok=True
[21:09:32][store=281000][DIST_SHIFT] x_ratio=0.989 v_ratio=0.960 th_ratio=0.835 om_ratio=1.039 old_th_std=0.0312 new_th_std=0.0261 buf=20000
[21:09:32][store=281000][DIAG] buf=20000 train_steps=9552 train_ratio=0.478 frozen=True no_improve=12 loss_ema=0.21680 delta_mae=0.3466 x_mae=0.4738 v_mae=0.5951 th_mae=0.0597 om_mae=0.2579 mean_dis=0.00540 vel_dis=0.01025 best_mae=0.2064 ready_mae_ok=True ready_vel_ok=True ready_dis_ok=True
[21:09:32][store=282000][DIST_SHIFT] x_ratio=0.953 v_ratio=0.997 th_ratio=0.783 om_ratio=0.996 old_th_std=0.0314 new_th_std=0.0246 buf=20000
[21:09:32][store=282000][DIAG] buf=20000 train_steps=9552 train_ratio=0.478 frozen=True no_improve=12 loss_ema=0.21680 delta_mae=0.3634 x_mae=0.5055 v_mae=0.5929 th_mae=0.0667 om_mae=0.2886 mean_dis=0.00554 vel_dis=0.01052 best_mae=0.2064 ready_mae_ok=False ready_vel_ok=True ready_dis_ok=True
[21:09:32][store=283000][DIST_SHIFT] x_ratio=0.944 v_ratio=1.148 th_ratio=0.752 om_ratio=1.034 old_th_std=0.0301 new_th_std=0.0226 buf=20000
[21:09:32][store=283000][DIAG] buf=20000 train_steps=9552 train_ratio=0.478 frozen=True no_improve=12 loss_ema=0.21680 delta_mae=0.3103 x_mae=0.4603 v_mae=0.4961 th_mae=0.0593 om_mae=0.2253 mean_dis=0.00524 vel_dis=0.00994 best_mae=0.2064 ready_mae_ok=True ready_vel_ok=True ready_dis_ok=True
[21:09:32][store=284000][DIST_SHIFT] x_ratio=1.164 v_ratio=1.254 th_ratio=0.785 om_ratio=0.992 old_th_std=0.0297 new_th_std=0.0233 buf=20000
[21:09:32][store=284000][DIAG] buf=20000 train_steps=9552 train_ratio=0.478 frozen=True no_improve=12 loss_ema=0.21680 delta_mae=0.3230 x_mae=0.4639 v_mae=0.4954 th_mae=0.0578 om_mae=0.2749 mean_dis=0.00514 vel_dis=0.00965 best_mae=0.2064 ready_mae_ok=True ready_vel_ok=True ready_dis_ok=True
[21:09:33][store=285000][DIST_SHIFT] x_ratio=1.050 v_ratio=1.210 th_ratio=0.843 om_ratio=1.043 old_th_std=0.0300 new_th_std=0.0253 buf=20000
[21:09:33][store=285000][DIAG] buf=20000 train_steps=9552 train_ratio=0.478 frozen=True no_improve=12 loss_ema=0.21680 delta_mae=0.3028 x_mae=0.4134 v_mae=0.4661 th_mae=0.0623 om_mae=0.2693 mean_dis=0.00527 vel_dis=0.00997 best_mae=0.2064 ready_mae_ok=True ready_vel_ok=True ready_dis_ok=True
[21:09:33][store=286000][DIST_SHIFT] x_ratio=1.001 v_ratio=1.188 th_ratio=0.847 om_ratio=1.013 old_th_std=0.0282 new_th_std=0.0239 buf=20000
[21:09:33][store=286000][DIAG] buf=20000 train_steps=9552 train_ratio=0.478 frozen=True no_improve=12 loss_ema=0.21680 delta_mae=0.3372 x_mae=0.4923 v_mae=0.5171 th_mae=0.0579 om_mae=0.2814 mean_dis=0.00528 vel_dis=0.01003 best_mae=0.2064 ready_mae_ok=True ready_vel_ok=True ready_dis_ok=True
[21:09:33][store=287000][DIST_SHIFT] x_ratio=1.059 v_ratio=1.199 th_ratio=0.918 om_ratio=1.244 old_th_std=0.0274 new_th_std=0.0252 buf=20000
[21:09:33][store=287000][DIAG] buf=20000 train_steps=9552 train_ratio=0.478 frozen=True no_improve=12 loss_ema=0.21680 delta_mae=0.3641 x_mae=0.5135 v_mae=0.6087 th_mae=0.0675 om_mae=0.2670 mean_dis=0.00543 vel_dis=0.01031 best_mae=0.2064 ready_mae_ok=False ready_vel_ok=False ready_dis_ok=True
[21:09:33][store=288000][DIST_SHIFT] x_ratio=1.142 v_ratio=1.187 th_ratio=1.004 om_ratio=1.060 old_th_std=0.0281 new_th_std=0.0283 buf=20000
[21:09:33][store=288000][DIAG] buf=20000 train_steps=9552 train_ratio=0.478 frozen=True no_improve=12 loss_ema=0.21680 delta_mae=0.3377 x_mae=0.4970 v_mae=0.5304 th_mae=0.0610 om_mae=0.2626 mean_dis=0.00544 vel_dis=0.01026 best_mae=0.2064 ready_mae_ok=True ready_vel_ok=True ready_dis_ok=True
[21:09:33][store=289000][DIST_SHIFT] x_ratio=0.931 v_ratio=1.081 th_ratio=0.876 om_ratio=0.935 old_th_std=0.0287 new_th_std=0.0252 buf=20000
[21:09:33][store=289000][DIAG] buf=20000 train_steps=9552 train_ratio=0.478 frozen=True no_improve=12 loss_ema=0.21680 delta_mae=0.3193 x_mae=0.3958 v_mae=0.5432 th_mae=0.0610 om_mae=0.2773 mean_dis=0.00534 vel_dis=0.01019 best_mae=0.2064 ready_mae_ok=True ready_vel_ok=True ready_dis_ok=True
[21:09:33][store=290000][DIST_SHIFT] x_ratio=1.013 v_ratio=1.320 th_ratio=0.810 om_ratio=0.846 old_th_std=0.0294 new_th_std=0.0238 buf=20000
[21:09:33][store=290000][DIAG] buf=20000 train_steps=9552 train_ratio=0.478 frozen=True no_improve=12 loss_ema=0.21680 delta_mae=0.3556 x_mae=0.4765 v_mae=0.5866 th_mae=0.0610 om_mae=0.2984 mean_dis=0.00507 vel_dis=0.00960 best_mae=0.2064 ready_mae_ok=True ready_vel_ok=True ready_dis_ok=True
[21:09:33][store=291000][DIST_SHIFT] x_ratio=1.112 v_ratio=1.204 th_ratio=0.787 om_ratio=0.785 old_th_std=0.0308 new_th_std=0.0243 buf=20000
[21:09:33][store=291000][DIAG] buf=20000 train_steps=9552 train_ratio=0.478 frozen=True no_improve=12 loss_ema=0.21680 delta_mae=0.3545 x_mae=0.4960 v_mae=0.5550 th_mae=0.0666 om_mae=0.3003 mean_dis=0.00580 vel_dis=0.01103 best_mae=0.2064 ready_mae_ok=True ready_vel_ok=True ready_dis_ok=True
[21:09:34][store=292000][DIST_SHIFT] x_ratio=1.139 v_ratio=1.242 th_ratio=0.737 om_ratio=0.686 old_th_std=0.0320 new_th_std=0.0236 buf=20000
[21:09:34][store=292000][DIAG] buf=20000 train_steps=9552 train_ratio=0.478 frozen=True no_improve=12 loss_ema=0.21680 delta_mae=0.3561 x_mae=0.5224 v_mae=0.5468 th_mae=0.0576 om_mae=0.2976 mean_dis=0.00517 vel_dis=0.00979 best_mae=0.2064 ready_mae_ok=True ready_vel_ok=True ready_dis_ok=True
[21:09:34][store=293000][DIST_SHIFT] x_ratio=0.991 v_ratio=1.225 th_ratio=0.715 om_ratio=0.707 old_th_std=0.0311 new_th_std=0.0223 buf=20000
[21:09:34][store=293000][DIAG] buf=20000 train_steps=9552 train_ratio=0.478 frozen=True no_improve=12 loss_ema=0.21680 delta_mae=0.3511 x_mae=0.4965 v_mae=0.5825 th_mae=0.0643 om_mae=0.2612 mean_dis=0.00512 vel_dis=0.00970 best_mae=0.2064 ready_mae_ok=True ready_vel_ok=True ready_dis_ok=True
[21:09:34][store=294000][DIST_SHIFT] x_ratio=1.101 v_ratio=0.938 th_ratio=0.757 om_ratio=0.777 old_th_std=0.0308 new_th_std=0.0233 buf=20000
[21:09:34][store=294000][DIAG] buf=20000 train_steps=9552 train_ratio=0.478 frozen=True no_improve=12 loss_ema=0.21680 delta_mae=0.3565 x_mae=0.5221 v_mae=0.5682 th_mae=0.0670 om_mae=0.2685 mean_dis=0.00513 vel_dis=0.00972 best_mae=0.2064 ready_mae_ok=True ready_vel_ok=True ready_dis_ok=True
[21:09:34][store=295000][DIST_SHIFT] x_ratio=1.096 v_ratio=0.753 th_ratio=0.808 om_ratio=0.706 old_th_std=0.0272 new_th_std=0.0220 buf=20000
[21:09:34][store=295000][DIAG] buf=20000 train_steps=9552 train_ratio=0.478 frozen=True no_improve=12 loss_ema=0.21680 delta_mae=0.3035 x_mae=0.4442 v_mae=0.4760 th_mae=0.0594 om_mae=0.2342 mean_dis=0.00517 vel_dis=0.00985 best_mae=0.2064 ready_mae_ok=True ready_vel_ok=True ready_dis_ok=True
[21:09:34][store=296000][DIST_SHIFT] x_ratio=1.082 v_ratio=0.758 th_ratio=0.809 om_ratio=0.773 old_th_std=0.0261 new_th_std=0.0211 buf=20000
[21:09:34][store=296000][DIAG] buf=20000 train_steps=9552 train_ratio=0.478 frozen=True no_improve=12 loss_ema=0.21680 delta_mae=0.3409 x_mae=0.5798 v_mae=0.4877 th_mae=0.0678 om_mae=0.2285 mean_dis=0.00542 vel_dis=0.01022 best_mae=0.2064 ready_mae_ok=True ready_vel_ok=True ready_dis_ok=True
[21:09:34][store=297000][DIST_SHIFT] x_ratio=0.898 v_ratio=0.700 th_ratio=0.905 om_ratio=0.863 old_th_std=0.0246 new_th_std=0.0223 buf=20000
[21:09:34][store=297000][DIAG] buf=20000 train_steps=9552 train_ratio=0.478 frozen=True no_improve=12 loss_ema=0.21680 delta_mae=0.3808 x_mae=0.5276 v_mae=0.6479 th_mae=0.0707 om_mae=0.2768 mean_dis=0.00526 vel_dis=0.01002 best_mae=0.2064 ready_mae_ok=False ready_vel_ok=False ready_dis_ok=True
[21:09:35][store=298000][DIST_SHIFT] x_ratio=0.999 v_ratio=0.741 th_ratio=0.993 om_ratio=0.860 old_th_std=0.0226 new_th_std=0.0225 buf=20000
[21:09:35][store=298000][DIAG] buf=20000 train_steps=9552 train_ratio=0.478 frozen=True no_improve=12 loss_ema=0.21680 delta_mae=0.4035 x_mae=0.6266 v_mae=0.6491 th_mae=0.0663 om_mae=0.2719 mean_dis=0.00516 vel_dis=0.00978 best_mae=0.2064 ready_mae_ok=False ready_vel_ok=False ready_dis_ok=True
[21:09:35][store=299000][DIST_SHIFT] x_ratio=0.903 v_ratio=0.730 th_ratio=1.026 om_ratio=0.839 old_th_std=0.0233 new_th_std=0.0239 buf=20000
[21:09:35][store=299000][DIAG] buf=20000 train_steps=9552 train_ratio=0.478 frozen=True no_improve=12 loss_ema=0.21680 delta_mae=0.3712 x_mae=0.5281 v_mae=0.6077 th_mae=0.0575 om_mae=0.2915 mean_dis=0.00508 vel_dis=0.00957 best_mae=0.2064 ready_mae_ok=False ready_vel_ok=False ready_dis_ok=True
[21:09:35][store=300000][DIST_SHIFT] x_ratio=0.904 v_ratio=0.837 th_ratio=1.101 om_ratio=0.892 old_th_std=0.0253 new_th_std=0.0279 buf=20000
[21:09:35][store=300000][DIAG] buf=20000 train_steps=9552 train_ratio=0.478 frozen=True no_improve=12 loss_ema=0.21680 delta_mae=0.3652 x_mae=0.6269 v_mae=0.5449 th_mae=0.0635 om_mae=0.2255 mean_dis=0.00529 vel_dis=0.00996 best_mae=0.2064 ready_mae_ok=False ready_vel_ok=True ready_dis_ok=True
[21:09:35][store=301000][DIST_SHIFT] x_ratio=0.942 v_ratio=0.868 th_ratio=1.220 om_ratio=0.949 old_th_std=0.0239 new_th_std=0.0292 buf=20000
[21:09:35][store=301000][DIAG] buf=20000 train_steps=9552 train_ratio=0.478 frozen=True no_improve=12 loss_ema=0.21680 delta_mae=0.3228 x_mae=0.4740 v_mae=0.5134 th_mae=0.0570 om_mae=0.2470 mean_dis=0.00495 vel_dis=0.00931 best_mae=0.2064 ready_mae_ok=True ready_vel_ok=True ready_dis_ok=True
[21:09:35][store=302000][DIST_SHIFT] x_ratio=1.058 v_ratio=0.916 th_ratio=1.230 om_ratio=0.910 old_th_std=0.0252 new_th_std=0.0309 buf=20000
[21:09:35][store=302000][DIAG] buf=20000 train_steps=9552 train_ratio=0.478 frozen=True no_improve=12 loss_ema=0.21680 delta_mae=0.3167 x_mae=0.4606 v_mae=0.4923 th_mae=0.0672 om_mae=0.2465 mean_dis=0.00470 vel_dis=0.00885 best_mae=0.2064 ready_mae_ok=True ready_vel_ok=True ready_dis_ok=True
[21:09:35][store=303000][DIST_SHIFT] x_ratio=0.951 v_ratio=0.906 th_ratio=1.126 om_ratio=0.929 old_th_std=0.0283 new_th_std=0.0318 buf=20000
[21:09:35][store=303000][DIAG] buf=20000 train_steps=9552 train_ratio=0.478 frozen=True no_improve=12 loss_ema=0.21680 delta_mae=0.3610 x_mae=0.6064 v_mae=0.5553 th_mae=0.0599 om_mae=0.2223 mean_dis=0.00501 vel_dis=0.00958 best_mae=0.2064 ready_mae_ok=False ready_vel_ok=True ready_dis_ok=True
[21:09:36][store=304000][DIST_SHIFT] x_ratio=0.996 v_ratio=0.975 th_ratio=1.231 om_ratio=1.069 old_th_std=0.0252 new_th_std=0.0310 buf=20000
[21:09:36][store=304000][DIAG] buf=20000 train_steps=9552 train_ratio=0.478 frozen=True no_improve=12 loss_ema=0.21680 delta_mae=0.3382 x_mae=0.5454 v_mae=0.5374 th_mae=0.0616 om_mae=0.2084 mean_dis=0.00537 vel_dis=0.01022 best_mae=0.2064 ready_mae_ok=True ready_vel_ok=True ready_dis_ok=True
[21:09:36][store=305000][DIST_SHIFT] x_ratio=0.993 v_ratio=0.827 th_ratio=1.155 om_ratio=1.254 old_th_std=0.0238 new_th_std=0.0275 buf=20000
[21:09:36][store=305000][DIAG] buf=20000 train_steps=9552 train_ratio=0.478 frozen=True no_improve=12 loss_ema=0.21680 delta_mae=0.3477 x_mae=0.5005 v_mae=0.5948 th_mae=0.0574 om_mae=0.2379 mean_dis=0.00548 vel_dis=0.01041 best_mae=0.2064 ready_mae_ok=True ready_vel_ok=True ready_dis_ok=True
[21:09:36][store=306000][DIST_SHIFT] x_ratio=1.092 v_ratio=0.863 th_ratio=1.071 om_ratio=1.178 old_th_std=0.0243 new_th_std=0.0260 buf=20000
[21:09:36][store=306000][DIAG] buf=20000 train_steps=9552 train_ratio=0.478 frozen=True no_improve=12 loss_ema=0.21680 delta_mae=0.3188 x_mae=0.5124 v_mae=0.5066 th_mae=0.0613 om_mae=0.1949 mean_dis=0.00522 vel_dis=0.00990 best_mae=0.2064 ready_mae_ok=True ready_vel_ok=True ready_dis_ok=True
[21:09:36][store=307000][DIST_SHIFT] x_ratio=1.027 v_ratio=1.040 th_ratio=1.096 om_ratio=1.231 old_th_std=0.0236 new_th_std=0.0259 buf=20000
[21:09:36][store=307000][DIAG] buf=20000 train_steps=9552 train_ratio=0.478 frozen=True no_improve=12 loss_ema=0.21680 delta_mae=0.3457 x_mae=0.5616 v_mae=0.5431 th_mae=0.0627 om_mae=0.2152 mean_dis=0.00524 vel_dis=0.00990 best_mae=0.2064 ready_mae_ok=True ready_vel_ok=True ready_dis_ok=True
[21:09:36][store=308000][DIST_SHIFT] x_ratio=1.073 v_ratio=1.047 th_ratio=1.100 om_ratio=1.366 old_th_std=0.0223 new_th_std=0.0245 buf=20000
[21:09:36][store=308000][DIAG] buf=20000 train_steps=9552 train_ratio=0.478 frozen=True no_improve=12 loss_ema=0.21680 delta_mae=0.3398 x_mae=0.5600 v_mae=0.5210 th_mae=0.0583 om_mae=0.2200 mean_dis=0.00557 vel_dis=0.01046 best_mae=0.2064 ready_mae_ok=True ready_vel_ok=True ready_dis_ok=True
[21:09:36][store=309000][DIST_SHIFT] x_ratio=0.939 v_ratio=1.238 th_ratio=1.019 om_ratio=1.127 old_th_std=0.0233 new_th_std=0.0237 buf=20000
[21:09:36][store=309000][DIAG] buf=20000 train_steps=9552 train_ratio=0.478 frozen=True no_improve=12 loss_ema=0.21680 delta_mae=0.3806 x_mae=0.5658 v_mae=0.6012 th_mae=0.0637 om_mae=0.2917 mean_dis=0.00549 vel_dis=0.01034 best_mae=0.2064 ready_mae_ok=False ready_vel_ok=False ready_dis_ok=True
[21:09:37][store=310000][DIST_SHIFT] x_ratio=0.936 v_ratio=1.437 th_ratio=1.130 om_ratio=1.219 old_th_std=0.0220 new_th_std=0.0248 buf=20000
[21:09:37][store=310000][DIAG] buf=20000 train_steps=9552 train_ratio=0.478 frozen=True no_improve=12 loss_ema=0.21680 delta_mae=0.3811 x_mae=0.6057 v_mae=0.6179 th_mae=0.0609 om_mae=0.2399 mean_dis=0.00534 vel_dis=0.01019 best_mae=0.2064 ready_mae_ok=False ready_vel_ok=False ready_dis_ok=True
[21:09:37][store=311000][DIST_SHIFT] x_ratio=0.821 v_ratio=1.302 th_ratio=1.333 om_ratio=1.046 old_th_std=0.0211 new_th_std=0.0281 buf=20000
[21:09:37][store=311000][DIAG] buf=20000 train_steps=9552 train_ratio=0.478 frozen=True no_improve=12 loss_ema=0.21680 delta_mae=0.3355 x_mae=0.4609 v_mae=0.5708 th_mae=0.0670 om_mae=0.2433 mean_dis=0.00471 vel_dis=0.00887 best_mae=0.2064 ready_mae_ok=True ready_vel_ok=True ready_dis_ok=True
[21:09:37][store=312000][DIST_SHIFT] x_ratio=1.112 v_ratio=1.149 th_ratio=1.210 om_ratio=1.122 old_th_std=0.0223 new_th_std=0.0270 buf=20000
[21:09:37][store=312000][DIAG] buf=20000 train_steps=9552 train_ratio=0.478 frozen=True no_improve=12 loss_ema=0.21680 delta_mae=0.3712 x_mae=0.5314 v_mae=0.5911 th_mae=0.0617 om_mae=0.3008 mean_dis=0.00516 vel_dis=0.00979 best_mae=0.2064 ready_mae_ok=False ready_vel_ok=True ready_dis_ok=True
[21:09:37][store=313000][DIST_SHIFT] x_ratio=1.112 v_ratio=1.029 th_ratio=1.177 om_ratio=1.216 old_th_std=0.0225 new_th_std=0.0265 buf=20000
[21:09:37][store=313000][DIAG] buf=20000 train_steps=9552 train_ratio=0.478 frozen=True no_improve=12 loss_ema=0.21680 delta_mae=0.3118 x_mae=0.4784 v_mae=0.4700 th_mae=0.0598 om_mae=0.2390 mean_dis=0.00576 vel_dis=0.01094 best_mae=0.2064 ready_mae_ok=True ready_vel_ok=True ready_dis_ok=True
[21:09:37][store=314000][DIST_SHIFT] x_ratio=1.136 v_ratio=1.028 th_ratio=1.153 om_ratio=1.324 old_th_std=0.0239 new_th_std=0.0276 buf=20000
[21:09:37][store=314000][DIAG] buf=20000 train_steps=9552 train_ratio=0.478 frozen=True no_improve=12 loss_ema=0.21680 delta_mae=0.4081 x_mae=0.6220 v_mae=0.6398 th_mae=0.0620 om_mae=0.3086 mean_dis=0.00546 vel_dis=0.01031 best_mae=0.2064 ready_mae_ok=False ready_vel_ok=False ready_dis_ok=True
[21:09:37][store=315000][DIST_SHIFT] x_ratio=1.178 v_ratio=0.863 th_ratio=0.990 om_ratio=1.131 old_th_std=0.0279 new_th_std=0.0276 buf=20000
[21:09:37][store=315000][DIAG] buf=20000 train_steps=9552 train_ratio=0.478 frozen=True no_improve=12 loss_ema=0.21680 delta_mae=0.3713 x_mae=0.5411 v_mae=0.6024 th_mae=0.0619 om_mae=0.2797 mean_dis=0.00525 vel_dis=0.00991 best_mae=0.2064 ready_mae_ok=False ready_vel_ok=False ready_dis_ok=True
[21:09:37][store=316000][DIST_SHIFT] x_ratio=1.271 v_ratio=0.991 th_ratio=0.968 om_ratio=1.053 old_th_std=0.0292 new_th_std=0.0282 buf=20000
[21:09:37][store=316000][DIAG] buf=20000 train_steps=9552 train_ratio=0.478 frozen=True no_improve=12 loss_ema=0.21680 delta_mae=0.3380 x_mae=0.5088 v_mae=0.5304 th_mae=0.0607 om_mae=0.2523 mean_dis=0.00536 vel_dis=0.01013 best_mae=0.2064 ready_mae_ok=True ready_vel_ok=True ready_dis_ok=True
[21:09:38][store=317000][DIST_SHIFT] x_ratio=1.010 v_ratio=1.185 th_ratio=0.974 om_ratio=0.912 old_th_std=0.0309 new_th_std=0.0302 buf=20000
[21:09:38][store=317000][DIAG] buf=20000 train_steps=9552 train_ratio=0.478 frozen=True no_improve=12 loss_ema=0.21680 delta_mae=0.3928 x_mae=0.6603 v_mae=0.5798 th_mae=0.0623 om_mae=0.2687 mean_dis=0.00515 vel_dis=0.00977 best_mae=0.2064 ready_mae_ok=False ready_vel_ok=True ready_dis_ok=True
[21:09:38][store=318000][DIST_SHIFT] x_ratio=1.016 v_ratio=1.347 th_ratio=0.855 om_ratio=0.916 old_th_std=0.0318 new_th_std=0.0272 buf=20000
[21:09:38][store=318000][DIAG] buf=20000 train_steps=9552 train_ratio=0.478 frozen=True no_improve=12 loss_ema=0.21680 delta_mae=0.3360 x_mae=0.5147 v_mae=0.5126 th_mae=0.0619 om_mae=0.2546 mean_dis=0.00500 vel_dis=0.00941 best_mae=0.2064 ready_mae_ok=True ready_vel_ok=True ready_dis_ok=True
[21:09:38][store=319000][DIST_SHIFT] x_ratio=1.079 v_ratio=1.355 th_ratio=0.796 om_ratio=0.997 old_th_std=0.0310 new_th_std=0.0247 buf=20000
[21:09:38][store=319000][DIAG] buf=20000 train_steps=9552 train_ratio=0.478 frozen=True no_improve=12 loss_ema=0.21680 delta_mae=0.3567 x_mae=0.5523 v_mae=0.5521 th_mae=0.0584 om_mae=0.2638 mean_dis=0.00524 vel_dis=0.01004 best_mae=0.2064 ready_mae_ok=True ready_vel_ok=True ready_dis_ok=True
[21:09:38][store=320000][DIST_SHIFT] x_ratio=1.160 v_ratio=1.635 th_ratio=0.855 om_ratio=1.082 old_th_std=0.0275 new_th_std=0.0235 buf=20000
[21:09:38][store=320000][DIAG] buf=20000 train_steps=9552 train_ratio=0.478 frozen=True no_improve=12 loss_ema=0.21680 delta_mae=0.3605 x_mae=0.5358 v_mae=0.5367 th_mae=0.0605 om_mae=0.3089 mean_dis=0.00520 vel_dis=0.00988 best_mae=0.2064 ready_mae_ok=False ready_vel_ok=True ready_dis_ok=True
[21:09:38][store=321000][DIST_SHIFT] x_ratio=1.014 v_ratio=1.112 th_ratio=0.891 om_ratio=1.131 old_th_std=0.0260 new_th_std=0.0231 buf=20000
[21:09:38][store=321000][DIAG] buf=20000 train_steps=9552 train_ratio=0.478 frozen=True no_improve=12 loss_ema=0.21680 delta_mae=0.3373 x_mae=0.4398 v_mae=0.5490 th_mae=0.0629 om_mae=0.2975 mean_dis=0.00536 vel_dis=0.01018 best_mae=0.2064 ready_mae_ok=True ready_vel_ok=True ready_dis_ok=True
[21:09:38][store=322000][DIST_SHIFT] x_ratio=1.137 v_ratio=1.001 th_ratio=0.956 om_ratio=1.391 old_th_std=0.0259 new_th_std=0.0248 buf=20000
[21:09:38][store=322000][DIAG] buf=20000 train_steps=9552 train_ratio=0.478 frozen=True no_improve=12 loss_ema=0.21680 delta_mae=0.3543 x_mae=0.5119 v_mae=0.5886 th_mae=0.0537 om_mae=0.2629 mean_dis=0.00553 vel_dis=0.01047 best_mae=0.2064 ready_mae_ok=True ready_vel_ok=True ready_dis_ok=True
[21:09:39][store=323000][DIST_SHIFT] x_ratio=0.994 v_ratio=1.066 th_ratio=1.144 om_ratio=1.303 old_th_std=0.0245 new_th_std=0.0280 buf=20000
[21:09:39][store=323000][DIAG] buf=20000 train_steps=9552 train_ratio=0.478 frozen=True no_improve=12 loss_ema=0.21680 delta_mae=0.3657 x_mae=0.5597 v_mae=0.5652 th_mae=0.0554 om_mae=0.2826 mean_dis=0.00551 vel_dis=0.01041 best_mae=0.2064 ready_mae_ok=False ready_vel_ok=True ready_dis_ok=True
[21:09:39][store=324000][DIST_SHIFT] x_ratio=0.979 v_ratio=0.885 th_ratio=1.250 om_ratio=1.276 old_th_std=0.0237 new_th_std=0.0297 buf=20000
[21:09:39][store=324000][DIAG] buf=20000 train_steps=9552 train_ratio=0.478 frozen=True no_improve=12 loss_ema=0.21680 delta_mae=0.3578 x_mae=0.4882 v_mae=0.5767 th_mae=0.0673 om_mae=0.2989 mean_dis=0.00497 vel_dis=0.00945 best_mae=0.2064 ready_mae_ok=True ready_vel_ok=True ready_dis_ok=True
[21:09:39][store=325000][DIST_SHIFT] x_ratio=0.999 v_ratio=0.827 th_ratio=1.210 om_ratio=1.259 old_th_std=0.0248 new_th_std=0.0301 buf=20000
[21:09:39][store=325000][DIAG] buf=20000 train_steps=9552 train_ratio=0.478 frozen=True no_improve=12 loss_ema=0.21680 delta_mae=0.3563 x_mae=0.4564 v_mae=0.6203 th_mae=0.0608 om_mae=0.2878 mean_dis=0.00514 vel_dis=0.00969 best_mae=0.2064 ready_mae_ok=True ready_vel_ok=False ready_dis_ok=True
[21:09:39][store=326000][DIST_SHIFT] x_ratio=1.138 v_ratio=0.873 th_ratio=1.006 om_ratio=1.302 old_th_std=0.0281 new_th_std=0.0283 buf=20000
[21:09:39][store=326000][DIAG] buf=20000 train_steps=9552 train_ratio=0.478 frozen=True no_improve=12 loss_ema=0.21680 delta_mae=0.3333 x_mae=0.4674 v_mae=0.5475 th_mae=0.0586 om_mae=0.2596 mean_dis=0.00482 vel_dis=0.00911 best_mae=0.2064 ready_mae_ok=True ready_vel_ok=True ready_dis_ok=True
[21:09:39][store=327000][DIST_SHIFT] x_ratio=0.984 v_ratio=1.044 th_ratio=1.002 om_ratio=1.018 old_th_std=0.0270 new_th_std=0.0270 buf=20000
[21:09:39][store=327000][DIAG] buf=20000 train_steps=9552 train_ratio=0.478 frozen=True no_improve=12 loss_ema=0.21680 delta_mae=0.3385 x_mae=0.4284 v_mae=0.5593 th_mae=0.0577 om_mae=0.3084 mean_dis=0.00507 vel_dis=0.00962 best_mae=0.2064 ready_mae_ok=True ready_vel_ok=True ready_dis_ok=True
[21:09:39][store=328000][DIST_SHIFT] x_ratio=0.857 v_ratio=1.061 th_ratio=1.072 om_ratio=1.018 old_th_std=0.0265 new_th_std=0.0284 buf=20000
[21:09:39][store=328000][DIAG] buf=20000 train_steps=9552 train_ratio=0.478 frozen=True no_improve=12 loss_ema=0.21680 delta_mae=0.3601 x_mae=0.5325 v_mae=0.5626 th_mae=0.0588 om_mae=0.2865 mean_dis=0.00508 vel_dis=0.00969 best_mae=0.2064 ready_mae_ok=False ready_vel_ok=True ready_dis_ok=True
[21:09:40][store=329000][DIST_SHIFT] x_ratio=0.815 v_ratio=1.018 th_ratio=1.031 om_ratio=0.973 old_th_std=0.0276 new_th_std=0.0284 buf=20000
[21:09:40][store=329000][DIAG] buf=20000 train_steps=9552 train_ratio=0.478 frozen=True no_improve=12 loss_ema=0.21680 delta_mae=0.3594 x_mae=0.4721 v_mae=0.5651 th_mae=0.0576 om_mae=0.3426 mean_dis=0.00540 vel_dis=0.01020 best_mae=0.2064 ready_mae_ok=True ready_vel_ok=True ready_dis_ok=True
[21:09:40][store=330000][DIST_SHIFT] x_ratio=0.828 v_ratio=0.994 th_ratio=1.062 om_ratio=1.009 old_th_std=0.0276 new_th_std=0.0293 buf=20000
[21:09:40][store=330000][DIAG] buf=20000 train_steps=9552 train_ratio=0.478 frozen=True no_improve=12 loss_ema=0.21680 delta_mae=0.3555 x_mae=0.4620 v_mae=0.5741 th_mae=0.0600 om_mae=0.3259 mean_dis=0.00557 vel_dis=0.01049 best_mae=0.2064 ready_mae_ok=True ready_vel_ok=True ready_dis_ok=True
[21:09:40][store=331000][DIST_SHIFT] x_ratio=0.842 v_ratio=0.947 th_ratio=1.128 om_ratio=1.060 old_th_std=0.0282 new_th_std=0.0319 buf=20000
[21:09:40][store=331000][DIAG] buf=20000 train_steps=9552 train_ratio=0.478 frozen=True no_improve=12 loss_ema=0.21680 delta_mae=0.3939 x_mae=0.6058 v_mae=0.5815 th_mae=0.0655 om_mae=0.3229 mean_dis=0.00501 vel_dis=0.00942 best_mae=0.2064 ready_mae_ok=False ready_vel_ok=True ready_dis_ok=True
[21:09:40][store=332000][DIST_SHIFT] x_ratio=1.033 v_ratio=0.712 th_ratio=1.047 om_ratio=1.129 old_th_std=0.0302 new_th_std=0.0316 buf=20000
[21:09:40][store=332000][DIAG] buf=20000 train_steps=9552 train_ratio=0.478 frozen=True no_improve=12 loss_ema=0.21680 delta_mae=0.3879 x_mae=0.5997 v_mae=0.5889 th_mae=0.0556 om_mae=0.3073 mean_dis=0.00511 vel_dis=0.00961 best_mae=0.2064 ready_mae_ok=False ready_vel_ok=True ready_dis_ok=True
[21:09:40][store=333000][DIST_SHIFT] x_ratio=1.240 v_ratio=0.680 th_ratio=1.124 om_ratio=0.971 old_th_std=0.0272 new_th_std=0.0306 buf=20000
[21:09:40][store=333000][DIAG] buf=20000 train_steps=9552 train_ratio=0.478 frozen=True no_improve=12 loss_ema=0.21680 delta_mae=0.3752 x_mae=0.5861 v_mae=0.5493 th_mae=0.0551 om_mae=0.3104 mean_dis=0.00539 vel_dis=0.01011 best_mae=0.2064 ready_mae_ok=False ready_vel_ok=True ready_dis_ok=True
[21:09:40][store=334000][DIST_SHIFT] x_ratio=1.269 v_ratio=0.747 th_ratio=1.315 om_ratio=0.808 old_th_std=0.0247 new_th_std=0.0325 buf=20000
[21:09:40][store=334000][DIAG] buf=20000 train_steps=9552 train_ratio=0.478 frozen=True no_improve=12 loss_ema=0.21680 delta_mae=0.3505 x_mae=0.5307 v_mae=0.5113 th_mae=0.0547 om_mae=0.3052 mean_dis=0.00509 vel_dis=0.00959 best_mae=0.2064 ready_mae_ok=True ready_vel_ok=True ready_dis_ok=True
[21:09:40][store=335000][DIST_SHIFT] x_ratio=1.090 v_ratio=0.703 th_ratio=1.356 om_ratio=0.793 old_th_std=0.0235 new_th_std=0.0319 buf=20000
[21:09:40][store=335000][DIAG] buf=20000 train_steps=9552 train_ratio=0.478 frozen=True no_improve=12 loss_ema=0.21680 delta_mae=0.3561 x_mae=0.5669 v_mae=0.5397 th_mae=0.0609 om_mae=0.2569 mean_dis=0.00535 vel_dis=0.01014 best_mae=0.2064 ready_mae_ok=True ready_vel_ok=True ready_dis_ok=True
[21:09:41][store=336000][DIST_SHIFT] x_ratio=1.035 v_ratio=0.959 th_ratio=1.296 om_ratio=0.719 old_th_std=0.0231 new_th_std=0.0300 buf=20000
[21:09:41][store=336000][DIAG] buf=20000 train_steps=9552 train_ratio=0.478 frozen=True no_improve=12 loss_ema=0.21680 delta_mae=0.4036 x_mae=0.6306 v_mae=0.6340 th_mae=0.0686 om_mae=0.2810 mean_dis=0.00518 vel_dis=0.00976 best_mae=0.2064 ready_mae_ok=False ready_vel_ok=False ready_dis_ok=True
[21:09:41][store=337000][DIST_SHIFT] x_ratio=0.894 v_ratio=0.944 th_ratio=1.228 om_ratio=0.738 old_th_std=0.0248 new_th_std=0.0304 buf=20000
[21:09:41][store=337000][DIAG] buf=20000 train_steps=9552 train_ratio=0.478 frozen=True no_improve=12 loss_ema=0.21680 delta_mae=0.3494 x_mae=0.5556 v_mae=0.5095 th_mae=0.0631 om_mae=0.2694 mean_dis=0.00525 vel_dis=0.00987 best_mae=0.2064 ready_mae_ok=True ready_vel_ok=True ready_dis_ok=True
[21:09:41][store=338000][DIST_SHIFT] x_ratio=0.926 v_ratio=0.987 th_ratio=0.995 om_ratio=0.841 old_th_std=0.0280 new_th_std=0.0279 buf=20000
[21:09:41][store=338000][DIAG] buf=20000 train_steps=9552 train_ratio=0.478 frozen=True no_improve=12 loss_ema=0.21680 delta_mae=0.3670 x_mae=0.5359 v_mae=0.6018 th_mae=0.0622 om_mae=0.2682 mean_dis=0.00503 vel_dis=0.00951 best_mae=0.2064 ready_mae_ok=False ready_vel_ok=False ready_dis_ok=True
[21:09:41][store=339000][DIST_SHIFT] x_ratio=0.998 v_ratio=1.162 th_ratio=0.845 om_ratio=0.920 old_th_std=0.0297 new_th_std=0.0251 buf=20000
[21:09:41][store=339000][DIAG] buf=20000 train_steps=9552 train_ratio=0.478 frozen=True no_improve=12 loss_ema=0.21680 delta_mae=0.3514 x_mae=0.5686 v_mae=0.5295 th_mae=0.0620 om_mae=0.2453 mean_dis=0.00481 vel_dis=0.00896 best_mae=0.2064 ready_mae_ok=True ready_vel_ok=True ready_dis_ok=True
[21:09:41][store=340000][DIST_SHIFT] x_ratio=0.953 v_ratio=1.167 th_ratio=0.755 om_ratio=0.887 old_th_std=0.0301 new_th_std=0.0227 buf=20000
[21:09:41][store=340000][DIAG] buf=20000 train_steps=9552 train_ratio=0.478 frozen=True no_improve=12 loss_ema=0.21680 delta_mae=0.3716 x_mae=0.5431 v_mae=0.5522 th_mae=0.0588 om_mae=0.3324 mean_dis=0.00522 vel_dis=0.00985 best_mae=0.2064 ready_mae_ok=False ready_vel_ok=True ready_dis_ok=True
[21:09:41][store=341000][DIST_SHIFT] x_ratio=0.930 v_ratio=1.249 th_ratio=0.751 om_ratio=1.021 old_th_std=0.0283 new_th_std=0.0212 buf=20000
[21:09:41][store=341000][DIAG] buf=20000 train_steps=9552 train_ratio=0.478 frozen=True no_improve=12 loss_ema=0.21680 delta_mae=0.3789 x_mae=0.5872 v_mae=0.5843 th_mae=0.0600 om_mae=0.2841 mean_dis=0.00522 vel_dis=0.00988 best_mae=0.2064 ready_mae_ok=False ready_vel_ok=True ready_dis_ok=True
[21:09:42][store=342000][DIST_SHIFT] x_ratio=0.825 v_ratio=1.133 th_ratio=0.809 om_ratio=1.163 old_th_std=0.0270 new_th_std=0.0219 buf=20000
[21:09:42][store=342000][DIAG] buf=20000 train_steps=9552 train_ratio=0.478 frozen=True no_improve=12 loss_ema=0.21680 delta_mae=0.3815 x_mae=0.5412 v_mae=0.6231 th_mae=0.0652 om_mae=0.2963 mean_dis=0.00566 vel_dis=0.01062 best_mae=0.2064 ready_mae_ok=False ready_vel_ok=False ready_dis_ok=True
[21:09:42][store=343000][DIST_SHIFT] x_ratio=1.090 v_ratio=1.105 th_ratio=0.869 om_ratio=1.091 old_th_std=0.0284 new_th_std=0.0246 buf=20000
[21:09:42][store=343000][DIAG] buf=20000 train_steps=9552 train_ratio=0.478 frozen=True no_improve=12 loss_ema=0.21680 delta_mae=0.3543 x_mae=0.5681 v_mae=0.5113 th_mae=0.0593 om_mae=0.2783 mean_dis=0.00521 vel_dis=0.00988 best_mae=0.2064 ready_mae_ok=True ready_vel_ok=True ready_dis_ok=True
[21:09:42][store=344000][DIST_SHIFT] x_ratio=1.116 v_ratio=1.110 th_ratio=0.939 om_ratio=1.067 old_th_std=0.0284 new_th_std=0.0267 buf=20000
[21:09:42][store=344000][DIAG] buf=20000 train_steps=9552 train_ratio=0.478 frozen=True no_improve=12 loss_ema=0.21680 delta_mae=0.4216 x_mae=0.6543 v_mae=0.6555 th_mae=0.0712 om_mae=0.3054 mean_dis=0.00559 vel_dis=0.01054 best_mae=0.2064 ready_mae_ok=False ready_vel_ok=False ready_dis_ok=True
[21:09:42][store=345000][DIST_SHIFT] x_ratio=1.115 v_ratio=1.230 th_ratio=1.038 om_ratio=1.026 old_th_std=0.0293 new_th_std=0.0304 buf=20000
[21:09:42][store=345000][DIAG] buf=20000 train_steps=9552 train_ratio=0.478 frozen=True no_improve=12 loss_ema=0.21680 delta_mae=0.3929 x_mae=0.6203 v_mae=0.5980 th_mae=0.0613 om_mae=0.2920 mean_dis=0.00499 vel_dis=0.00948 best_mae=0.2064 ready_mae_ok=False ready_vel_ok=True ready_dis_ok=True
[21:09:42][store=346000][DIST_SHIFT] x_ratio=1.005 v_ratio=1.074 th_ratio=0.979 om_ratio=1.047 old_th_std=0.0319 new_th_std=0.0312 buf=20000
[21:09:42][store=346000][DIAG] buf=20000 train_steps=9552 train_ratio=0.478 frozen=True no_improve=12 loss_ema=0.21680 delta_mae=0.3515 x_mae=0.4801 v_mae=0.5624 th_mae=0.0628 om_mae=0.3006 mean_dis=0.00531 vel_dis=0.01001 best_mae=0.2064 ready_mae_ok=True ready_vel_ok=True ready_dis_ok=True
[21:09:42][store=347000][DIST_SHIFT] x_ratio=0.980 v_ratio=1.134 th_ratio=0.984 om_ratio=0.913 old_th_std=0.0316 new_th_std=0.0311 buf=20000
[21:09:42][store=347000][DIAG] buf=20000 train_steps=9552 train_ratio=0.478 frozen=True no_improve=12 loss_ema=0.21680 delta_mae=0.3499 x_mae=0.4823 v_mae=0.5139 th_mae=0.0654 om_mae=0.3380 mean_dis=0.00548 vel_dis=0.01041 best_mae=0.2064 ready_mae_ok=True ready_vel_ok=True ready_dis_ok=True
[21:09:43][store=348000][DIST_SHIFT] x_ratio=0.882 v_ratio=1.183 th_ratio=0.976 om_ratio=0.953 old_th_std=0.0306 new_th_std=0.0298 buf=20000
[21:09:43][store=348000][DIAG] buf=20000 train_steps=9552 train_ratio=0.478 frozen=True no_improve=12 loss_ema=0.21680 delta_mae=0.3453 x_mae=0.4776 v_mae=0.4853 th_mae=0.0559 om_mae=0.3623 mean_dis=0.00536 vel_dis=0.01013 best_mae=0.2064 ready_mae_ok=True ready_vel_ok=True ready_dis_ok=True
[21:09:43][store=349000][DIST_SHIFT] x_ratio=0.958 v_ratio=1.115 th_ratio=0.875 om_ratio=1.018 old_th_std=0.0325 new_th_std=0.0284 buf=20000
[21:09:43][store=349000][DIAG] buf=20000 train_steps=9552 train_ratio=0.478 frozen=True no_improve=12 loss_ema=0.21680 delta_mae=0.3664 x_mae=0.6136 v_mae=0.5163 th_mae=0.0565 om_mae=0.2792 mean_dis=0.00472 vel_dis=0.00891 best_mae=0.2064 ready_mae_ok=False ready_vel_ok=True ready_dis_ok=True
[21:09:43][store=350000][DIST_SHIFT] x_ratio=0.932 v_ratio=1.172 th_ratio=0.844 om_ratio=0.854 old_th_std=0.0319 new_th_std=0.0269 buf=20000
[21:09:43][store=350000][DIAG] buf=20000 train_steps=9552 train_ratio=0.478 frozen=True no_improve=12 loss_ema=0.21680 delta_mae=0.3860 x_mae=0.5279 v_mae=0.5830 th_mae=0.0676 om_mae=0.3655 mean_dis=0.00550 vel_dis=0.01035 best_mae=0.2064 ready_mae_ok=False ready_vel_ok=True ready_dis_ok=True
[21:09:43][store=351000][DIST_SHIFT] x_ratio=0.953 v_ratio=1.143 th_ratio=0.845 om_ratio=0.891 old_th_std=0.0300 new_th_std=0.0254 buf=20000
[21:09:43][store=351000][DIAG] buf=20000 train_steps=9552 train_ratio=0.478 frozen=True no_improve=12 loss_ema=0.21680 delta_mae=0.4008 x_mae=0.5650 v_mae=0.6349 th_mae=0.0654 om_mae=0.3380 mean_dis=0.00498 vel_dis=0.00947 best_mae=0.2064 ready_mae_ok=False ready_vel_ok=False ready_dis_ok=True
[21:09:43][store=352000][DIST_SHIFT] x_ratio=1.009 v_ratio=1.012 th_ratio=0.889 om_ratio=0.826 old_th_std=0.0304 new_th_std=0.0270 buf=20000
[21:09:43][store=352000][DIAG] buf=20000 train_steps=9552 train_ratio=0.478 frozen=True no_improve=12 loss_ema=0.21680 delta_mae=0.3995 x_mae=0.5805 v_mae=0.6114 th_mae=0.0613 om_mae=0.3449 mean_dis=0.00504 vel_dis=0.00955 best_mae=0.2064 ready_mae_ok=False ready_vel_ok=False ready_dis_ok=True
[21:09:43][store=353000][DIST_SHIFT] x_ratio=1.078 v_ratio=0.861 th_ratio=1.065 om_ratio=0.927 old_th_std=0.0279 new_th_std=0.0297 buf=20000
[21:09:43][store=353000][DIAG] buf=20000 train_steps=9552 train_ratio=0.478 frozen=True no_improve=12 loss_ema=0.21680 delta_mae=0.3822 x_mae=0.5716 v_mae=0.5770 th_mae=0.0651 om_mae=0.3152 mean_dis=0.00565 vel_dis=0.01066 best_mae=0.2064 ready_mae_ok=False ready_vel_ok=True ready_dis_ok=True
[21:09:43][store=354000][DIST_SHIFT] x_ratio=1.106 v_ratio=0.745 th_ratio=1.154 om_ratio=0.998 old_th_std=0.0251 new_th_std=0.0289 buf=20000
[21:09:44][store=354000][DIAG] buf=20000 train_steps=9552 train_ratio=0.478 frozen=True no_improve=12 loss_ema=0.21680 delta_mae=0.4003 x_mae=0.5646 v_mae=0.6424 th_mae=0.0593 om_mae=0.3348 mean_dis=0.00495 vel_dis=0.00942 best_mae=0.2064 ready_mae_ok=False ready_vel_ok=False ready_dis_ok=True
[21:09:44][store=355000][DIST_SHIFT] x_ratio=1.171 v_ratio=0.743 th_ratio=1.249 om_ratio=1.077 old_th_std=0.0227 new_th_std=0.0283 buf=20000
[21:09:44][store=355000][DIAG] buf=20000 train_steps=9552 train_ratio=0.478 frozen=True no_improve=12 loss_ema=0.21680 delta_mae=0.4308 x_mae=0.6360 v_mae=0.6187 th_mae=0.0696 om_mae=0.3991 mean_dis=0.00594 vel_dis=0.01127 best_mae=0.2064 ready_mae_ok=False ready_vel_ok=False ready_dis_ok=True
[21:09:44][store=356000][DIST_SHIFT] x_ratio=1.149 v_ratio=0.792 th_ratio=1.276 om_ratio=1.076 old_th_std=0.0212 new_th_std=0.0271 buf=20000
[21:09:44][store=356000][DIAG] buf=20000 train_steps=9552 train_ratio=0.478 frozen=True no_improve=12 loss_ema=0.21680 delta_mae=0.3915 x_mae=0.6064 v_mae=0.5742 th_mae=0.0587 om_mae=0.3267 mean_dis=0.00532 vel_dis=0.01012 best_mae=0.2064 ready_mae_ok=False ready_vel_ok=True ready_dis_ok=True
[21:09:44][store=357000][DIST_SHIFT] x_ratio=1.245 v_ratio=0.872 th_ratio=1.273 om_ratio=1.110 old_th_std=0.0219 new_th_std=0.0279 buf=20000
[21:09:44][store=357000][DIAG] buf=20000 train_steps=9552 train_ratio=0.478 frozen=True no_improve=12 loss_ema=0.21680 delta_mae=0.3898 x_mae=0.5255 v_mae=0.6088 th_mae=0.0654 om_mae=0.3593 mean_dis=0.00532 vel_dis=0.01011 best_mae=0.2064 ready_mae_ok=False ready_vel_ok=False ready_dis_ok=True
[21:09:44][store=358000][DIST_SHIFT] x_ratio=0.997 v_ratio=0.763 th_ratio=0.945 om_ratio=0.990 old_th_std=0.0246 new_th_std=0.0233 buf=20000
[21:09:44][store=358000][DIAG] buf=20000 train_steps=9552 train_ratio=0.478 frozen=True no_improve=12 loss_ema=0.21680 delta_mae=0.3793 x_mae=0.5670 v_mae=0.5490 th_mae=0.0638 om_mae=0.3371 mean_dis=0.00510 vel_dis=0.00967 best_mae=0.2064 ready_mae_ok=False ready_vel_ok=True ready_dis_ok=True
[21:09:44][store=359000][DIST_SHIFT] x_ratio=0.967 v_ratio=0.855 th_ratio=0.967 om_ratio=0.910 old_th_std=0.0267 new_th_std=0.0258 buf=20000
[21:09:44][store=359000][DIAG] buf=20000 train_steps=9552 train_ratio=0.478 frozen=True no_improve=12 loss_ema=0.21680 delta_mae=0.3868 x_mae=0.5832 v_mae=0.5618 th_mae=0.0617 om_mae=0.3406 mean_dis=0.00498 vel_dis=0.00944 best_mae=0.2064 ready_mae_ok=False ready_vel_ok=True ready_dis_ok=True
[21:09:44][store=360000][DIST_SHIFT] x_ratio=0.992 v_ratio=0.865 th_ratio=0.862 om_ratio=0.987 old_th_std=0.0304 new_th_std=0.0262 buf=20000
[21:09:44][store=360000][DIAG] buf=20000 train_steps=9552 train_ratio=0.478 frozen=True no_improve=12 loss_ema=0.21680 delta_mae=0.3802 x_mae=0.5500 v_mae=0.5883 th_mae=0.0699 om_mae=0.3127 mean_dis=0.00506 vel_dis=0.00969 best_mae=0.2064 ready_mae_ok=False ready_vel_ok=True ready_dis_ok=True
[21:09:45][store=361000][DIST_SHIFT] x_ratio=1.064 v_ratio=0.785 th_ratio=0.830 om_ratio=0.910 old_th_std=0.0312 new_th_std=0.0259 buf=20000
[21:09:45][store=361000][DIAG] buf=20000 train_steps=9552 train_ratio=0.478 frozen=True no_improve=12 loss_ema=0.21680 delta_mae=0.4003 x_mae=0.5779 v_mae=0.6424 th_mae=0.0684 om_mae=0.3124 mean_dis=0.00511 vel_dis=0.00969 best_mae=0.2064 ready_mae_ok=False ready_vel_ok=False ready_dis_ok=True
[21:09:45][store=362000][DIST_SHIFT] x_ratio=1.042 v_ratio=0.895 th_ratio=0.783 om_ratio=1.034 old_th_std=0.0311 new_th_std=0.0243 buf=20000
[21:09:45][store=362000][DIAG] buf=20000 train_steps=9552 train_ratio=0.478 frozen=True no_improve=12 loss_ema=0.21680 delta_mae=0.4287 x_mae=0.6250 v_mae=0.6457 th_mae=0.0769 om_mae=0.3673 mean_dis=0.00498 vel_dis=0.00949 best_mae=0.2064 ready_mae_ok=False ready_vel_ok=False ready_dis_ok=True
[21:09:45][store=363000][DIST_SHIFT] x_ratio=1.034 v_ratio=0.971 th_ratio=0.861 om_ratio=1.192 old_th_std=0.0298 new_th_std=0.0257 buf=20000
[21:09:45][store=363000][DIAG] buf=20000 train_steps=9552 train_ratio=0.478 frozen=True no_improve=12 loss_ema=0.21680 delta_mae=0.3579 x_mae=0.5031 v_mae=0.5433 th_mae=0.0608 om_mae=0.3244 mean_dis=0.00470 vel_dis=0.00892 best_mae=0.2064 ready_mae_ok=True ready_vel_ok=True ready_dis_ok=True
[21:09:45][store=364000][DIST_SHIFT] x_ratio=0.946 v_ratio=0.963 th_ratio=0.846 om_ratio=1.225 old_th_std=0.0284 new_th_std=0.0240 buf=20000
[21:09:45][store=364000][DIAG] buf=20000 train_steps=9552 train_ratio=0.478 frozen=True no_improve=12 loss_ema=0.21680 delta_mae=0.3837 x_mae=0.6029 v_mae=0.5920 th_mae=0.0581 om_mae=0.2818 mean_dis=0.00541 vel_dis=0.01028 best_mae=0.2064 ready_mae_ok=False ready_vel_ok=True ready_dis_ok=True
[21:09:45][store=365000][DIST_SHIFT] x_ratio=0.928 v_ratio=0.944 th_ratio=0.802 om_ratio=1.375 old_th_std=0.0269 new_th_std=0.0216 buf=20000
[21:09:45][store=365000][DIAG] buf=20000 train_steps=9552 train_ratio=0.478 frozen=True no_improve=12 loss_ema=0.21680 delta_mae=0.3494 x_mae=0.5425 v_mae=0.5538 th_mae=0.0677 om_mae=0.2337 mean_dis=0.00511 vel_dis=0.00960 best_mae=0.2064 ready_mae_ok=True ready_vel_ok=True ready_dis_ok=True
[21:09:45][store=366000][DIST_SHIFT] x_ratio=0.880 v_ratio=0.968 th_ratio=0.843 om_ratio=1.330 old_th_std=0.0254 new_th_std=0.0214 buf=20000
[21:09:45][store=366000][DIAG] buf=20000 train_steps=9552 train_ratio=0.478 frozen=True no_improve=12 loss_ema=0.21680 delta_mae=0.3205 x_mae=0.5002 v_mae=0.5019 th_mae=0.0579 om_mae=0.2218 mean_dis=0.00524 vel_dis=0.00994 best_mae=0.2064 ready_mae_ok=True ready_vel_ok=True ready_dis_ok=True
[21:09:46][store=367000][DIST_SHIFT] x_ratio=0.842 v_ratio=0.965 th_ratio=0.819 om_ratio=1.247 old_th_std=0.0270 new_th_std=0.0221 buf=20000
[21:09:46][store=367000][DIAG] buf=20000 train_steps=9552 train_ratio=0.478 frozen=True no_improve=12 loss_ema=0.21680 delta_mae=0.3546 x_mae=0.5589 v_mae=0.5334 th_mae=0.0669 om_mae=0.2591 mean_dis=0.00551 vel_dis=0.01048 best_mae=0.2064 ready_mae_ok=True ready_vel_ok=True ready_dis_ok=True
[21:09:46][store=368000][DIST_SHIFT] x_ratio=0.923 v_ratio=1.031 th_ratio=0.910 om_ratio=1.034 old_th_std=0.0297 new_th_std=0.0270 buf=20000
[21:09:46][store=368000][DIAG] buf=20000 train_steps=9552 train_ratio=0.478 frozen=True no_improve=12 loss_ema=0.21680 delta_mae=0.3083 x_mae=0.4384 v_mae=0.5096 th_mae=0.0586 om_mae=0.2267 mean_dis=0.00576 vel_dis=0.01095 best_mae=0.2064 ready_mae_ok=True ready_vel_ok=True ready_dis_ok=True
[21:09:46][store=369000][DIST_SHIFT] x_ratio=0.851 v_ratio=1.123 th_ratio=0.991 om_ratio=0.898 old_th_std=0.0289 new_th_std=0.0287 buf=20000
[21:09:46][store=369000][DIAG] buf=20000 train_steps=9552 train_ratio=0.478 frozen=True no_improve=12 loss_ema=0.21680 delta_mae=0.3358 x_mae=0.5089 v_mae=0.5525 th_mae=0.0623 om_mae=0.2195 mean_dis=0.00568 vel_dis=0.01085 best_mae=0.2064 ready_mae_ok=True ready_vel_ok=True ready_dis_ok=True
[21:09:46][store=370000][DIST_SHIFT] x_ratio=0.886 v_ratio=1.172 th_ratio=1.097 om_ratio=0.897 old_th_std=0.0283 new_th_std=0.0311 buf=20000
[21:09:46][store=370000][DIAG] buf=20000 train_steps=9552 train_ratio=0.478 frozen=True no_improve=12 loss_ema=0.21680 delta_mae=0.3225 x_mae=0.4874 v_mae=0.5166 th_mae=0.0535 om_mae=0.2324 mean_dis=0.00545 vel_dis=0.01032 best_mae=0.2064 ready_mae_ok=True ready_vel_ok=True ready_dis_ok=True
[21:09:46][store=371000][DIST_SHIFT] x_ratio=0.788 v_ratio=1.169 th_ratio=1.120 om_ratio=0.901 old_th_std=0.0271 new_th_std=0.0303 buf=20000
[21:09:46][store=371000][DIAG] buf=20000 train_steps=9552 train_ratio=0.478 frozen=True no_improve=12 loss_ema=0.21680 delta_mae=0.3072 x_mae=0.4955 v_mae=0.4801 th_mae=0.0595 om_mae=0.1937 mean_dis=0.00551 vel_dis=0.01044 best_mae=0.2064 ready_mae_ok=True ready_vel_ok=True ready_dis_ok=True
[21:09:46][store=372000][DIST_SHIFT] x_ratio=1.039 v_ratio=1.262 th_ratio=1.178 om_ratio=0.844 old_th_std=0.0279 new_th_std=0.0328 buf=20000
[21:09:46][store=372000][DIAG] buf=20000 train_steps=9552 train_ratio=0.478 frozen=True no_improve=12 loss_ema=0.21680 delta_mae=0.3608 x_mae=0.5884 v_mae=0.5820 th_mae=0.0626 om_mae=0.2105 mean_dis=0.00547 vel_dis=0.01036 best_mae=0.2064 ready_mae_ok=False ready_vel_ok=True ready_dis_ok=True
[21:09:46][store=373000][DIST_SHIFT] x_ratio=0.979 v_ratio=1.413 th_ratio=1.382 om_ratio=0.937 old_th_std=0.0233 new_th_std=0.0322 buf=20000
[21:09:46][store=373000][DIAG] buf=20000 train_steps=9552 train_ratio=0.478 frozen=True no_improve=12 loss_ema=0.21680 delta_mae=0.3568 x_mae=0.5454 v_mae=0.5384 th_mae=0.0637 om_mae=0.2796 mean_dis=0.00524 vel_dis=0.00995 best_mae=0.2064 ready_mae_ok=True ready_vel_ok=True ready_dis_ok=True
[21:09:47][store=374000][DIST_SHIFT] x_ratio=0.951 v_ratio=1.381 th_ratio=1.105 om_ratio=0.947 old_th_std=0.0258 new_th_std=0.0285 buf=20000
[21:09:47][store=374000][DIAG] buf=20000 train_steps=9552 train_ratio=0.478 frozen=True no_improve=12 loss_ema=0.21680 delta_mae=0.3172 x_mae=0.4614 v_mae=0.4942 th_mae=0.0565 om_mae=0.2566 mean_dis=0.00554 vel_dis=0.01056 best_mae=0.2064 ready_mae_ok=True ready_vel_ok=True ready_dis_ok=True
[21:09:47][store=375000][DIST_SHIFT] x_ratio=1.007 v_ratio=1.454 th_ratio=0.953 om_ratio=0.949 old_th_std=0.0262 new_th_std=0.0250 buf=20000
[21:09:47][store=375000][DIAG] buf=20000 train_steps=9552 train_ratio=0.478 frozen=True no_improve=12 loss_ema=0.21680 delta_mae=0.3740 x_mae=0.5977 v_mae=0.5586 th_mae=0.0591 om_mae=0.2806 mean_dis=0.00505 vel_dis=0.00964 best_mae=0.2064 ready_mae_ok=False ready_vel_ok=True ready_dis_ok=True
[21:09:47][store=376000][DIST_SHIFT] x_ratio=1.018 v_ratio=1.565 th_ratio=0.954 om_ratio=1.005 old_th_std=0.0259 new_th_std=0.0247 buf=20000
[21:09:47][store=376000][DIAG] buf=20000 train_steps=9552 train_ratio=0.478 frozen=True no_improve=12 loss_ema=0.21680 delta_mae=0.3423 x_mae=0.5444 v_mae=0.5090 th_mae=0.0563 om_mae=0.2593 mean_dis=0.00507 vel_dis=0.00959 best_mae=0.2064 ready_mae_ok=True ready_vel_ok=True ready_dis_ok=True
[21:09:47][store=377000][DIST_SHIFT] x_ratio=0.955 v_ratio=1.214 th_ratio=0.904 om_ratio=1.050 old_th_std=0.0243 new_th_std=0.0220 buf=20000
[21:09:47][store=377000][DIAG] buf=20000 train_steps=9552 train_ratio=0.478 frozen=True no_improve=12 loss_ema=0.21680 delta_mae=0.3563 x_mae=0.6045 v_mae=0.5123 th_mae=0.0582 om_mae=0.2501 mean_dis=0.00579 vel_dis=0.01100 best_mae=0.2064 ready_mae_ok=True ready_vel_ok=True ready_dis_ok=True
[21:09:47][store=378000][DIST_SHIFT] x_ratio=0.959 v_ratio=0.989 th_ratio=0.744 om_ratio=1.002 old_th_std=0.0257 new_th_std=0.0191 buf=20000
[21:09:47][store=378000][DIAG] buf=20000 train_steps=9552 train_ratio=0.478 frozen=True no_improve=12 loss_ema=0.21680 delta_mae=0.3419 x_mae=0.4632 v_mae=0.5242 th_mae=0.0596 om_mae=0.3205 mean_dis=0.00557 vel_dis=0.01063 best_mae=0.2064 ready_mae_ok=True ready_vel_ok=True ready_dis_ok=True
[21:09:47][store=379000][DIST_SHIFT] x_ratio=1.088 v_ratio=1.001 th_ratio=0.983 om_ratio=0.954 old_th_std=0.0240 new_th_std=0.0236 buf=20000
[21:09:47][store=379000][DIAG] buf=20000 train_steps=9552 train_ratio=0.478 frozen=True no_improve=12 loss_ema=0.21680 delta_mae=0.3117 x_mae=0.5248 v_mae=0.4674 th_mae=0.0629 om_mae=0.1917 mean_dis=0.00498 vel_dis=0.00945 best_mae=0.2064 ready_mae_ok=True ready_vel_ok=True ready_dis_ok=True
[21:09:48][store=380000][DIST_SHIFT] x_ratio=1.116 v_ratio=0.958 th_ratio=1.174 om_ratio=0.839 old_th_std=0.0216 new_th_std=0.0253 buf=20000
[21:09:48][store=380000][DIAG] buf=20000 train_steps=9552 train_ratio=0.478 frozen=True no_improve=12 loss_ema=0.21680 delta_mae=0.3689 x_mae=0.5139 v_mae=0.5888 th_mae=0.0578 om_mae=0.3149 mean_dis=0.00540 vel_dis=0.01025 best_mae=0.2064 ready_mae_ok=False ready_vel_ok=True ready_dis_ok=True
[21:09:48][store=381000][DIST_SHIFT] x_ratio=1.115 v_ratio=0.874 th_ratio=1.246 om_ratio=0.889 old_th_std=0.0214 new_th_std=0.0266 buf=20000
[21:09:48][store=381000][DIAG] buf=20000 train_steps=9552 train_ratio=0.478 frozen=True no_improve=12 loss_ema=0.21680 delta_mae=0.3252 x_mae=0.5391 v_mae=0.4691 th_mae=0.0515 om_mae=0.2410 mean_dis=0.00517 vel_dis=0.00988 best_mae=0.2064 ready_mae_ok=True ready_vel_ok=True ready_dis_ok=True
[21:09:48][store=382000][DIST_SHIFT] x_ratio=1.186 v_ratio=0.959 th_ratio=1.154 om_ratio=0.915 old_th_std=0.0221 new_th_std=0.0255 buf=20000
[21:09:48][store=382000][DIAG] buf=20000 train_steps=9552 train_ratio=0.478 frozen=True no_improve=12 loss_ema=0.21680 delta_mae=0.3502 x_mae=0.5574 v_mae=0.5298 th_mae=0.0576 om_mae=0.2558 mean_dis=0.00483 vel_dis=0.00930 best_mae=0.2064 ready_mae_ok=True ready_vel_ok=True ready_dis_ok=True
[21:09:48][store=383000][DIST_SHIFT] x_ratio=1.023 v_ratio=1.134 th_ratio=0.940 om_ratio=0.772 old_th_std=0.0270 new_th_std=0.0254 buf=20000
[21:09:48][store=383000][DIAG] buf=20000 train_steps=9552 train_ratio=0.478 frozen=True no_improve=12 loss_ema=0.21680 delta_mae=0.3465 x_mae=0.5626 v_mae=0.4786 th_mae=0.0608 om_mae=0.2839 mean_dis=0.00537 vel_dis=0.01026 best_mae=0.2064 ready_mae_ok=True ready_vel_ok=True ready_dis_ok=True
[21:09:48][store=384000][DIST_SHIFT] x_ratio=0.963 v_ratio=1.082 th_ratio=0.799 om_ratio=0.789 old_th_std=0.0287 new_th_std=0.0229 buf=20000
[21:09:48][store=384000][DIAG] buf=20000 train_steps=9552 train_ratio=0.478 frozen=True no_improve=12 loss_ema=0.21680 delta_mae=0.3515 x_mae=0.5134 v_mae=0.5057 th_mae=0.0510 om_mae=0.3358 mean_dis=0.00499 vel_dis=0.00954 best_mae=0.2064 ready_mae_ok=True ready_vel_ok=True ready_dis_ok=True
[21:09:48][store=385000][DIST_SHIFT] x_ratio=0.851 v_ratio=1.018 th_ratio=0.733 om_ratio=0.944 old_th_std=0.0311 new_th_std=0.0228 buf=20000
[21:09:48][store=385000][DIAG] buf=20000 train_steps=9552 train_ratio=0.478 frozen=True no_improve=12 loss_ema=0.21680 delta_mae=0.3399 x_mae=0.5496 v_mae=0.4686 th_mae=0.0624 om_mae=0.2792 mean_dis=0.00538 vel_dis=0.01019 best_mae=0.2064 ready_mae_ok=True ready_vel_ok=True ready_dis_ok=True
[21:09:49][store=386000][DIST_SHIFT] x_ratio=0.983 v_ratio=0.812 th_ratio=0.687 om_ratio=0.906 old_th_std=0.0303 new_th_std=0.0209 buf=20000
[21:09:49][store=386000][DIAG] buf=20000 train_steps=9552 train_ratio=0.478 frozen=True no_improve=12 loss_ema=0.21680 delta_mae=0.3579 x_mae=0.5429 v_mae=0.5208 th_mae=0.0611 om_mae=0.3066 mean_dis=0.00528 vel_dis=0.01001 best_mae=0.2064 ready_mae_ok=True ready_vel_ok=True ready_dis_ok=True
[21:09:49][store=387000][DIST_SHIFT] x_ratio=0.833 v_ratio=0.842 th_ratio=0.467 om_ratio=0.723 old_th_std=0.0328 new_th_std=0.0153 buf=20000
[21:09:49][store=387000][DIAG] buf=20000 train_steps=9552 train_ratio=0.478 frozen=True no_improve=12 loss_ema=0.21680 delta_mae=0.3440 x_mae=0.5664 v_mae=0.4749 th_mae=0.0550 om_mae=0.2796 mean_dis=0.00523 vel_dis=0.00988 best_mae=0.2064 ready_mae_ok=True ready_vel_ok=True ready_dis_ok=True
[21:09:49][store=388000][DIST_SHIFT] x_ratio=0.998 v_ratio=0.785 th_ratio=0.686 om_ratio=0.888 old_th_std=0.0322 new_th_std=0.0221 buf=20000
[21:09:49][store=388000][DIAG] buf=20000 train_steps=9552 train_ratio=0.478 frozen=True no_improve=12 loss_ema=0.21680 delta_mae=0.3360 x_mae=0.6107 v_mae=0.4382 th_mae=0.0538 om_mae=0.2413 mean_dis=0.00512 vel_dis=0.00970 best_mae=0.2064 ready_mae_ok=True ready_vel_ok=True ready_dis_ok=True
[21:09:49][store=389000][DIST_SHIFT] x_ratio=1.158 v_ratio=0.779 th_ratio=0.810 om_ratio=1.136 old_th_std=0.0285 new_th_std=0.0231 buf=20000
[21:09:49][store=389000][DIAG] buf=20000 train_steps=9552 train_ratio=0.478 frozen=True no_improve=12 loss_ema=0.21680 delta_mae=0.3395 x_mae=0.5248 v_mae=0.4830 th_mae=0.0550 om_mae=0.2950 mean_dis=0.00542 vel_dis=0.01023 best_mae=0.2064 ready_mae_ok=True ready_vel_ok=True ready_dis_ok=True
[21:09:49][store=390000][DIST_SHIFT] x_ratio=1.108 v_ratio=0.720 th_ratio=1.037 om_ratio=1.075 old_th_std=0.0250 new_th_std=0.0259 buf=20000
[21:09:49][store=390000][DIAG] buf=20000 train_steps=9552 train_ratio=0.478 frozen=True no_improve=12 loss_ema=0.21680 delta_mae=0.3663 x_mae=0.6222 v_mae=0.5449 th_mae=0.0555 om_mae=0.2426 mean_dis=0.00514 vel_dis=0.00968 best_mae=0.2064 ready_mae_ok=False ready_vel_ok=True ready_dis_ok=True
[21:09:49][store=391000][DIST_SHIFT] x_ratio=1.074 v_ratio=0.840 th_ratio=1.148 om_ratio=1.054 old_th_std=0.0247 new_th_std=0.0284 buf=20000
[21:09:49][store=391000][DIAG] buf=20000 train_steps=9552 train_ratio=0.478 frozen=True no_improve=12 loss_ema=0.21680 delta_mae=0.3607 x_mae=0.5555 v_mae=0.5373 th_mae=0.0586 om_mae=0.2914 mean_dis=0.00572 vel_dis=0.01076 best_mae=0.2064 ready_mae_ok=False ready_vel_ok=True ready_dis_ok=True
[21:09:49][store=392000][DIST_SHIFT] x_ratio=1.088 v_ratio=0.935 th_ratio=1.370 om_ratio=0.952 old_th_std=0.0220 new_th_std=0.0301 buf=20000
[21:09:50][store=392000][DIAG] buf=20000 train_steps=9552 train_ratio=0.478 frozen=True no_improve=12 loss_ema=0.21680 delta_mae=0.3703 x_mae=0.5869 v_mae=0.5335 th_mae=0.0481 om_mae=0.3129 mean_dis=0.00516 vel_dis=0.00980 best_mae=0.2064 ready_mae_ok=False ready_vel_ok=True ready_dis_ok=True
[21:09:50][store=393000][DIST_SHIFT] x_ratio=1.061 v_ratio=0.928 th_ratio=1.434 om_ratio=0.920 old_th_std=0.0191 new_th_std=0.0274 buf=20000
[21:09:50][store=393000][DIAG] buf=20000 train_steps=9552 train_ratio=0.478 frozen=True no_improve=12 loss_ema=0.21680 delta_mae=0.3479 x_mae=0.5541 v_mae=0.5090 th_mae=0.0604 om_mae=0.2681 mean_dis=0.00512 vel_dis=0.00959 best_mae=0.2064 ready_mae_ok=True ready_vel_ok=True ready_dis_ok=True
[21:09:50][store=394000][DIST_SHIFT] x_ratio=0.853 v_ratio=0.891 th_ratio=1.144 om_ratio=0.934 old_th_std=0.0236 new_th_std=0.0270 buf=20000
[21:09:50][store=394000][DIAG] buf=20000 train_steps=9552 train_ratio=0.478 frozen=True no_improve=12 loss_ema=0.21680 delta_mae=0.3706 x_mae=0.5907 v_mae=0.5296 th_mae=0.0563 om_mae=0.3059 mean_dis=0.00527 vel_dis=0.00998 best_mae=0.2064 ready_mae_ok=False ready_vel_ok=True ready_dis_ok=True
[21:09:50][store=395000][DIST_SHIFT] x_ratio=0.738 v_ratio=0.970 th_ratio=0.965 om_ratio=1.066 old_th_std=0.0253 new_th_std=0.0244 buf=20000
[21:09:50][store=395000][DIAG] buf=20000 train_steps=9552 train_ratio=0.478 frozen=True no_improve=12 loss_ema=0.21680 delta_mae=0.3477 x_mae=0.5080 v_mae=0.5206 th_mae=0.0570 om_mae=0.3054 mean_dis=0.00552 vel_dis=0.01042 best_mae=0.2064 ready_mae_ok=True ready_vel_ok=True ready_dis_ok=True
[21:09:50][store=396000][DIST_SHIFT] x_ratio=0.734 v_ratio=0.929 th_ratio=0.789 om_ratio=1.010 old_th_std=0.0266 new_th_std=0.0210 buf=20000
[21:09:50][store=396000][DIAG] buf=20000 train_steps=9552 train_ratio=0.478 frozen=True no_improve=12 loss_ema=0.21680 delta_mae=0.3519 x_mae=0.5052 v_mae=0.5233 th_mae=0.0531 om_mae=0.3259 mean_dis=0.00494 vel_dis=0.00934 best_mae=0.2064 ready_mae_ok=True ready_vel_ok=True ready_dis_ok=True
[21:09:50][store=397000][DIST_SHIFT] x_ratio=0.798 v_ratio=0.887 th_ratio=0.822 om_ratio=0.984 old_th_std=0.0255 new_th_std=0.0210 buf=20000
[21:09:50][store=397000][DIAG] buf=20000 train_steps=9552 train_ratio=0.478 frozen=True no_improve=12 loss_ema=0.21680 delta_mae=0.3295 x_mae=0.5527 v_mae=0.4201 th_mae=0.0508 om_mae=0.2944 mean_dis=0.00553 vel_dis=0.01042 best_mae=0.2064 ready_mae_ok=True ready_vel_ok=True ready_dis_ok=True
[21:09:50][store=398000][DIST_SHIFT] x_ratio=0.898 v_ratio=0.827 th_ratio=0.936 om_ratio=1.064 old_th_std=0.0254 new_th_std=0.0238 buf=20000
[21:09:50][store=398000][DIAG] buf=20000 train_steps=9552 train_ratio=0.478 frozen=True no_improve=12 loss_ema=0.21680 delta_mae=0.3417 x_mae=0.5248 v_mae=0.5137 th_mae=0.0529 om_mae=0.2755 mean_dis=0.00512 vel_dis=0.00958 best_mae=0.2064 ready_mae_ok=True ready_vel_ok=True ready_dis_ok=True
[21:09:51][store=399000][DIST_SHIFT] x_ratio=1.068 v_ratio=1.019 th_ratio=1.116 om_ratio=0.951 old_th_std=0.0229 new_th_std=0.0256 buf=20000
[21:09:51][store=399000][DIAG] buf=20000 train_steps=9552 train_ratio=0.478 frozen=True no_improve=12 loss_ema=0.21680 delta_mae=0.3407 x_mae=0.5160 v_mae=0.4774 th_mae=0.0573 om_mae=0.3123 mean_dis=0.00522 vel_dis=0.00982 best_mae=0.2064 ready_mae_ok=True ready_vel_ok=True ready_dis_ok=True
[21:09:51][store=400000][DIST_SHIFT] x_ratio=1.254 v_ratio=1.080 th_ratio=1.118 om_ratio=0.705 old_th_std=0.0228 new_th_std=0.0255 buf=20000
[21:09:51][store=400000][DIAG] buf=20000 train_steps=9552 train_ratio=0.478 frozen=True no_improve=12 loss_ema=0.21680 delta_mae=0.2925 x_mae=0.4290 v_mae=0.4227 th_mae=0.0512 om_mae=0.2671 mean_dis=0.00532 vel_dis=0.00997 best_mae=0.2064 ready_mae_ok=True ready_vel_ok=True ready_dis_ok=True
[21:09:51][store=401000][DIST_SHIFT] x_ratio=1.342 v_ratio=1.300 th_ratio=1.312 om_ratio=0.914 old_th_std=0.0209 new_th_std=0.0274 buf=20000
[21:09:51][store=401000][DIAG] buf=20000 train_steps=9552 train_ratio=0.478 frozen=True no_improve=12 loss_ema=0.21680 delta_mae=0.3504 x_mae=0.5519 v_mae=0.5077 th_mae=0.0521 om_mae=0.2901 mean_dis=0.00509 vel_dis=0.00959 best_mae=0.2064 ready_mae_ok=True ready_vel_ok=True ready_dis_ok=True
[21:09:51][store=402000][DIST_SHIFT] x_ratio=1.203 v_ratio=1.270 th_ratio=1.796 om_ratio=1.162 old_th_std=0.0153 new_th_std=0.0275 buf=20000
[21:09:51][store=402000][DIAG] buf=20000 train_steps=9552 train_ratio=0.478 frozen=True no_improve=12 loss_ema=0.21680 delta_mae=0.3422 x_mae=0.4454 v_mae=0.5292 th_mae=0.0505 om_mae=0.3439 mean_dis=0.00496 vel_dis=0.00928 best_mae=0.2064 ready_mae_ok=True ready_vel_ok=True ready_dis_ok=True
[21:09:51][store=403000][DIST_SHIFT] x_ratio=1.092 v_ratio=1.348 th_ratio=1.061 om_ratio=0.878 old_th_std=0.0221 new_th_std=0.0234 buf=20000
[21:09:51][store=403000][DIAG] buf=20000 train_steps=9552 train_ratio=0.478 frozen=True no_improve=12 loss_ema=0.21680 delta_mae=0.3258 x_mae=0.5247 v_mae=0.4753 th_mae=0.0527 om_mae=0.2507 mean_dis=0.00560 vel_dis=0.01058 best_mae=0.2064 ready_mae_ok=True ready_vel_ok=True ready_dis_ok=True
[21:09:51][store=404000][DIST_SHIFT] x_ratio=1.014 v_ratio=1.233 th_ratio=0.961 om_ratio=0.783 old_th_std=0.0231 new_th_std=0.0222 buf=20000
[21:09:51][store=404000][DIAG] buf=20000 train_steps=9552 train_ratio=0.478 frozen=True no_improve=12 loss_ema=0.21680 delta_mae=0.3307 x_mae=0.5598 v_mae=0.4221 th_mae=0.0474 om_mae=0.2937 mean_dis=0.00515 vel_dis=0.00962 best_mae=0.2064 ready_mae_ok=True ready_vel_ok=True ready_dis_ok=True
[21:09:52][store=405000][DIST_SHIFT] x_ratio=0.943 v_ratio=1.281 th_ratio=0.839 om_ratio=0.744 old_th_std=0.0259 new_th_std=0.0217 buf=20000
[21:09:52][store=405000][DIAG] buf=20000 train_steps=9552 train_ratio=0.478 frozen=True no_improve=12 loss_ema=0.21680 delta_mae=0.3321 x_mae=0.5005 v_mae=0.4417 th_mae=0.0465 om_mae=0.3397 mean_dis=0.00509 vel_dis=0.00963 best_mae=0.2064 ready_mae_ok=True ready_vel_ok=True ready_dis_ok=True
[21:09:52][store=406000][DIST_SHIFT] x_ratio=0.984 v_ratio=1.090 th_ratio=0.712 om_ratio=0.817 old_th_std=0.0284 new_th_std=0.0202 buf=20000
[21:09:52][store=406000][DIAG] buf=20000 train_steps=9552 train_ratio=0.478 frozen=True no_improve=12 loss_ema=0.21680 delta_mae=0.3180 x_mae=0.5042 v_mae=0.4483 th_mae=0.0471 om_mae=0.2724 mean_dis=0.00534 vel_dis=0.01011 best_mae=0.2064 ready_mae_ok=True ready_vel_ok=True ready_dis_ok=True
[21:09:52][store=407000][DIST_SHIFT] x_ratio=1.116 v_ratio=0.934 th_ratio=0.638 om_ratio=0.888 old_th_std=0.0301 new_th_std=0.0192 buf=20000
[21:09:52][store=407000][DIAG] buf=20000 train_steps=9552 train_ratio=0.478 frozen=True no_improve=12 loss_ema=0.21680 delta_mae=0.3445 x_mae=0.5351 v_mae=0.4556 th_mae=0.0489 om_mae=0.3383 mean_dis=0.00503 vel_dis=0.00941 best_mae=0.2064 ready_mae_ok=True ready_vel_ok=True ready_dis_ok=True
[21:09:52][store=408000][DIST_SHIFT] x_ratio=1.053 v_ratio=0.942 th_ratio=0.690 om_ratio=0.971 old_th_std=0.0274 new_th_std=0.0189 buf=20000
[21:09:52][store=408000][DIAG] buf=20000 train_steps=9552 train_ratio=0.478 frozen=True no_improve=12 loss_ema=0.21680 delta_mae=0.3301 x_mae=0.5335 v_mae=0.4855 th_mae=0.0572 om_mae=0.2443 mean_dis=0.00538 vel_dis=0.01020 best_mae=0.2064 ready_mae_ok=True ready_vel_ok=True ready_dis_ok=True
[21:09:52][store=409000][DIST_SHIFT] x_ratio=1.128 v_ratio=0.948 th_ratio=0.755 om_ratio=0.960 old_th_std=0.0270 new_th_std=0.0204 buf=20000
[21:09:52][store=409000][DIAG] buf=20000 train_steps=9552 train_ratio=0.478 frozen=True no_improve=12 loss_ema=0.21680 delta_mae=0.3664 x_mae=0.6078 v_mae=0.5319 th_mae=0.0566 om_mae=0.2695 mean_dis=0.00521 vel_dis=0.00981 best_mae=0.2064 ready_mae_ok=False ready_vel_ok=True ready_dis_ok=True
[21:09:52][store=410000][DIST_SHIFT] x_ratio=1.393 v_ratio=0.906 th_ratio=0.945 om_ratio=0.876 old_th_std=0.0244 new_th_std=0.0231 buf=20000
[21:09:52][store=410000][DIAG] buf=20000 train_steps=9552 train_ratio=0.478 frozen=True no_improve=12 loss_ema=0.21680 delta_mae=0.3551 x_mae=0.5716 v_mae=0.5290 th_mae=0.0519 om_mae=0.2677 mean_dis=0.00511 vel_dis=0.00970 best_mae=0.2064 ready_mae_ok=True ready_vel_ok=True ready_dis_ok=True
[21:09:53][store=411000][DIST_SHIFT] x_ratio=1.582 v_ratio=1.199 th_ratio=1.168 om_ratio=0.896 old_th_std=0.0210 new_th_std=0.0246 buf=20000
[21:09:53][store=411000][DIAG] buf=20000 train_steps=9552 train_ratio=0.478 frozen=True no_improve=12 loss_ema=0.21680 delta_mae=0.3382 x_mae=0.5050 v_mae=0.5103 th_mae=0.0496 om_mae=0.2878 mean_dis=0.00525 vel_dis=0.00985 best_mae=0.2064 ready_mae_ok=True ready_vel_ok=True ready_dis_ok=True
[21:09:53][store=412000][DIST_SHIFT] x_ratio=1.355 v_ratio=1.243 th_ratio=1.197 om_ratio=0.968 old_th_std=0.0210 new_th_std=0.0251 buf=20000
[21:09:53][store=412000][DIAG] buf=20000 train_steps=9552 train_ratio=0.478 frozen=True no_improve=12 loss_ema=0.21680 delta_mae=0.3163 x_mae=0.5107 v_mae=0.4654 th_mae=0.0526 om_mae=0.2366 mean_dis=0.00530 vel_dis=0.01004 best_mae=0.2064 ready_mae_ok=True ready_vel_ok=True ready_dis_ok=True
[21:09:53][store=413000][DIST_SHIFT] x_ratio=1.295 v_ratio=1.103 th_ratio=1.209 om_ratio=1.010 old_th_std=0.0238 new_th_std=0.0288 buf=20000
[21:09:53][store=413000][DIAG] buf=20000 train_steps=9552 train_ratio=0.478 frozen=True no_improve=12 loss_ema=0.21680 delta_mae=0.3150 x_mae=0.4980 v_mae=0.4630 th_mae=0.0519 om_mae=0.2469 mean_dis=0.00515 vel_dis=0.00963 best_mae=0.2064 ready_mae_ok=True ready_vel_ok=True ready_dis_ok=True
[21:09:53][store=414000][DIST_SHIFT] x_ratio=1.167 v_ratio=0.871 th_ratio=1.044 om_ratio=1.428 old_th_std=0.0256 new_th_std=0.0267 buf=20000
[21:09:53][store=414000][DIAG] buf=20000 train_steps=9552 train_ratio=0.478 frozen=True no_improve=12 loss_ema=0.21680 delta_mae=0.3536 x_mae=0.5580 v_mae=0.5423 th_mae=0.0539 om_mae=0.2602 mean_dis=0.00495 vel_dis=0.00925 best_mae=0.2064 ready_mae_ok=True ready_vel_ok=True ready_dis_ok=True
[21:09:53][store=415000][DIST_SHIFT] x_ratio=0.867 v_ratio=0.835 th_ratio=1.102 om_ratio=1.508 old_th_std=0.0255 new_th_std=0.0281 buf=20000
[21:09:53][store=415000][DIAG] buf=20000 train_steps=9552 train_ratio=0.478 frozen=True no_improve=12 loss_ema=0.21680 delta_mae=0.3536 x_mae=0.5168 v_mae=0.5764 th_mae=0.0506 om_mae=0.2706 mean_dis=0.00517 vel_dis=0.00974 best_mae=0.2064 ready_mae_ok=True ready_vel_ok=True ready_dis_ok=True
[21:09:53][store=416000][DIST_SHIFT] x_ratio=0.897 v_ratio=0.731 th_ratio=1.068 om_ratio=1.057 old_th_std=0.0274 new_th_std=0.0292 buf=20000
[21:09:53][store=416000][DIAG] buf=20000 train_steps=9552 train_ratio=0.478 frozen=True no_improve=12 loss_ema=0.21680 delta_mae=0.3302 x_mae=0.5225 v_mae=0.5345 th_mae=0.0459 om_mae=0.2178 mean_dis=0.00476 vel_dis=0.00897 best_mae=0.2064 ready_mae_ok=True ready_vel_ok=True ready_dis_ok=True
[21:09:53][store=417000][DIST_SHIFT] x_ratio=0.866 v_ratio=0.730 th_ratio=1.049 om_ratio=1.042 old_th_std=0.0275 new_th_std=0.0289 buf=20000
[21:09:53][store=417000][DIAG] buf=20000 train_steps=9552 train_ratio=0.478 frozen=True no_improve=12 loss_ema=0.21680 delta_mae=0.3832 x_mae=0.6563 v_mae=0.5567 th_mae=0.0594 om_mae=0.2603 mean_dis=0.00511 vel_dis=0.00955 best_mae=0.2064 ready_mae_ok=False ready_vel_ok=True ready_dis_ok=True
[21:09:54][store=418000][DIST_SHIFT] x_ratio=0.777 v_ratio=0.751 th_ratio=1.280 om_ratio=1.124 old_th_std=0.0234 new_th_std=0.0300 buf=20000
[21:09:54][store=418000][DIAG] buf=20000 train_steps=9552 train_ratio=0.478 frozen=True no_improve=12 loss_ema=0.21680 delta_mae=0.3533 x_mae=0.5751 v_mae=0.5663 th_mae=0.0537 om_mae=0.2181 mean_dis=0.00535 vel_dis=0.01013 best_mae=0.2064 ready_mae_ok=True ready_vel_ok=True ready_dis_ok=True
[21:09:54][store=419000][DIST_SHIFT] x_ratio=0.775 v_ratio=0.808 th_ratio=1.455 om_ratio=0.883 old_th_std=0.0222 new_th_std=0.0323 buf=20000
[21:09:54][store=419000][DIAG] buf=20000 train_steps=9552 train_ratio=0.478 frozen=True no_improve=12 loss_ema=0.21680 delta_mae=0.3656 x_mae=0.6188 v_mae=0.5383 th_mae=0.0568 om_mae=0.2486 mean_dis=0.00513 vel_dis=0.00959 best_mae=0.2064 ready_mae_ok=False ready_vel_ok=True ready_dis_ok=True
[21:09:54][store=420000][DIST_SHIFT] x_ratio=0.856 v_ratio=0.803 th_ratio=1.496 om_ratio=1.075 old_th_std=0.0217 new_th_std=0.0325 buf=20000
[21:09:54][store=420000][DIAG] buf=20000 train_steps=9552 train_ratio=0.478 frozen=True no_improve=12 loss_ema=0.21680 delta_mae=0.3323 x_mae=0.4651 v_mae=0.5584 th_mae=0.0574 om_mae=0.2481 mean_dis=0.00543 vel_dis=0.01020 best_mae=0.2064 ready_mae_ok=True ready_vel_ok=True ready_dis_ok=True
[21:09:54][store=421000][DIST_SHIFT] x_ratio=0.820 v_ratio=0.770 th_ratio=1.427 om_ratio=1.014 old_th_std=0.0202 new_th_std=0.0288 buf=20000
[21:09:54][store=421000][DIAG] buf=20000 train_steps=9552 train_ratio=0.478 frozen=True no_improve=12 loss_ema=0.21680 delta_mae=0.3721 x_mae=0.5479 v_mae=0.5887 th_mae=0.0537 om_mae=0.2982 mean_dis=0.00476 vel_dis=0.00877 best_mae=0.2064 ready_mae_ok=False ready_vel_ok=True ready_dis_ok=True
[21:09:54][store=422000][DIST_SHIFT] x_ratio=0.776 v_ratio=0.807 th_ratio=1.424 om_ratio=1.019 old_th_std=0.0192 new_th_std=0.0274 buf=20000
[21:09:54][store=422000][DIAG] buf=20000 train_steps=9552 train_ratio=0.478 frozen=True no_improve=12 loss_ema=0.21680 delta_mae=0.3634 x_mae=0.5565 v_mae=0.5744 th_mae=0.0570 om_mae=0.2659 mean_dis=0.00534 vel_dis=0.00996 best_mae=0.2064 ready_mae_ok=False ready_vel_ok=True ready_dis_ok=True
[21:09:54][store=423000][DIST_SHIFT] x_ratio=0.932 v_ratio=0.953 th_ratio=1.336 om_ratio=1.063 old_th_std=0.0189 new_th_std=0.0253 buf=20000
[21:09:54][store=423000][DIAG] buf=20000 train_steps=9552 train_ratio=0.478 frozen=True no_improve=12 loss_ema=0.21680 delta_mae=0.3784 x_mae=0.6255 v_mae=0.6315 th_mae=0.0526 om_mae=0.2041 mean_dis=0.00562 vel_dis=0.01049 best_mae=0.2064 ready_mae_ok=False ready_vel_ok=False ready_dis_ok=True
[21:09:55][store=424000][DIST_SHIFT] x_ratio=1.029 v_ratio=1.000 th_ratio=1.060 om_ratio=1.106 old_th_std=0.0204 new_th_std=0.0216 buf=20000
[21:09:55][store=424000][DIAG] buf=20000 train_steps=9552 train_ratio=0.478 frozen=True no_improve=12 loss_ema=0.21680 delta_mae=0.3986 x_mae=0.5854 v_mae=0.6730 th_mae=0.0616 om_mae=0.2742 mean_dis=0.00509 vel_dis=0.00956 best_mae=0.2064 ready_mae_ok=False ready_vel_ok=False ready_dis_ok=True
[21:09:55][store=425000][DIST_SHIFT] x_ratio=0.928 v_ratio=1.122 th_ratio=0.930 om_ratio=1.256 old_th_std=0.0231 new_th_std=0.0215 buf=20000
[21:09:55][store=425000][DIAG] buf=20000 train_steps=9552 train_ratio=0.478 frozen=True no_improve=12 loss_ema=0.21680 delta_mae=0.3332 x_mae=0.4837 v_mae=0.5488 th_mae=0.0582 om_mae=0.2419 mean_dis=0.00560 vel_dis=0.01048 best_mae=0.2064 ready_mae_ok=True ready_vel_ok=True ready_dis_ok=True
[21:09:55][store=426000][DIST_SHIFT] x_ratio=0.824 v_ratio=1.027 th_ratio=0.908 om_ratio=1.480 old_th_std=0.0246 new_th_std=0.0223 buf=20000
[21:09:55][store=426000][DIAG] buf=20000 train_steps=9552 train_ratio=0.478 frozen=True no_improve=12 loss_ema=0.21680 delta_mae=0.3589 x_mae=0.5346 v_mae=0.6138 th_mae=0.0575 om_mae=0.2295 mean_dis=0.00551 vel_dis=0.01034 best_mae=0.2064 ready_mae_ok=True ready_vel_ok=False ready_dis_ok=True
[21:09:55][store=427000][DIST_SHIFT] x_ratio=0.844 v_ratio=1.037 th_ratio=1.009 om_ratio=1.332 old_th_std=0.0251 new_th_std=0.0253 buf=20000
[21:09:55][store=427000][DIAG] buf=20000 train_steps=9552 train_ratio=0.478 frozen=True no_improve=12 loss_ema=0.21680 delta_mae=0.3584 x_mae=0.5379 v_mae=0.6222 th_mae=0.0581 om_mae=0.2154 mean_dis=0.00515 vel_dis=0.00966 best_mae=0.2064 ready_mae_ok=True ready_vel_ok=False ready_dis_ok=True
[21:09:55][store=428000][DIST_SHIFT] x_ratio=0.720 v_ratio=0.997 th_ratio=0.842 om_ratio=1.291 old_th_std=0.0288 new_th_std=0.0242 buf=20000
[21:09:55][store=428000][DIAG] buf=20000 train_steps=9552 train_ratio=0.478 frozen=True no_improve=12 loss_ema=0.21680 delta_mae=0.3957 x_mae=0.5721 v_mae=0.6758 th_mae=0.0641 om_mae=0.2710 mean_dis=0.00537 vel_dis=0.01003 best_mae=0.2064 ready_mae_ok=False ready_vel_ok=False ready_dis_ok=True
[21:09:55][store=429000][DIST_SHIFT] x_ratio=0.873 v_ratio=1.106 th_ratio=0.908 om_ratio=0.913 old_th_std=0.0267 new_th_std=0.0242 buf=20000
[21:09:55][store=429000][DIAG] buf=20000 train_steps=9552 train_ratio=0.478 frozen=True no_improve=12 loss_ema=0.21680 delta_mae=0.3942 x_mae=0.5967 v_mae=0.6402 th_mae=0.0563 om_mae=0.2835 mean_dis=0.00513 vel_dis=0.00968 best_mae=0.2064 ready_mae_ok=False ready_vel_ok=False ready_dis_ok=True
[21:09:56][store=430000][DIST_SHIFT] x_ratio=1.124 v_ratio=1.077 th_ratio=0.887 om_ratio=0.910 old_th_std=0.0281 new_th_std=0.0249 buf=20000
[21:09:56][store=430000][DIAG] buf=20000 train_steps=9552 train_ratio=0.478 frozen=True no_improve=12 loss_ema=0.21680 delta_mae=0.3701 x_mae=0.5824 v_mae=0.5906 th_mae=0.0546 om_mae=0.2529 mean_dis=0.00564 vel_dis=0.01063 best_mae=0.2064 ready_mae_ok=False ready_vel_ok=True ready_dis_ok=True
[21:09:56][store=431000][DIST_SHIFT] x_ratio=1.098 v_ratio=1.154 th_ratio=0.880 om_ratio=0.879 old_th_std=0.0292 new_th_std=0.0257 buf=20000
[21:09:56][store=431000][DIAG] buf=20000 train_steps=9552 train_ratio=0.478 frozen=True no_improve=12 loss_ema=0.21680 delta_mae=0.3950 x_mae=0.5577 v_mae=0.6621 th_mae=0.0665 om_mae=0.2935 mean_dis=0.00525 vel_dis=0.00995 best_mae=0.2064 ready_mae_ok=False ready_vel_ok=False ready_dis_ok=True
[21:09:56][store=432000][DIST_SHIFT] x_ratio=1.171 v_ratio=0.995 th_ratio=0.945 om_ratio=0.862 old_th_std=0.0289 new_th_std=0.0273 buf=20000
[21:09:56][store=432000][DIAG] buf=20000 train_steps=9552 train_ratio=0.478 frozen=True no_improve=12 loss_ema=0.21680 delta_mae=0.3846 x_mae=0.5628 v_mae=0.6167 th_mae=0.0651 om_mae=0.2938 mean_dis=0.00534 vel_dis=0.01013 best_mae=0.2064 ready_mae_ok=False ready_vel_ok=False ready_dis_ok=True
[21:09:56][store=433000][DIST_SHIFT] x_ratio=1.141 v_ratio=0.984 th_ratio=1.040 om_ratio=1.043 old_th_std=0.0300 new_th_std=0.0312 buf=20000
[21:09:56][store=433000][DIAG] buf=20000 train_steps=9552 train_ratio=0.478 frozen=True no_improve=12 loss_ema=0.21680 delta_mae=0.3306 x_mae=0.5073 v_mae=0.5236 th_mae=0.0567 om_mae=0.2348 mean_dis=0.00516 vel_dis=0.00977 best_mae=0.2064 ready_mae_ok=True ready_vel_ok=True ready_dis_ok=True
[21:09:56][store=434000][DIST_SHIFT] x_ratio=1.041 v_ratio=0.944 th_ratio=0.958 om_ratio=1.295 old_th_std=0.0323 new_th_std=0.0310 buf=20000
[21:09:56][store=434000][DIAG] buf=20000 train_steps=9552 train_ratio=0.478 frozen=True no_improve=12 loss_ema=0.21680 delta_mae=0.3629 x_mae=0.5690 v_mae=0.6188 th_mae=0.0553 om_mae=0.2085 mean_dis=0.00514 vel_dis=0.00966 best_mae=0.2064 ready_mae_ok=False ready_vel_ok=False ready_dis_ok=True
[21:09:56][store=435000][DIST_SHIFT] x_ratio=0.913 v_ratio=0.859 th_ratio=0.946 om_ratio=1.062 old_th_std=0.0325 new_th_std=0.0308 buf=20000
[21:09:56][store=435000][DIAG] buf=20000 train_steps=9552 train_ratio=0.478 frozen=True no_improve=12 loss_ema=0.21680 delta_mae=0.3521 x_mae=0.4934 v_mae=0.6418 th_mae=0.0585 om_mae=0.2145 mean_dis=0.00528 vel_dis=0.00992 best_mae=0.2064 ready_mae_ok=True ready_vel_ok=False ready_dis_ok=True
[21:09:56][store=436000][DIST_SHIFT] x_ratio=0.915 v_ratio=0.978 th_ratio=1.072 om_ratio=0.933 old_th_std=0.0288 new_th_std=0.0309 buf=20000
[21:09:56][store=436000][DIAG] buf=20000 train_steps=9552 train_ratio=0.478 frozen=True no_improve=12 loss_ema=0.21680 delta_mae=0.3486 x_mae=0.5031 v_mae=0.5870 th_mae=0.0562 om_mae=0.2482 mean_dis=0.00522 vel_dis=0.00985 best_mae=0.2064 ready_mae_ok=True ready_vel_ok=True ready_dis_ok=True
[21:09:57][store=437000][DIST_SHIFT] x_ratio=1.006 v_ratio=1.117 th_ratio=1.090 om_ratio=1.005 old_th_std=0.0274 new_th_std=0.0298 buf=20000
[21:09:57][store=437000][DIAG] buf=20000 train_steps=9552 train_ratio=0.478 frozen=True no_improve=12 loss_ema=0.21680 delta_mae=0.3811 x_mae=0.5909 v_mae=0.5991 th_mae=0.0639 om_mae=0.2704 mean_dis=0.00496 vel_dis=0.00940 best_mae=0.2064 ready_mae_ok=False ready_vel_ok=True ready_dis_ok=True
[21:09:57][store=438000][DIST_SHIFT] x_ratio=0.940 v_ratio=0.933 th_ratio=1.094 om_ratio=0.952 old_th_std=0.0253 new_th_std=0.0276 buf=20000
[21:09:57][store=438000][DIAG] buf=20000 train_steps=9552 train_ratio=0.478 frozen=True no_improve=12 loss_ema=0.21680 delta_mae=0.3584 x_mae=0.5381 v_mae=0.5794 th_mae=0.0597 om_mae=0.2566 mean_dis=0.00508 vel_dis=0.00955 best_mae=0.2064 ready_mae_ok=True ready_vel_ok=True ready_dis_ok=True
[21:09:57][store=439000][DIST_SHIFT] x_ratio=0.855 v_ratio=1.009 th_ratio=1.405 om_ratio=0.957 old_th_std=0.0216 new_th_std=0.0304 buf=20000
[21:09:57][store=439000][DIAG] buf=20000 train_steps=9552 train_ratio=0.478 frozen=True no_improve=12 loss_ema=0.21680 delta_mae=0.3451 x_mae=0.5245 v_mae=0.5672 th_mae=0.0584 om_mae=0.2302 mean_dis=0.00585 vel_dis=0.01105 best_mae=0.2064 ready_mae_ok=True ready_vel_ok=True ready_dis_ok=True
[21:09:57][store=440000][DIST_SHIFT] x_ratio=0.908 v_ratio=1.110 th_ratio=1.408 om_ratio=0.968 old_th_std=0.0215 new_th_std=0.0302 buf=20000
[21:09:57][store=440000][DIAG] buf=20000 train_steps=9552 train_ratio=0.478 frozen=True no_improve=12 loss_ema=0.21680 delta_mae=0.3726 x_mae=0.5582 v_mae=0.5978 th_mae=0.0563 om_mae=0.2782 mean_dis=0.00533 vel_dis=0.01010 best_mae=0.2064 ready_mae_ok=False ready_vel_ok=True ready_dis_ok=True
[21:09:57][store=441000][DIST_SHIFT] x_ratio=0.772 v_ratio=1.160 th_ratio=1.382 om_ratio=0.837 old_th_std=0.0223 new_th_std=0.0308 buf=20000
[21:09:57][store=441000][DIAG] buf=20000 train_steps=9552 train_ratio=0.478 frozen=True no_improve=12 loss_ema=0.21680 delta_mae=0.3571 x_mae=0.5956 v_mae=0.5520 th_mae=0.0557 om_mae=0.2252 mean_dis=0.00523 vel_dis=0.00991 best_mae=0.2064 ready_mae_ok=True ready_vel_ok=True ready_dis_ok=True
[21:09:57][store=442000][DIST_SHIFT] x_ratio=0.819 v_ratio=1.132 th_ratio=1.204 om_ratio=0.806 old_th_std=0.0253 new_th_std=0.0305 buf=20000
[21:09:57][store=442000][DIAG] buf=20000 train_steps=9552 train_ratio=0.478 frozen=True no_improve=12 loss_ema=0.21680 delta_mae=0.3343 x_mae=0.4736 v_mae=0.5535 th_mae=0.0566 om_mae=0.2536 mean_dis=0.00551 vel_dis=0.01045 best_mae=0.2064 ready_mae_ok=True ready_vel_ok=True ready_dis_ok=True
[21:09:58][store=443000][DIST_SHIFT] x_ratio=0.948 v_ratio=1.278 th_ratio=1.304 om_ratio=0.848 old_th_std=0.0242 new_th_std=0.0316 buf=20000
[21:09:58][store=443000][DIAG] buf=20000 train_steps=9552 train_ratio=0.478 frozen=True no_improve=12 loss_ema=0.21680 delta_mae=0.3903 x_mae=0.6431 v_mae=0.6107 th_mae=0.0660 om_mae=0.2415 mean_dis=0.00511 vel_dis=0.00963 best_mae=0.2064 ready_mae_ok=False ready_vel_ok=False ready_dis_ok=True
[21:09:58][store=444000][DIST_SHIFT] x_ratio=0.775 v_ratio=1.323 th_ratio=1.265 om_ratio=0.926 old_th_std=0.0242 new_th_std=0.0307 buf=20000
[21:09:58][store=444000][DIAG] buf=20000 train_steps=9552 train_ratio=0.478 frozen=True no_improve=12 loss_ema=0.21680 delta_mae=0.3577 x_mae=0.5848 v_mae=0.5907 th_mae=0.0612 om_mae=0.1940 mean_dis=0.00562 vel_dis=0.01057 best_mae=0.2064 ready_mae_ok=True ready_vel_ok=True ready_dis_ok=True
[21:09:58][store=445000][DIST_SHIFT] x_ratio=0.907 v_ratio=1.185 th_ratio=1.292 om_ratio=0.935 old_th_std=0.0249 new_th_std=0.0322 buf=20000
[21:09:58][store=445000][DIAG] buf=20000 train_steps=9552 train_ratio=0.478 frozen=True no_improve=12 loss_ema=0.21680 delta_mae=0.3944 x_mae=0.5965 v_mae=0.6772 th_mae=0.0587 om_mae=0.2452 mean_dis=0.00550 vel_dis=0.01038 best_mae=0.2064 ready_mae_ok=False ready_vel_ok=False ready_dis_ok=True
[21:09:58][store=446000][DIST_SHIFT] x_ratio=0.892 v_ratio=1.195 th_ratio=1.353 om_ratio=1.061 old_th_std=0.0257 new_th_std=0.0348 buf=20000
[21:09:58][store=446000][DIAG] buf=20000 train_steps=9552 train_ratio=0.478 frozen=True no_improve=12 loss_ema=0.21680 delta_mae=0.3942 x_mae=0.6332 v_mae=0.6207 th_mae=0.0599 om_mae=0.2630 mean_dis=0.00522 vel_dis=0.00986 best_mae=0.2064 ready_mae_ok=False ready_vel_ok=False ready_dis_ok=True
[21:09:58][store=447000][DIST_SHIFT] x_ratio=0.989 v_ratio=1.230 th_ratio=1.264 om_ratio=1.080 old_th_std=0.0273 new_th_std=0.0345 buf=20000
[21:09:58][store=447000][DIAG] buf=20000 train_steps=9552 train_ratio=0.478 frozen=True no_improve=12 loss_ema=0.21680 delta_mae=0.3298 x_mae=0.5252 v_mae=0.5390 th_mae=0.0604 om_mae=0.1945 mean_dis=0.00542 vel_dis=0.01025 best_mae=0.2064 ready_mae_ok=True ready_vel_ok=True ready_dis_ok=True
[21:09:58][store=448000][DIST_SHIFT] x_ratio=1.016 v_ratio=1.102 th_ratio=1.015 om_ratio=0.916 old_th_std=0.0312 new_th_std=0.0316 buf=20000
[21:09:58][store=448000][DIAG] buf=20000 train_steps=9552 train_ratio=0.478 frozen=True no_improve=12 loss_ema=0.21680 delta_mae=0.3535 x_mae=0.5096 v_mae=0.6070 th_mae=0.0612 om_mae=0.2362 mean_dis=0.00526 vel_dis=0.00992 best_mae=0.2064 ready_mae_ok=True ready_vel_ok=False ready_dis_ok=True
[21:09:58][store=449000][DIST_SHIFT] x_ratio=1.064 v_ratio=1.062 th_ratio=1.079 om_ratio=0.909 old_th_std=0.0310 new_th_std=0.0334 buf=20000
[21:09:58][store=449000][DIAG] buf=20000 train_steps=9552 train_ratio=0.478 frozen=True no_improve=12 loss_ema=0.21680 delta_mae=0.3940 x_mae=0.6722 v_mae=0.6115 th_mae=0.0613 om_mae=0.2307 mean_dis=0.00505 vel_dis=0.00950 best_mae=0.2064 ready_mae_ok=False ready_vel_ok=False ready_dis_ok=True
[21:09:59][store=450000][DIST_SHIFT] x_ratio=1.000 v_ratio=1.294 th_ratio=0.970 om_ratio=0.934 old_th_std=0.0308 new_th_std=0.0298 buf=20000
[21:09:59][store=450000][DIAG] buf=20000 train_steps=9552 train_ratio=0.478 frozen=True no_improve=12 loss_ema=0.21680 delta_mae=0.3853 x_mae=0.5551 v_mae=0.6593 th_mae=0.0666 om_mae=0.2604 mean_dis=0.00552 vel_dis=0.01040 best_mae=0.2064 ready_mae_ok=False ready_vel_ok=False ready_dis_ok=True
[21:09:59][store=451000][DIST_SHIFT] x_ratio=1.161 v_ratio=1.174 th_ratio=0.916 om_ratio=1.237 old_th_std=0.0309 new_th_std=0.0283 buf=20000
[21:09:59][store=451000][DIAG] buf=20000 train_steps=9552 train_ratio=0.478 frozen=True no_improve=12 loss_ema=0.21680 delta_mae=0.4027 x_mae=0.6558 v_mae=0.6507 th_mae=0.0657 om_mae=0.2388 mean_dis=0.00532 vel_dis=0.00998 best_mae=0.2064 ready_mae_ok=False ready_vel_ok=False ready_dis_ok=True
[21:09:59][store=452000][DIST_SHIFT] x_ratio=1.052 v_ratio=1.031 th_ratio=0.941 om_ratio=1.155 old_th_std=0.0298 new_th_std=0.0281 buf=20000
[21:09:59][store=452000][DIAG] buf=20000 train_steps=9552 train_ratio=0.478 frozen=True no_improve=12 loss_ema=0.21680 delta_mae=0.3755 x_mae=0.6475 v_mae=0.5554 th_mae=0.0635 om_mae=0.2357 mean_dis=0.00549 vel_dis=0.01032 best_mae=0.2064 ready_mae_ok=False ready_vel_ok=True ready_dis_ok=True
[21:09:59][store=453000][DIST_SHIFT] x_ratio=1.026 v_ratio=1.148 th_ratio=0.966 om_ratio=1.117 old_th_std=0.0276 new_th_std=0.0267 buf=20000
[21:09:59][store=453000][DIAG] buf=20000 train_steps=9552 train_ratio=0.478 frozen=True no_improve=12 loss_ema=0.21680 delta_mae=0.3505 x_mae=0.5887 v_mae=0.5731 th_mae=0.0644 om_mae=0.1758 mean_dis=0.00585 vel_dis=0.01107 best_mae=0.2064 ready_mae_ok=True ready_vel_ok=True ready_dis_ok=True
[21:09:59][store=454000][DIST_SHIFT] x_ratio=1.098 v_ratio=0.990 th_ratio=0.740 om_ratio=1.090 old_th_std=0.0304 new_th_std=0.0225 buf=20000
[21:09:59][store=454000][DIAG] buf=20000 train_steps=9552 train_ratio=0.478 frozen=True no_improve=12 loss_ema=0.21680 delta_mae=0.4060 x_mae=0.6732 v_mae=0.6520 th_mae=0.0653 om_mae=0.2334 mean_dis=0.00554 vel_dis=0.01049 best_mae=0.2064 ready_mae_ok=False ready_vel_ok=False ready_dis_ok=True
[21:09:59][store=455000][DIST_SHIFT] x_ratio=0.989 v_ratio=0.822 th_ratio=0.725 om_ratio=1.061 old_th_std=0.0302 new_th_std=0.0219 buf=20000
[21:09:59][store=455000][DIAG] buf=20000 train_steps=9552 train_ratio=0.478 frozen=True no_improve=12 loss_ema=0.21680 delta_mae=0.3638 x_mae=0.5961 v_mae=0.5988 th_mae=0.0680 om_mae=0.1925 mean_dis=0.00576 vel_dis=0.01086 best_mae=0.2064 ready_mae_ok=False ready_vel_ok=True ready_dis_ok=True
[21:10:00][store=456000][DIST_SHIFT] x_ratio=1.249 v_ratio=0.700 th_ratio=0.576 om_ratio=0.959 old_th_std=0.0308 new_th_std=0.0177 buf=20000
[21:10:00][store=456000][DIAG] buf=20000 train_steps=9552 train_ratio=0.478 frozen=True no_improve=12 loss_ema=0.21680 delta_mae=0.3812 x_mae=0.6146 v_mae=0.6175 th_mae=0.0549 om_mae=0.2378 mean_dis=0.00578 vel_dis=0.01088 best_mae=0.2064 ready_mae_ok=False ready_vel_ok=False ready_dis_ok=True
[21:10:00][store=457000][DIST_SHIFT] x_ratio=1.110 v_ratio=0.689 th_ratio=0.592 om_ratio=0.964 old_th_std=0.0305 new_th_std=0.0181 buf=20000
[21:10:00][store=457000][DIAG] buf=20000 train_steps=9552 train_ratio=0.478 frozen=True no_improve=12 loss_ema=0.21680 delta_mae=0.3597 x_mae=0.5807 v_mae=0.5631 th_mae=0.0574 om_mae=0.2376 mean_dis=0.00497 vel_dis=0.00946 best_mae=0.2064 ready_mae_ok=True ready_vel_ok=True ready_dis_ok=True
[21:10:00][store=458000][DIST_SHIFT] x_ratio=1.234 v_ratio=0.627 th_ratio=0.679 om_ratio=0.970 old_th_std=0.0316 new_th_std=0.0214 buf=20000
[21:10:00][store=458000][DIAG] buf=20000 train_steps=9552 train_ratio=0.478 frozen=True no_improve=12 loss_ema=0.21680 delta_mae=0.3589 x_mae=0.5743 v_mae=0.5596 th_mae=0.0565 om_mae=0.2454 mean_dis=0.00477 vel_dis=0.00908 best_mae=0.2064 ready_mae_ok=True ready_vel_ok=True ready_dis_ok=True
[21:10:00][store=459000][DIST_SHIFT] x_ratio=1.197 v_ratio=0.639 th_ratio=0.766 om_ratio=0.885 old_th_std=0.0307 new_th_std=0.0235 buf=20000
[21:10:00][store=459000][DIAG] buf=20000 train_steps=9552 train_ratio=0.478 frozen=True no_improve=12 loss_ema=0.21680 delta_mae=0.3805 x_mae=0.6236 v_mae=0.5492 th_mae=0.0641 om_mae=0.2849 mean_dis=0.00505 vel_dis=0.00968 best_mae=0.2064 ready_mae_ok=False ready_vel_ok=True ready_dis_ok=True
[21:10:00][store=460000][DIST_SHIFT] x_ratio=0.996 v_ratio=0.805 th_ratio=0.863 om_ratio=0.901 old_th_std=0.0322 new_th_std=0.0278 buf=20000
[21:10:00][store=460000][DIAG] buf=20000 train_steps=9552 train_ratio=0.478 frozen=True no_improve=12 loss_ema=0.21680 delta_mae=0.3780 x_mae=0.5970 v_mae=0.6183 th_mae=0.0592 om_mae=0.2376 mean_dis=0.00569 vel_dis=0.01078 best_mae=0.2064 ready_mae_ok=False ready_vel_ok=False ready_dis_ok=True
[21:10:00][store=461000][DIST_SHIFT] x_ratio=0.969 v_ratio=0.884 th_ratio=0.766 om_ratio=0.953 old_th_std=0.0348 new_th_std=0.0267 buf=20000
[21:10:00][store=461000][DIAG] buf=20000 train_steps=9552 train_ratio=0.478 frozen=True no_improve=12 loss_ema=0.21680 delta_mae=0.3948 x_mae=0.6758 v_mae=0.6053 th_mae=0.0564 om_mae=0.2419 mean_dis=0.00626 vel_dis=0.01184 best_mae=0.2064 ready_mae_ok=False ready_vel_ok=False ready_dis_ok=True
[21:10:01][store=462000][DIST_SHIFT] x_ratio=0.899 v_ratio=0.863 th_ratio=0.744 om_ratio=0.986 old_th_std=0.0345 new_th_std=0.0257 buf=20000
[21:10:01][store=462000][DIAG] buf=20000 train_steps=9552 train_ratio=0.478 frozen=True no_improve=12 loss_ema=0.21680 delta_mae=0.3243 x_mae=0.5287 v_mae=0.5279 th_mae=0.0579 om_mae=0.1827 mean_dis=0.00528 vel_dis=0.01007 best_mae=0.2064 ready_mae_ok=True ready_vel_ok=True ready_dis_ok=True
[21:10:01][store=463000][DIST_SHIFT] x_ratio=0.892 v_ratio=1.051 th_ratio=0.796 om_ratio=0.862 old_th_std=0.0316 new_th_std=0.0252 buf=20000
[21:10:01][store=463000][DIAG] buf=20000 train_steps=9552 train_ratio=0.478 frozen=True no_improve=12 loss_ema=0.21680 delta_mae=0.3692 x_mae=0.6638 v_mae=0.5605 th_mae=0.0593 om_mae=0.1935 mean_dis=0.00561 vel_dis=0.01071 best_mae=0.2064 ready_mae_ok=False ready_vel_ok=True ready_dis_ok=True
[21:10:01][store=464000][DIST_SHIFT] x_ratio=0.982 v_ratio=1.144 th_ratio=0.795 om_ratio=1.038 old_th_std=0.0334 new_th_std=0.0266 buf=20000
[21:10:01][store=464000][DIAG] buf=20000 train_steps=9552 train_ratio=0.478 frozen=True no_improve=12 loss_ema=0.21680 delta_mae=0.3790 x_mae=0.5817 v_mae=0.6392 th_mae=0.0545 om_mae=0.2409 mean_dis=0.00486 vel_dis=0.00927 best_mae=0.2064 ready_mae_ok=False ready_vel_ok=False ready_dis_ok=True
[21:10:01][store=465000][DIST_SHIFT] x_ratio=1.149 v_ratio=1.023 th_ratio=0.910 om_ratio=1.149 old_th_std=0.0298 new_th_std=0.0271 buf=20000
[21:10:01][store=465000][DIAG] buf=20000 train_steps=9552 train_ratio=0.478 frozen=True no_improve=12 loss_ema=0.21680 delta_mae=0.3286 x_mae=0.5645 v_mae=0.4973 th_mae=0.0529 om_mae=0.1999 mean_dis=0.00528 vel_dis=0.01001 best_mae=0.2064 ready_mae_ok=True ready_vel_ok=True ready_dis_ok=True
[21:10:01][store=466000][DIST_SHIFT] x_ratio=0.991 v_ratio=1.004 th_ratio=0.969 om_ratio=0.930 old_th_std=0.0283 new_th_std=0.0274 buf=20000
[21:10:01][store=466000][DIAG] buf=20000 train_steps=9552 train_ratio=0.478 frozen=True no_improve=12 loss_ema=0.21680 delta_mae=0.3707 x_mae=0.5833 v_mae=0.5608 th_mae=0.0519 om_mae=0.2867 mean_dis=0.00548 vel_dis=0.01043 best_mae=0.2064 ready_mae_ok=False ready_vel_ok=True ready_dis_ok=True
[21:10:01][store=467000][DIST_SHIFT] x_ratio=0.978 v_ratio=1.159 th_ratio=0.966 om_ratio=0.877 old_th_std=0.0281 new_th_std=0.0271 buf=20000
[21:10:01][store=467000][DIAG] buf=20000 train_steps=9552 train_ratio=0.478 frozen=True no_improve=12 loss_ema=0.21680 delta_mae=0.3783 x_mae=0.5700 v_mae=0.6184 th_mae=0.0563 om_mae=0.2687 mean_dis=0.00540 vel_dis=0.01030 best_mae=0.2064 ready_mae_ok=False ready_vel_ok=False ready_dis_ok=True
[21:10:01][store=468000][DIST_SHIFT] x_ratio=1.003 v_ratio=1.142 th_ratio=1.054 om_ratio=0.884 old_th_std=0.0267 new_th_std=0.0281 buf=20000
[21:10:01][store=468000][DIAG] buf=20000 train_steps=9552 train_ratio=0.478 frozen=True no_improve=12 loss_ema=0.21680 delta_mae=0.3810 x_mae=0.5677 v_mae=0.6212 th_mae=0.0527 om_mae=0.2824 mean_dis=0.00556 vel_dis=0.01066 best_mae=0.2064 ready_mae_ok=False ready_vel_ok=False ready_dis_ok=True
[21:10:02][store=469000][DIST_SHIFT] x_ratio=0.974 v_ratio=1.337 th_ratio=1.225 om_ratio=0.788 old_th_std=0.0225 new_th_std=0.0276 buf=20000
[21:10:02][store=469000][DIAG] buf=20000 train_steps=9552 train_ratio=0.478 frozen=True no_improve=12 loss_ema=0.21680 delta_mae=0.3702 x_mae=0.5895 v_mae=0.5744 th_mae=0.0557 om_mae=0.2612 mean_dis=0.00596 vel_dis=0.01134 best_mae=0.2064 ready_mae_ok=False ready_vel_ok=True ready_dis_ok=True
[21:10:02][store=470000][DIST_SHIFT] x_ratio=1.115 v_ratio=1.337 th_ratio=1.305 om_ratio=0.838 old_th_std=0.0219 new_th_std=0.0286 buf=20000
[21:10:02][store=470000][DIAG] buf=20000 train_steps=9552 train_ratio=0.478 frozen=True no_improve=12 loss_ema=0.21680 delta_mae=0.3928 x_mae=0.6089 v_mae=0.5625 th_mae=0.0598 om_mae=0.3400 mean_dis=0.00526 vel_dis=0.01008 best_mae=0.2064 ready_mae_ok=False ready_vel_ok=True ready_dis_ok=True
[21:10:02][store=471000][DIST_SHIFT] x_ratio=1.152 v_ratio=1.519 th_ratio=1.678 om_ratio=1.008 old_th_std=0.0177 new_th_std=0.0297 buf=20000
[21:10:02][store=471000][DIAG] buf=20000 train_steps=9552 train_ratio=0.478 frozen=True no_improve=12 loss_ema=0.21680 delta_mae=0.3476 x_mae=0.5156 v_mae=0.5295 th_mae=0.0533 om_mae=0.2918 mean_dis=0.00557 vel_dis=0.01069 best_mae=0.2064 ready_mae_ok=True ready_vel_ok=True ready_dis_ok=True
[21:10:02][store=472000][DIST_SHIFT] x_ratio=1.232 v_ratio=1.363 th_ratio=1.743 om_ratio=1.194 old_th_std=0.0181 new_th_std=0.0315 buf=20000
[21:10:02][store=472000][DIAG] buf=20000 train_steps=9552 train_ratio=0.478 frozen=True no_improve=12 loss_ema=0.21680 delta_mae=0.3465 x_mae=0.5371 v_mae=0.5283 th_mae=0.0493 om_mae=0.2714 mean_dis=0.00544 vel_dis=0.01052 best_mae=0.2064 ready_mae_ok=True ready_vel_ok=True ready_dis_ok=True
[21:10:02][store=473000][DIST_SHIFT] x_ratio=1.150 v_ratio=0.984 th_ratio=1.371 om_ratio=1.153 old_th_std=0.0214 new_th_std=0.0294 buf=20000
[21:10:02][store=473000][DIAG] buf=20000 train_steps=9552 train_ratio=0.478 frozen=True no_improve=12 loss_ema=0.21680 delta_mae=0.3903 x_mae=0.6252 v_mae=0.5847 th_mae=0.0648 om_mae=0.2865 mean_dis=0.00596 vel_dis=0.01141 best_mae=0.2064 ready_mae_ok=False ready_vel_ok=True ready_dis_ok=True
[21:10:02][store=474000][DIST_SHIFT] x_ratio=1.366 v_ratio=0.968 th_ratio=1.218 om_ratio=1.262 old_th_std=0.0235 new_th_std=0.0286 buf=20000
[21:10:02][store=474000][DIAG] buf=20000 train_steps=9552 train_ratio=0.478 frozen=True no_improve=12 loss_ema=0.21680 delta_mae=0.3286 x_mae=0.5649 v_mae=0.4879 th_mae=0.0479 om_mae=0.2136 mean_dis=0.00577 vel_dis=0.01101 best_mae=0.2064 ready_mae_ok=True ready_vel_ok=True ready_dis_ok=True
[21:10:03][store=475000][DIST_SHIFT] x_ratio=1.234 v_ratio=1.023 th_ratio=0.924 om_ratio=1.167 old_th_std=0.0278 new_th_std=0.0257 buf=20000
[21:10:03][store=475000][DIAG] buf=20000 train_steps=9552 train_ratio=0.478 frozen=True no_improve=12 loss_ema=0.21680 delta_mae=0.3497 x_mae=0.5905 v_mae=0.5216 th_mae=0.0496 om_mae=0.2371 mean_dis=0.00537 vel_dis=0.01024 best_mae=0.2064 ready_mae_ok=True ready_vel_ok=True ready_dis_ok=True
[21:10:03][store=476000][DIST_SHIFT] x_ratio=1.186 v_ratio=0.957 th_ratio=1.048 om_ratio=1.095 old_th_std=0.0267 new_th_std=0.0279 buf=20000
[21:10:03][store=476000][DIAG] buf=20000 train_steps=9552 train_ratio=0.478 frozen=True no_improve=12 loss_ema=0.21680 delta_mae=0.3986 x_mae=0.6534 v_mae=0.6396 th_mae=0.0547 om_mae=0.2466 mean_dis=0.00536 vel_dis=0.01018 best_mae=0.2064 ready_mae_ok=False ready_vel_ok=False ready_dis_ok=True
[21:10:03][store=477000][DIST_SHIFT] x_ratio=1.197 v_ratio=1.205 th_ratio=0.954 om_ratio=1.042 old_th_std=0.0257 new_th_std=0.0245 buf=20000
[21:10:03][store=477000][DIAG] buf=20000 train_steps=9552 train_ratio=0.478 frozen=True no_improve=12 loss_ema=0.21680 delta_mae=0.3455 x_mae=0.5546 v_mae=0.5004 th_mae=0.0590 om_mae=0.2680 mean_dis=0.00555 vel_dis=0.01060 best_mae=0.2064 ready_mae_ok=True ready_vel_ok=True ready_dis_ok=True
[21:10:03][store=478000][DIST_SHIFT] x_ratio=1.237 v_ratio=1.117 th_ratio=1.065 om_ratio=1.242 old_th_std=0.0252 new_th_std=0.0268 buf=20000
[21:10:03][store=478000][DIAG] buf=20000 train_steps=9552 train_ratio=0.478 frozen=True no_improve=12 loss_ema=0.21680 delta_mae=0.3745 x_mae=0.6110 v_mae=0.5350 th_mae=0.0578 om_mae=0.2942 mean_dis=0.00529 vel_dis=0.01013 best_mae=0.2064 ready_mae_ok=False ready_vel_ok=True ready_dis_ok=True
[21:10:03][store=479000][DIST_SHIFT] x_ratio=1.122 v_ratio=0.946 th_ratio=1.035 om_ratio=1.134 old_th_std=0.0266 new_th_std=0.0275 buf=20000
[21:10:03][store=479000][DIAG] buf=20000 train_steps=9552 train_ratio=0.478 frozen=True no_improve=12 loss_ema=0.21680 delta_mae=0.3545 x_mae=0.6067 v_mae=0.5099 th_mae=0.0536 om_mae=0.2479 mean_dis=0.00519 vel_dis=0.00996 best_mae=0.2064 ready_mae_ok=True ready_vel_ok=True ready_dis_ok=True
[21:10:03][store=480000][DIST_SHIFT] x_ratio=1.119 v_ratio=0.947 th_ratio=1.070 om_ratio=1.083 old_th_std=0.0271 new_th_std=0.0290 buf=20000
[21:10:03][store=480000][DIAG] buf=20000 train_steps=9552 train_ratio=0.478 frozen=True no_improve=12 loss_ema=0.21680 delta_mae=0.3404 x_mae=0.5658 v_mae=0.5042 th_mae=0.0541 om_mae=0.2376 mean_dis=0.00524 vel_dis=0.01001 best_mae=0.2064 ready_mae_ok=True ready_vel_ok=True ready_dis_ok=True
[21:10:04][store=481000][DIST_SHIFT] x_ratio=1.177 v_ratio=0.977 th_ratio=0.926 om_ratio=1.155 old_th_std=0.0274 new_th_std=0.0254 buf=20000
[21:10:04][store=481000][DIAG] buf=20000 train_steps=9552 train_ratio=0.478 frozen=True no_improve=12 loss_ema=0.21680 delta_mae=0.3529 x_mae=0.5769 v_mae=0.4972 th_mae=0.0597 om_mae=0.2779 mean_dis=0.00521 vel_dis=0.00988 best_mae=0.2064 ready_mae_ok=True ready_vel_ok=True ready_dis_ok=True
[21:10:04][store=482000][DIST_SHIFT] x_ratio=1.112 v_ratio=0.854 th_ratio=1.088 om_ratio=1.202 old_th_std=0.0271 new_th_std=0.0295 buf=20000
[21:10:04][store=482000][DIAG] buf=20000 train_steps=9552 train_ratio=0.478 frozen=True no_improve=12 loss_ema=0.21680 delta_mae=0.3576 x_mae=0.5281 v_mae=0.5735 th_mae=0.0613 om_mae=0.2674 mean_dis=0.00547 vel_dis=0.01045 best_mae=0.2064 ready_mae_ok=True ready_vel_ok=True ready_dis_ok=True
[21:10:04][store=483000][DIST_SHIFT] x_ratio=1.034 v_ratio=0.890 th_ratio=1.028 om_ratio=1.164 old_th_std=0.0281 new_th_std=0.0289 buf=20000
[21:10:04][store=483000][DIAG] buf=20000 train_steps=9552 train_ratio=0.478 frozen=True no_improve=12 loss_ema=0.21680 delta_mae=0.3843 x_mae=0.6584 v_mae=0.5365 th_mae=0.0579 om_mae=0.2842 mean_dis=0.00532 vel_dis=0.01018 best_mae=0.2064 ready_mae_ok=False ready_vel_ok=True ready_dis_ok=True
[21:10:04][store=484000][DIST_SHIFT] x_ratio=0.935 v_ratio=0.790 th_ratio=1.002 om_ratio=1.243 old_th_std=0.0276 new_th_std=0.0276 buf=20000
[21:10:04][store=484000][DIAG] buf=20000 train_steps=9552 train_ratio=0.478 frozen=True no_improve=12 loss_ema=0.21680 delta_mae=0.3830 x_mae=0.6317 v_mae=0.5669 th_mae=0.0661 om_mae=0.2672 mean_dis=0.00552 vel_dis=0.01056 best_mae=0.2064 ready_mae_ok=False ready_vel_ok=True ready_dis_ok=True
[21:10:04][store=485000][DIST_SHIFT] x_ratio=0.887 v_ratio=0.803 th_ratio=1.021 om_ratio=1.061 old_th_std=0.0286 new_th_std=0.0292 buf=20000
[21:10:04][store=485000][DIAG] buf=20000 train_steps=9552 train_ratio=0.478 frozen=True no_improve=12 loss_ema=0.21680 delta_mae=0.3455 x_mae=0.5841 v_mae=0.4853 th_mae=0.0580 om_mae=0.2546 mean_dis=0.00510 vel_dis=0.00980 best_mae=0.2064 ready_mae_ok=True ready_vel_ok=True ready_dis_ok=True
[21:10:04][store=486000][DIST_SHIFT] x_ratio=0.873 v_ratio=0.801 th_ratio=0.984 om_ratio=0.980 old_th_std=0.0297 new_th_std=0.0293 buf=20000
[21:10:04][store=486000][DIAG] buf=20000 train_steps=9552 train_ratio=0.478 frozen=True no_improve=12 loss_ema=0.21680 delta_mae=0.3970 x_mae=0.6421 v_mae=0.5725 th_mae=0.0684 om_mae=0.3050 mean_dis=0.00539 vel_dis=0.01027 best_mae=0.2064 ready_mae_ok=False ready_vel_ok=True ready_dis_ok=True
[21:10:04][store=487000][DIST_SHIFT] x_ratio=0.901 v_ratio=0.867 th_ratio=0.810 om_ratio=0.847 old_th_std=0.0315 new_th_std=0.0255 buf=20000
[21:10:04][store=487000][DIAG] buf=20000 train_steps=9552 train_ratio=0.478 frozen=True no_improve=12 loss_ema=0.21680 delta_mae=0.3813 x_mae=0.5290 v_mae=0.5629 th_mae=0.0673 om_mae=0.3659 mean_dis=0.00515 vel_dis=0.00980 best_mae=0.2064 ready_mae_ok=False ready_vel_ok=True ready_dis_ok=True
[21:10:05][store=488000][DIST_SHIFT] x_ratio=0.841 v_ratio=1.298 th_ratio=0.891 om_ratio=0.916 old_th_std=0.0294 new_th_std=0.0262 buf=20000
[21:10:05][store=488000][DIAG] buf=20000 train_steps=9552 train_ratio=0.478 frozen=True no_improve=12 loss_ema=0.21680 delta_mae=0.4166 x_mae=0.7063 v_mae=0.5790 th_mae=0.0622 om_mae=0.3189 mean_dis=0.00549 vel_dis=0.01044 best_mae=0.2064 ready_mae_ok=False ready_vel_ok=True ready_dis_ok=True
[21:10:05][store=489000][DIST_SHIFT] x_ratio=0.776 v_ratio=1.309 th_ratio=0.925 om_ratio=0.973 old_th_std=0.0286 new_th_std=0.0265 buf=20000
[21:10:05][store=489000][DIAG] buf=20000 train_steps=9552 train_ratio=0.478 frozen=True no_improve=12 loss_ema=0.21680 delta_mae=0.3671 x_mae=0.5895 v_mae=0.5180 th_mae=0.0650 om_mae=0.2958 mean_dis=0.00510 vel_dis=0.00967 best_mae=0.2064 ready_mae_ok=False ready_vel_ok=True ready_dis_ok=True
[21:10:05][store=490000][DIST_SHIFT] x_ratio=0.867 v_ratio=1.141 th_ratio=0.937 om_ratio=1.122 old_th_std=0.0257 new_th_std=0.0241 buf=20000
[21:10:05][store=490000][DIAG] buf=20000 train_steps=9552 train_ratio=0.478 frozen=True no_improve=12 loss_ema=0.21680 delta_mae=0.3680 x_mae=0.6472 v_mae=0.5127 th_mae=0.0644 om_mae=0.2475 mean_dis=0.00568 vel_dis=0.01076 best_mae=0.2064 ready_mae_ok=False ready_vel_ok=True ready_dis_ok=True
[21:10:05][store=491000][DIST_SHIFT] x_ratio=0.905 v_ratio=1.027 th_ratio=0.941 om_ratio=1.128 old_th_std=0.0279 new_th_std=0.0263 buf=20000
[21:10:05][store=491000][DIAG] buf=20000 train_steps=9552 train_ratio=0.478 frozen=True no_improve=12 loss_ema=0.21680 delta_mae=0.3828 x_mae=0.6759 v_mae=0.5267 th_mae=0.0726 om_mae=0.2560 mean_dis=0.00545 vel_dis=0.01040 best_mae=0.2064 ready_mae_ok=False ready_vel_ok=True ready_dis_ok=True
[21:10:05][store=492000][DIST_SHIFT] x_ratio=0.912 v_ratio=0.945 th_ratio=1.077 om_ratio=1.198 old_th_std=0.0245 new_th_std=0.0264 buf=20000
[21:10:05][store=492000][DIAG] buf=20000 train_steps=9552 train_ratio=0.478 frozen=True no_improve=12 loss_ema=0.21680 delta_mae=0.3897 x_mae=0.6198 v_mae=0.5452 th_mae=0.0640 om_mae=0.3301 mean_dis=0.00550 vel_dis=0.01034 best_mae=0.2064 ready_mae_ok=False ready_vel_ok=True ready_dis_ok=True
[21:10:05][store=493000][DIST_SHIFT] x_ratio=0.983 v_ratio=0.929 th_ratio=0.983 om_ratio=1.008 old_th_std=0.0268 new_th_std=0.0264 buf=20000
[21:10:05][store=493000][DIAG] buf=20000 train_steps=9552 train_ratio=0.478 frozen=True no_improve=12 loss_ema=0.21680 delta_mae=0.4155 x_mae=0.6853 v_mae=0.6210 th_mae=0.0679 om_mae=0.2876 mean_dis=0.00502 vel_dis=0.00937 best_mae=0.2064 ready_mae_ok=False ready_vel_ok=False ready_dis_ok=True
[21:10:06][store=494000][DIST_SHIFT] x_ratio=1.006 v_ratio=1.007 th_ratio=1.164 om_ratio=0.948 old_th_std=0.0275 new_th_std=0.0320 buf=20000
[21:10:06][store=494000][DIAG] buf=20000 train_steps=9552 train_ratio=0.478 frozen=True no_improve=12 loss_ema=0.21680 delta_mae=0.3973 x_mae=0.6382 v_mae=0.5734 th_mae=0.0664 om_mae=0.3111 mean_dis=0.00480 vel_dis=0.00911 best_mae=0.2064 ready_mae_ok=False ready_vel_ok=True ready_dis_ok=True
[21:10:06][store=495000][DIST_SHIFT] x_ratio=0.910 v_ratio=0.916 th_ratio=1.139 om_ratio=0.909 old_th_std=0.0290 new_th_std=0.0331 buf=20000
[21:10:06][store=495000][DIAG] buf=20000 train_steps=9552 train_ratio=0.478 frozen=True no_improve=12 loss_ema=0.21680 delta_mae=0.3528 x_mae=0.5250 v_mae=0.5348 th_mae=0.0646 om_mae=0.2867 mean_dis=0.00532 vel_dis=0.01003 best_mae=0.2064 ready_mae_ok=True ready_vel_ok=True ready_dis_ok=True
[21:10:06][store=496000][DIST_SHIFT] x_ratio=0.936 v_ratio=1.055 th_ratio=1.241 om_ratio=0.893 old_th_std=0.0254 new_th_std=0.0315 buf=20000
[21:10:06][store=496000][DIAG] buf=20000 train_steps=9552 train_ratio=0.478 frozen=True no_improve=12 loss_ema=0.21680 delta_mae=0.3612 x_mae=0.5731 v_mae=0.5013 th_mae=0.0678 om_mae=0.3026 mean_dis=0.00521 vel_dis=0.00981 best_mae=0.2064 ready_mae_ok=False ready_vel_ok=True ready_dis_ok=True
[21:10:06][store=497000][DIST_SHIFT] x_ratio=0.955 v_ratio=1.203 th_ratio=1.044 om_ratio=0.867 old_th_std=0.0295 new_th_std=0.0308 buf=20000
[21:10:06][store=497000][DIAG] buf=20000 train_steps=9552 train_ratio=0.478 frozen=True no_improve=12 loss_ema=0.21680 delta_mae=0.3867 x_mae=0.6378 v_mae=0.5374 th_mae=0.0675 om_mae=0.3041 mean_dis=0.00532 vel_dis=0.00997 best_mae=0.2064 ready_mae_ok=False ready_vel_ok=True ready_dis_ok=True
[21:10:06][store=498000][DIST_SHIFT] x_ratio=1.021 v_ratio=1.003 th_ratio=1.023 om_ratio=0.986 old_th_std=0.0289 new_th_std=0.0296 buf=20000
[21:10:06][store=498000][DIAG] buf=20000 train_steps=9552 train_ratio=0.478 frozen=True no_improve=12 loss_ema=0.21680 delta_mae=0.4071 x_mae=0.6904 v_mae=0.5765 th_mae=0.0639 om_mae=0.2975 mean_dis=0.00538 vel_dis=0.01013 best_mae=0.2064 ready_mae_ok=False ready_vel_ok=True ready_dis_ok=True
[21:10:06][store=499000][DIST_SHIFT] x_ratio=1.141 v_ratio=1.057 th_ratio=0.885 om_ratio=1.087 old_th_std=0.0276 new_th_std=0.0244 buf=20000
[21:10:06][store=499000][DIAG] buf=20000 train_steps=9552 train_ratio=0.478 frozen=True no_improve=12 loss_ema=0.21680 delta_mae=0.3821 x_mae=0.6146 v_mae=0.5527 th_mae=0.0647 om_mae=0.2966 mean_dis=0.00518 vel_dis=0.00984 best_mae=0.2064 ready_mae_ok=False ready_vel_ok=True ready_dis_ok=True
[21:10:06][store=500000][DIST_SHIFT] x_ratio=1.127 v_ratio=1.057 th_ratio=0.797 om_ratio=1.181 old_th_std=0.0292 new_th_std=0.0232 buf=20000
[21:10:06][store=500000][DIAG] buf=20000 train_steps=9552 train_ratio=0.478 frozen=True no_improve=12 loss_ema=0.21680 delta_mae=0.3657 x_mae=0.6249 v_mae=0.5589 th_mae=0.0598 om_mae=0.2191 mean_dis=0.00522 vel_dis=0.00982 best_mae=0.2064 ready_mae_ok=False ready_vel_ok=True ready_dis_ok=True
[21:10:07][store=501000][DIST_SHIFT] x_ratio=0.908 v_ratio=0.923 th_ratio=0.824 om_ratio=1.188 old_th_std=0.0293 new_th_std=0.0241 buf=20000
[21:10:07][store=501000][DIAG] buf=20000 train_steps=9552 train_ratio=0.478 frozen=True no_improve=12 loss_ema=0.21680 delta_mae=0.3650 x_mae=0.5707 v_mae=0.5813 th_mae=0.0569 om_mae=0.2513 mean_dis=0.00508 vel_dis=0.00963 best_mae=0.2064 ready_mae_ok=False ready_vel_ok=True ready_dis_ok=True
[21:10:07][store=502000][DIST_SHIFT] x_ratio=1.011 v_ratio=0.847 th_ratio=0.992 om_ratio=1.140 old_th_std=0.0255 new_th_std=0.0253 buf=20000
[21:10:07][store=502000][DIAG] buf=20000 train_steps=9552 train_ratio=0.478 frozen=True no_improve=12 loss_ema=0.21680 delta_mae=0.3727 x_mae=0.6212 v_mae=0.5262 th_mae=0.0651 om_mae=0.2782 mean_dis=0.00597 vel_dis=0.01135 best_mae=0.2064 ready_mae_ok=False ready_vel_ok=True ready_dis_ok=True
[21:10:07][store=503000][DIST_SHIFT] x_ratio=1.091 v_ratio=0.974 th_ratio=0.974 om_ratio=1.108 old_th_std=0.0262 new_th_std=0.0255 buf=20000
[21:10:07][store=503000][DIAG] buf=20000 train_steps=9552 train_ratio=0.478 frozen=True no_improve=12 loss_ema=0.21680 delta_mae=0.3425 x_mae=0.5090 v_mae=0.5432 th_mae=0.0628 om_mae=0.2549 mean_dis=0.00530 vel_dis=0.01000 best_mae=0.2064 ready_mae_ok=True ready_vel_ok=True ready_dis_ok=True
[21:10:07][store=504000][DIST_SHIFT] x_ratio=1.141 v_ratio=0.970 th_ratio=1.006 om_ratio=0.992 old_th_std=0.0265 new_th_std=0.0266 buf=20000
[21:10:07][store=504000][DIAG] buf=20000 train_steps=9552 train_ratio=0.478 frozen=True no_improve=12 loss_ema=0.21680 delta_mae=0.3679 x_mae=0.5903 v_mae=0.5696 th_mae=0.0603 om_mae=0.2516 mean_dis=0.00500 vel_dis=0.00937 best_mae=0.2064 ready_mae_ok=False ready_vel_ok=True ready_dis_ok=True
[21:10:07][store=505000][DIST_SHIFT] x_ratio=1.101 v_ratio=0.929 th_ratio=1.187 om_ratio=0.881 old_th_std=0.0241 new_th_std=0.0285 buf=20000
[21:10:07][store=505000][DIAG] buf=20000 train_steps=9552 train_ratio=0.478 frozen=True no_improve=12 loss_ema=0.21680 delta_mae=0.3844 x_mae=0.6032 v_mae=0.5959 th_mae=0.0600 om_mae=0.2784 mean_dis=0.00537 vel_dis=0.01004 best_mae=0.2064 ready_mae_ok=False ready_vel_ok=True ready_dis_ok=True
[21:10:07][store=506000][DIST_SHIFT] x_ratio=1.208 v_ratio=1.047 th_ratio=1.065 om_ratio=0.875 old_th_std=0.0263 new_th_std=0.0280 buf=20000
[21:10:07][store=506000][DIAG] buf=20000 train_steps=9552 train_ratio=0.478 frozen=True no_improve=12 loss_ema=0.21680 delta_mae=0.3852 x_mae=0.6083 v_mae=0.6004 th_mae=0.0608 om_mae=0.2712 mean_dis=0.00510 vel_dis=0.00962 best_mae=0.2064 ready_mae_ok=False ready_vel_ok=False ready_dis_ok=True
[21:10:08][store=507000][DIST_SHIFT] x_ratio=1.138 v_ratio=1.006 th_ratio=1.005 om_ratio=0.931 old_th_std=0.0264 new_th_std=0.0265 buf=20000
[21:10:08][store=507000][DIAG] buf=20000 train_steps=9552 train_ratio=0.478 frozen=True no_improve=12 loss_ema=0.21680 delta_mae=0.3677 x_mae=0.5223 v_mae=0.6345 th_mae=0.0667 om_mae=0.2473 mean_dis=0.00575 vel_dis=0.01078 best_mae=0.2064 ready_mae_ok=False ready_vel_ok=False ready_dis_ok=True
[21:10:08][store=508000][DIST_SHIFT] x_ratio=0.930 v_ratio=0.897 th_ratio=0.990 om_ratio=1.112 old_th_std=0.0264 new_th_std=0.0261 buf=20000
[21:10:08][store=508000][DIAG] buf=20000 train_steps=9552 train_ratio=0.478 frozen=True no_improve=12 loss_ema=0.21680 delta_mae=0.4081 x_mae=0.6585 v_mae=0.6475 th_mae=0.0621 om_mae=0.2641 mean_dis=0.00497 vel_dis=0.00936 best_mae=0.2064 ready_mae_ok=False ready_vel_ok=False ready_dis_ok=True
[21:10:08][store=509000][DIST_SHIFT] x_ratio=0.842 v_ratio=0.780 th_ratio=0.846 om_ratio=1.086 old_th_std=0.0320 new_th_std=0.0271 buf=20000
[21:10:08][store=509000][DIAG] buf=20000 train_steps=9552 train_ratio=0.478 frozen=True no_improve=12 loss_ema=0.21680 delta_mae=0.3839 x_mae=0.5982 v_mae=0.6009 th_mae=0.0619 om_mae=0.2747 mean_dis=0.00520 vel_dis=0.00975 best_mae=0.2064 ready_mae_ok=False ready_vel_ok=False ready_dis_ok=True
[21:10:08][store=510000][DIST_SHIFT] x_ratio=0.905 v_ratio=0.917 th_ratio=0.732 om_ratio=1.111 old_th_std=0.0331 new_th_std=0.0242 buf=20000
[21:10:08][store=510000][DIAG] buf=20000 train_steps=9552 train_ratio=0.478 frozen=True no_improve=12 loss_ema=0.21680 delta_mae=0.3208 x_mae=0.4919 v_mae=0.5220 th_mae=0.0501 om_mae=0.2192 mean_dis=0.00503 vel_dis=0.00946 best_mae=0.2064 ready_mae_ok=True ready_vel_ok=True ready_dis_ok=True
[21:10:08][store=511000][DIST_SHIFT] x_ratio=0.790 v_ratio=0.880 th_ratio=0.718 om_ratio=1.085 old_th_std=0.0315 new_th_std=0.0226 buf=20000
[21:10:08][store=511000][DIAG] buf=20000 train_steps=9552 train_ratio=0.478 frozen=True no_improve=12 loss_ema=0.21680 delta_mae=0.3455 x_mae=0.5440 v_mae=0.5658 th_mae=0.0524 om_mae=0.2199 mean_dis=0.00508 vel_dis=0.00951 best_mae=0.2064 ready_mae_ok=True ready_vel_ok=True ready_dis_ok=True
[21:10:08][store=512000][DIST_SHIFT] x_ratio=0.856 v_ratio=0.860 th_ratio=0.768 om_ratio=1.000 old_th_std=0.0308 new_th_std=0.0236 buf=20000
[21:10:08][store=512000][DIAG] buf=20000 train_steps=9552 train_ratio=0.478 frozen=True no_improve=12 loss_ema=0.21680 delta_mae=0.3353 x_mae=0.5326 v_mae=0.5053 th_mae=0.0537 om_mae=0.2497 mean_dis=0.00570 vel_dis=0.01071 best_mae=0.2064 ready_mae_ok=True ready_vel_ok=True ready_dis_ok=True
[21:10:09][store=513000][DIST_SHIFT] x_ratio=0.901 v_ratio=1.044 th_ratio=0.807 om_ratio=0.899 old_th_std=0.0296 new_th_std=0.0239 buf=20000
[21:10:09][store=513000][DIAG] buf=20000 train_steps=9552 train_ratio=0.478 frozen=True no_improve=12 loss_ema=0.21680 delta_mae=0.3312 x_mae=0.5008 v_mae=0.5478 th_mae=0.0578 om_mae=0.2184 mean_dis=0.00560 vel_dis=0.01058 best_mae=0.2064 ready_mae_ok=True ready_vel_ok=True ready_dis_ok=True
[21:10:09][store=514000][DIST_SHIFT] x_ratio=0.909 v_ratio=1.052 th_ratio=0.847 om_ratio=0.862 old_th_std=0.0244 new_th_std=0.0207 buf=20000
[21:10:09][store=514000][DIAG] buf=20000 train_steps=9552 train_ratio=0.478 frozen=True no_improve=12 loss_ema=0.21680 delta_mae=0.3251 x_mae=0.4782 v_mae=0.5060 th_mae=0.0592 om_mae=0.2570 mean_dis=0.00546 vel_dis=0.01025 best_mae=0.2064 ready_mae_ok=True ready_vel_ok=True ready_dis_ok=True
[21:10:09][store=515000][DIST_SHIFT] x_ratio=0.861 v_ratio=0.995 th_ratio=1.052 om_ratio=0.871 old_th_std=0.0232 new_th_std=0.0245 buf=20000
[21:10:09][store=515000][DIAG] buf=20000 train_steps=9552 train_ratio=0.478 frozen=True no_improve=12 loss_ema=0.21680 delta_mae=0.3662 x_mae=0.5711 v_mae=0.5916 th_mae=0.0562 om_mae=0.2460 mean_dis=0.00538 vel_dis=0.01014 best_mae=0.2064 ready_mae_ok=False ready_vel_ok=True ready_dis_ok=True
[21:10:09][store=516000][DIST_SHIFT] x_ratio=1.147 v_ratio=0.984 th_ratio=0.899 om_ratio=1.015 old_th_std=0.0241 new_th_std=0.0217 buf=20000
[21:10:09][store=516000][DIAG] buf=20000 train_steps=9552 train_ratio=0.478 frozen=True no_improve=12 loss_ema=0.21680 delta_mae=0.3389 x_mae=0.5477 v_mae=0.5254 th_mae=0.0523 om_mae=0.2302 mean_dis=0.00517 vel_dis=0.00972 best_mae=0.2064 ready_mae_ok=True ready_vel_ok=True ready_dis_ok=True
[21:10:09][store=517000][DIST_SHIFT] x_ratio=0.931 v_ratio=1.115 th_ratio=0.963 om_ratio=1.111 old_th_std=0.0253 new_th_std=0.0244 buf=20000
[21:10:09][store=517000][DIAG] buf=20000 train_steps=9552 train_ratio=0.478 frozen=True no_improve=12 loss_ema=0.21680 delta_mae=0.3423 x_mae=0.5675 v_mae=0.4899 th_mae=0.0573 om_mae=0.2546 mean_dis=0.00526 vel_dis=0.00995 best_mae=0.2064 ready_mae_ok=True ready_vel_ok=True ready_dis_ok=True
[21:10:09][store=518000][DIST_SHIFT] x_ratio=0.854 v_ratio=1.034 th_ratio=1.136 om_ratio=1.025 old_th_std=0.0255 new_th_std=0.0290 buf=20000
[21:10:09][store=518000][DIAG] buf=20000 train_steps=9552 train_ratio=0.478 frozen=True no_improve=12 loss_ema=0.21680 delta_mae=0.3549 x_mae=0.5360 v_mae=0.5656 th_mae=0.0554 om_mae=0.2627 mean_dis=0.00544 vel_dis=0.01023 best_mae=0.2064 ready_mae_ok=True ready_vel_ok=True ready_dis_ok=True
[21:10:09][store=519000][DIST_SHIFT] x_ratio=0.797 v_ratio=0.879 th_ratio=1.178 om_ratio=1.086 old_th_std=0.0266 new_th_std=0.0314 buf=20000
[21:10:09][store=519000][DIAG] buf=20000 train_steps=9552 train_ratio=0.478 frozen=True no_improve=12 loss_ema=0.21680 delta_mae=0.3519 x_mae=0.5395 v_mae=0.5542 th_mae=0.0569 om_mae=0.2572 mean_dis=0.00536 vel_dis=0.01011 best_mae=0.2064 ready_mae_ok=True ready_vel_ok=True ready_dis_ok=True
[21:10:10][store=520000][DIST_SHIFT] x_ratio=0.903 v_ratio=1.011 th_ratio=1.089 om_ratio=1.104 old_th_std=0.0285 new_th_std=0.0311 buf=20000
[21:10:10][store=520000][DIAG] buf=20000 train_steps=9552 train_ratio=0.478 frozen=True no_improve=12 loss_ema=0.21680 delta_mae=0.3666 x_mae=0.5190 v_mae=0.5729 th_mae=0.0613 om_mae=0.3133 mean_dis=0.00539 vel_dis=0.01020 best_mae=0.2064 ready_mae_ok=False ready_vel_ok=True ready_dis_ok=True
[21:10:10][store=521000][DIST_SHIFT] x_ratio=0.810 v_ratio=1.070 th_ratio=1.179 om_ratio=1.100 old_th_std=0.0280 new_th_std=0.0330 buf=20000
[21:10:10][store=521000][DIAG] buf=20000 train_steps=9552 train_ratio=0.478 frozen=True no_improve=12 loss_ema=0.21680 delta_mae=0.3388 x_mae=0.4317 v_mae=0.5445 th_mae=0.0628 om_mae=0.3160 mean_dis=0.00528 vel_dis=0.01002 best_mae=0.2064 ready_mae_ok=True ready_vel_ok=True ready_dis_ok=True
[21:10:10][store=522000][DIST_SHIFT] x_ratio=0.882 v_ratio=1.084 th_ratio=1.231 om_ratio=1.029 old_th_std=0.0265 new_th_std=0.0326 buf=20000
[21:10:10][store=522000][DIAG] buf=20000 train_steps=9552 train_ratio=0.478 frozen=True no_improve=12 loss_ema=0.21680 delta_mae=0.3146 x_mae=0.4855 v_mae=0.4756 th_mae=0.0538 om_mae=0.2436 mean_dis=0.00509 vel_dis=0.00961 best_mae=0.2064 ready_mae_ok=True ready_vel_ok=True ready_dis_ok=True
[21:10:10][store=523000][DIST_SHIFT] x_ratio=1.045 v_ratio=1.096 th_ratio=1.053 om_ratio=0.910 old_th_std=0.0261 new_th_std=0.0275 buf=20000
[21:10:10][store=523000][DIAG] buf=20000 train_steps=9552 train_ratio=0.478 frozen=True no_improve=12 loss_ema=0.21680 delta_mae=0.3890 x_mae=0.6086 v_mae=0.5877 th_mae=0.0548 om_mae=0.3049 mean_dis=0.00540 vel_dis=0.01024 best_mae=0.2064 ready_mae_ok=False ready_vel_ok=True ready_dis_ok=True
[21:10:10][store=524000][DIST_SHIFT] x_ratio=1.145 v_ratio=1.383 th_ratio=0.905 om_ratio=0.900 old_th_std=0.0271 new_th_std=0.0245 buf=20000
[21:10:10][store=524000][DIAG] buf=20000 train_steps=9552 train_ratio=0.478 frozen=True no_improve=12 loss_ema=0.21680 delta_mae=0.3113 x_mae=0.4386 v_mae=0.4918 th_mae=0.0579 om_mae=0.2568 mean_dis=0.00524 vel_dis=0.00985 best_mae=0.2064 ready_mae_ok=True ready_vel_ok=True ready_dis_ok=True
[21:10:10][store=525000][DIST_SHIFT] x_ratio=0.964 v_ratio=1.251 th_ratio=1.147 om_ratio=0.869 old_th_std=0.0242 new_th_std=0.0278 buf=20000
[21:10:10][store=525000][DIAG] buf=20000 train_steps=9552 train_ratio=0.478 frozen=True no_improve=12 loss_ema=0.21680 delta_mae=0.3358 x_mae=0.4993 v_mae=0.4763 th_mae=0.0532 om_mae=0.3144 mean_dis=0.00548 vel_dis=0.01036 best_mae=0.2064 ready_mae_ok=True ready_vel_ok=True ready_dis_ok=True
[21:10:11][store=526000][DIST_SHIFT] x_ratio=1.040 v_ratio=1.155 th_ratio=1.184 om_ratio=0.895 old_th_std=0.0226 new_th_std=0.0268 buf=20000
[21:10:11][store=526000][DIAG] buf=20000 train_steps=9552 train_ratio=0.478 frozen=True no_improve=12 loss_ema=0.21680 delta_mae=0.3211 x_mae=0.4664 v_mae=0.4489 th_mae=0.0595 om_mae=0.3094 mean_dis=0.00507 vel_dis=0.00960 best_mae=0.2064 ready_mae_ok=True ready_vel_ok=True ready_dis_ok=True
[21:10:11][store=527000][DIST_SHIFT] x_ratio=1.051 v_ratio=0.960 th_ratio=1.041 om_ratio=1.014 old_th_std=0.0236 new_th_std=0.0246 buf=20000
[21:10:11][store=527000][DIAG] buf=20000 train_steps=9552 train_ratio=0.478 frozen=True no_improve=12 loss_ema=0.21680 delta_mae=0.3275 x_mae=0.5128 v_mae=0.4880 th_mae=0.0593 om_mae=0.2498 mean_dis=0.00530 vel_dis=0.00991 best_mae=0.2064 ready_mae_ok=True ready_vel_ok=True ready_dis_ok=True
[21:10:11][store=528000][DIST_SHIFT] x_ratio=0.960 v_ratio=0.858 th_ratio=1.071 om_ratio=1.113 old_th_std=0.0239 new_th_std=0.0256 buf=20000
[21:10:11][store=528000][DIAG] buf=20000 train_steps=9552 train_ratio=0.478 frozen=True no_improve=12 loss_ema=0.21680 delta_mae=0.3662 x_mae=0.5327 v_mae=0.5480 th_mae=0.0554 om_mae=0.3288 mean_dis=0.00512 vel_dis=0.00966 best_mae=0.2064 ready_mae_ok=False ready_vel_ok=True ready_dis_ok=True
[21:10:11][store=529000][DIST_SHIFT] x_ratio=0.913 v_ratio=0.747 th_ratio=1.101 om_ratio=1.157 old_th_std=0.0207 new_th_std=0.0228 buf=20000
[21:10:11][store=529000][DIAG] buf=20000 train_steps=9552 train_ratio=0.478 frozen=True no_improve=12 loss_ema=0.21680 delta_mae=0.3273 x_mae=0.4345 v_mae=0.5071 th_mae=0.0505 om_mae=0.3172 mean_dis=0.00548 vel_dis=0.01040 best_mae=0.2064 ready_mae_ok=True ready_vel_ok=True ready_dis_ok=True
[21:10:11][store=530000][DIST_SHIFT] x_ratio=1.073 v_ratio=0.885 th_ratio=0.862 om_ratio=1.070 old_th_std=0.0245 new_th_std=0.0211 buf=20000
[21:10:11][store=530000][DIAG] buf=20000 train_steps=9552 train_ratio=0.478 frozen=True no_improve=12 loss_ema=0.21680 delta_mae=0.3324 x_mae=0.4974 v_mae=0.5034 th_mae=0.0539 om_mae=0.2748 mean_dis=0.00518 vel_dis=0.00983 best_mae=0.2064 ready_mae_ok=True ready_vel_ok=True ready_dis_ok=True
[21:10:11][store=531000][DIST_SHIFT] x_ratio=0.998 v_ratio=0.993 th_ratio=1.085 om_ratio=0.867 old_th_std=0.0217 new_th_std=0.0235 buf=20000
[21:10:11][store=531000][DIAG] buf=20000 train_steps=9552 train_ratio=0.478 frozen=True no_improve=12 loss_ema=0.21680 delta_mae=0.3074 x_mae=0.3631 v_mae=0.5089 th_mae=0.0520 om_mae=0.3056 mean_dis=0.00549 vel_dis=0.01042 best_mae=0.2064 ready_mae_ok=True ready_vel_ok=True ready_dis_ok=True
[21:10:11][store=532000][DIST_SHIFT] x_ratio=1.084 v_ratio=1.142 th_ratio=1.011 om_ratio=0.762 old_th_std=0.0244 new_th_std=0.0247 buf=20000
[21:10:11][store=532000][DIAG] buf=20000 train_steps=9552 train_ratio=0.478 frozen=True no_improve=12 loss_ema=0.21680 delta_mae=0.3453 x_mae=0.4751 v_mae=0.5842 th_mae=0.0593 om_mae=0.2624 mean_dis=0.00557 vel_dis=0.01061 best_mae=0.2064 ready_mae_ok=True ready_vel_ok=True ready_dis_ok=True
[21:10:12][store=533000][DIST_SHIFT] x_ratio=1.131 v_ratio=1.078 th_ratio=0.835 om_ratio=0.875 old_th_std=0.0290 new_th_std=0.0242 buf=20000
[21:10:12][store=533000][DIAG] buf=20000 train_steps=9552 train_ratio=0.478 frozen=True no_improve=12 loss_ema=0.21680 delta_mae=0.3446 x_mae=0.5402 v_mae=0.5290 th_mae=0.0561 om_mae=0.2529 mean_dis=0.00531 vel_dis=0.01012 best_mae=0.2064 ready_mae_ok=True ready_vel_ok=True ready_dis_ok=True
[21:10:12][store=534000][DIST_SHIFT] x_ratio=1.253 v_ratio=1.274 th_ratio=0.856 om_ratio=0.888 old_th_std=0.0314 new_th_std=0.0269 buf=20000
[21:10:12][store=534000][DIAG] buf=20000 train_steps=9552 train_ratio=0.478 frozen=True no_improve=12 loss_ema=0.21680 delta_mae=0.3964 x_mae=0.5296 v_mae=0.6412 th_mae=0.0593 om_mae=0.3556 mean_dis=0.00511 vel_dis=0.00965 best_mae=0.2064 ready_mae_ok=False ready_vel_ok=False ready_dis_ok=True
[21:10:12][store=535000][DIST_SHIFT] x_ratio=0.990 v_ratio=1.061 th_ratio=0.892 om_ratio=0.942 old_th_std=0.0311 new_th_std=0.0277 buf=20000
[21:10:12][store=535000][DIAG] buf=20000 train_steps=9552 train_ratio=0.478 frozen=True no_improve=12 loss_ema=0.21680 delta_mae=0.3599 x_mae=0.5219 v_mae=0.5485 th_mae=0.0591 om_mae=0.3101 mean_dis=0.00507 vel_dis=0.00961 best_mae=0.2064 ready_mae_ok=True ready_vel_ok=True ready_dis_ok=True
[21:10:12][store=536000][DIST_SHIFT] x_ratio=0.977 v_ratio=1.032 th_ratio=0.836 om_ratio=0.932 old_th_std=0.0330 new_th_std=0.0276 buf=20000
[21:10:12][store=536000][DIAG] buf=20000 train_steps=9552 train_ratio=0.478 frozen=True no_improve=12 loss_ema=0.21680 delta_mae=0.3637 x_mae=0.4745 v_mae=0.5484 th_mae=0.0546 om_mae=0.3775 mean_dis=0.00541 vel_dis=0.01033 best_mae=0.2064 ready_mae_ok=False ready_vel_ok=True ready_dis_ok=True
[21:10:12][store=537000][DIST_SHIFT] x_ratio=0.902 v_ratio=0.961 th_ratio=0.838 om_ratio=0.887 old_th_std=0.0326 new_th_std=0.0274 buf=20000
[21:10:12][store=537000][DIAG] buf=20000 train_steps=9552 train_ratio=0.478 frozen=True no_improve=12 loss_ema=0.21680 delta_mae=0.3606 x_mae=0.4437 v_mae=0.5713 th_mae=0.0488 om_mae=0.3788 mean_dis=0.00496 vel_dis=0.00938 best_mae=0.2064 ready_mae_ok=False ready_vel_ok=True ready_dis_ok=True
[21:10:12][store=538000][DIST_SHIFT] x_ratio=0.838 v_ratio=1.014 th_ratio=0.969 om_ratio=0.860 old_th_std=0.0275 new_th_std=0.0266 buf=20000
[21:10:12][store=538000][DIAG] buf=20000 train_steps=9552 train_ratio=0.478 frozen=True no_improve=12 loss_ema=0.21680 delta_mae=0.3518 x_mae=0.5064 v_mae=0.5663 th_mae=0.0622 om_mae=0.2725 mean_dis=0.00578 vel_dis=0.01093 best_mae=0.2064 ready_mae_ok=True ready_vel_ok=True ready_dis_ok=True
[21:10:13][store=539000][DIST_SHIFT] x_ratio=0.726 v_ratio=0.911 th_ratio=1.276 om_ratio=0.860 old_th_std=0.0245 new_th_std=0.0313 buf=20000
[21:10:13][store=539000][DIAG] buf=20000 train_steps=9552 train_ratio=0.478 frozen=True no_improve=12 loss_ema=0.21680 delta_mae=0.3304 x_mae=0.4172 v_mae=0.5185 th_mae=0.0524 om_mae=0.3336 mean_dis=0.00533 vel_dis=0.01004 best_mae=0.2064 ready_mae_ok=True ready_vel_ok=True ready_dis_ok=True
[21:10:13][store=540000][DIST_SHIFT] x_ratio=0.919 v_ratio=0.881 th_ratio=1.010 om_ratio=1.028 old_th_std=0.0278 new_th_std=0.0280 buf=20000
[21:10:13][store=540000][DIAG] buf=20000 train_steps=9552 train_ratio=0.478 frozen=True no_improve=12 loss_ema=0.21680 delta_mae=0.3701 x_mae=0.5285 v_mae=0.5928 th_mae=0.0580 om_mae=0.3010 mean_dis=0.00549 vel_dis=0.01039 best_mae=0.2064 ready_mae_ok=False ready_vel_ok=True ready_dis_ok=True
[21:10:13][store=541000][DIST_SHIFT] x_ratio=0.935 v_ratio=0.821 th_ratio=1.003 om_ratio=1.097 old_th_std=0.0268 new_th_std=0.0268 buf=20000
[21:10:13][store=541000][DIAG] buf=20000 train_steps=9552 train_ratio=0.478 frozen=True no_improve=12 loss_ema=0.21680 delta_mae=0.3184 x_mae=0.4271 v_mae=0.5025 th_mae=0.0496 om_mae=0.2945 mean_dis=0.00541 vel_dis=0.01032 best_mae=0.2064 ready_mae_ok=True ready_vel_ok=True ready_dis_ok=True
[21:10:13][store=542000][DIST_SHIFT] x_ratio=0.808 v_ratio=0.927 th_ratio=1.193 om_ratio=1.112 old_th_std=0.0246 new_th_std=0.0294 buf=20000
[21:10:13][store=542000][DIAG] buf=20000 train_steps=9552 train_ratio=0.478 frozen=True no_improve=12 loss_ema=0.21680 delta_mae=0.3790 x_mae=0.5957 v_mae=0.5702 th_mae=0.0577 om_mae=0.2926 mean_dis=0.00503 vel_dis=0.00949 best_mae=0.2064 ready_mae_ok=False ready_vel_ok=True ready_dis_ok=True
[21:10:13][store=543000][DIST_SHIFT] x_ratio=1.061 v_ratio=1.084 th_ratio=1.116 om_ratio=1.018 old_th_std=0.0256 new_th_std=0.0285 buf=20000
[21:10:13][store=543000][DIAG] buf=20000 train_steps=9552 train_ratio=0.478 frozen=True no_improve=12 loss_ema=0.21680 delta_mae=0.3497 x_mae=0.5027 v_mae=0.4879 th_mae=0.0514 om_mae=0.3569 mean_dis=0.00529 vel_dis=0.01011 best_mae=0.2064 ready_mae_ok=True ready_vel_ok=True ready_dis_ok=True
[21:10:13][store=544000][DIST_SHIFT] x_ratio=1.113 v_ratio=1.112 th_ratio=1.113 om_ratio=1.020 old_th_std=0.0228 new_th_std=0.0254 buf=20000
[21:10:13][store=544000][DIAG] buf=20000 train_steps=9552 train_ratio=0.478 frozen=True no_improve=12 loss_ema=0.21680 delta_mae=0.3375 x_mae=0.4885 v_mae=0.5362 th_mae=0.0612 om_mae=0.2641 mean_dis=0.00537 vel_dis=0.01022 best_mae=0.2064 ready_mae_ok=True ready_vel_ok=True ready_dis_ok=True
[21:10:14][store=545000][DIST_SHIFT] x_ratio=1.125 v_ratio=0.969 th_ratio=1.372 om_ratio=1.032 old_th_std=0.0211 new_th_std=0.0289 buf=20000
[21:10:14][store=545000][DIAG] buf=20000 train_steps=9552 train_ratio=0.478 frozen=True no_improve=12 loss_ema=0.21680 delta_mae=0.3277 x_mae=0.4834 v_mae=0.4941 th_mae=0.0532 om_mae=0.2802 mean_dis=0.00515 vel_dis=0.00976 best_mae=0.2064 ready_mae_ok=True ready_vel_ok=True ready_dis_ok=True
[21:10:14][store=546000][DIST_SHIFT] x_ratio=1.088 v_ratio=0.922 th_ratio=1.246 om_ratio=1.019 old_th_std=0.0235 new_th_std=0.0293 buf=20000
[21:10:14][store=546000][DIAG] buf=20000 train_steps=9552 train_ratio=0.478 frozen=True no_improve=12 loss_ema=0.21680 delta_mae=0.3429 x_mae=0.4969 v_mae=0.5331 th_mae=0.0565 om_mae=0.2850 mean_dis=0.00542 vel_dis=0.01022 best_mae=0.2064 ready_mae_ok=True ready_vel_ok=True ready_dis_ok=True
[21:10:14][store=547000][DIST_SHIFT] x_ratio=1.171 v_ratio=0.848 th_ratio=1.208 om_ratio=1.129 old_th_std=0.0247 new_th_std=0.0298 buf=20000
[21:10:14][store=547000][DIAG] buf=20000 train_steps=9552 train_ratio=0.478 frozen=True no_improve=12 loss_ema=0.21680 delta_mae=0.3883 x_mae=0.5176 v_mae=0.6475 th_mae=0.0588 om_mae=0.3292 mean_dis=0.00493 vel_dis=0.00921 best_mae=0.2064 ready_mae_ok=False ready_vel_ok=False ready_dis_ok=True
[21:10:14][store=548000][DIST_SHIFT] x_ratio=1.064 v_ratio=0.737 th_ratio=1.309 om_ratio=1.106 old_th_std=0.0242 new_th_std=0.0316 buf=20000
[21:10:14][store=548000][DIAG] buf=20000 train_steps=9552 train_ratio=0.478 frozen=True no_improve=12 loss_ema=0.21680 delta_mae=0.3981 x_mae=0.5414 v_mae=0.5938 th_mae=0.0579 om_mae=0.3991 mean_dis=0.00527 vel_dis=0.01004 best_mae=0.2064 ready_mae_ok=False ready_vel_ok=True ready_dis_ok=True
[21:10:14][store=549000][DIST_SHIFT] x_ratio=0.946 v_ratio=0.755 th_ratio=1.179 om_ratio=1.144 old_th_std=0.0269 new_th_std=0.0317 buf=20000
[21:10:14][store=549000][DIAG] buf=20000 train_steps=9552 train_ratio=0.478 frozen=True no_improve=12 loss_ema=0.21680 delta_mae=0.3607 x_mae=0.5520 v_mae=0.4807 th_mae=0.0578 om_mae=0.3522 mean_dis=0.00538 vel_dis=0.01013 best_mae=0.2064 ready_mae_ok=False ready_vel_ok=True ready_dis_ok=True
[21:10:14][store=550000][DIST_SHIFT] x_ratio=1.033 v_ratio=0.871 th_ratio=1.052 om_ratio=0.982 old_th_std=0.0277 new_th_std=0.0292 buf=20000
[21:10:14][store=550000][DIAG] buf=20000 train_steps=9552 train_ratio=0.478 frozen=True no_improve=12 loss_ema=0.21680 delta_mae=0.3720 x_mae=0.5244 v_mae=0.5762 th_mae=0.0557 om_mae=0.3318 mean_dis=0.00546 vel_dis=0.01031 best_mae=0.2064 ready_mae_ok=False ready_vel_ok=True ready_dis_ok=True
[21:10:14][store=551000][DIST_SHIFT] x_ratio=1.071 v_ratio=0.913 th_ratio=1.093 om_ratio=0.992 old_th_std=0.0276 new_th_std=0.0302 buf=20000
[21:10:14][store=551000][DIAG] buf=20000 train_steps=9552 train_ratio=0.478 frozen=True no_improve=12 loss_ema=0.21680 delta_mae=0.4276 x_mae=0.5260 v_mae=0.6766 th_mae=0.0685 om_mae=0.4394 mean_dis=0.00457 vel_dis=0.00865 best_mae=0.2064 ready_mae_ok=False ready_vel_ok=False ready_dis_ok=True
[21:10:15][store=552000][DIST_SHIFT] x_ratio=1.123 v_ratio=0.965 th_ratio=1.015 om_ratio=0.931 old_th_std=0.0274 new_th_std=0.0278 buf=20000
[21:10:15][store=552000][DIAG] buf=20000 train_steps=9552 train_ratio=0.478 frozen=True no_improve=12 loss_ema=0.21680 delta_mae=0.3881 x_mae=0.5061 v_mae=0.6118 th_mae=0.0604 om_mae=0.3740 mean_dis=0.00527 vel_dis=0.01006 best_mae=0.2064 ready_mae_ok=False ready_vel_ok=False ready_dis_ok=True
[21:10:15][store=553000][DIST_SHIFT] x_ratio=1.120 v_ratio=1.040 th_ratio=1.095 om_ratio=0.967 old_th_std=0.0266 new_th_std=0.0292 buf=20000
[21:10:15][store=553000][DIAG] buf=20000 train_steps=9552 train_ratio=0.478 frozen=True no_improve=12 loss_ema=0.21680 delta_mae=0.3663 x_mae=0.4987 v_mae=0.5614 th_mae=0.0559 om_mae=0.3492 mean_dis=0.00495 vel_dis=0.00943 best_mae=0.2064 ready_mae_ok=False ready_vel_ok=True ready_dis_ok=True
[21:10:15][store=554000][DIST_SHIFT] x_ratio=1.328 v_ratio=1.100 th_ratio=0.836 om_ratio=0.959 old_th_std=0.0313 new_th_std=0.0261 buf=20000
[21:10:15][store=554000][DIAG] buf=20000 train_steps=9552 train_ratio=0.478 frozen=True no_improve=12 loss_ema=0.21680 delta_mae=0.3461 x_mae=0.4320 v_mae=0.5304 th_mae=0.0572 om_mae=0.3650 mean_dis=0.00567 vel_dis=0.01075 best_mae=0.2064 ready_mae_ok=True ready_vel_ok=True ready_dis_ok=True
[21:10:15][store=555000][DIST_SHIFT] x_ratio=1.169 v_ratio=1.255 th_ratio=0.916 om_ratio=0.863 old_th_std=0.0280 new_th_std=0.0257 buf=20000
[21:10:15][store=555000][DIAG] buf=20000 train_steps=9552 train_ratio=0.478 frozen=True no_improve=12 loss_ema=0.21680 delta_mae=0.3768 x_mae=0.4890 v_mae=0.5673 th_mae=0.0616 om_mae=0.3894 mean_dis=0.00545 vel_dis=0.01027 best_mae=0.2064 ready_mae_ok=False ready_vel_ok=True ready_dis_ok=True
[21:10:15][store=556000][DIST_SHIFT] x_ratio=1.123 v_ratio=1.301 th_ratio=0.900 om_ratio=0.785 old_th_std=0.0268 new_th_std=0.0242 buf=20000
[21:10:15][store=556000][DIAG] buf=20000 train_steps=9552 train_ratio=0.478 frozen=True no_improve=12 loss_ema=0.21680 delta_mae=0.3854 x_mae=0.4914 v_mae=0.5946 th_mae=0.0625 om_mae=0.3931 mean_dis=0.00544 vel_dis=0.01039 best_mae=0.2064 ready_mae_ok=False ready_vel_ok=True ready_dis_ok=True
[21:10:15][store=557000][DIST_SHIFT] x_ratio=1.285 v_ratio=1.315 th_ratio=0.849 om_ratio=0.727 old_th_std=0.0294 new_th_std=0.0249 buf=20000
[21:10:15][store=557000][DIAG] buf=20000 train_steps=9552 train_ratio=0.478 frozen=True no_improve=12 loss_ema=0.21680 delta_mae=0.3180 x_mae=0.3758 v_mae=0.4841 th_mae=0.0512 om_mae=0.3608 mean_dis=0.00519 vel_dis=0.00993 best_mae=0.2064 ready_mae_ok=True ready_vel_ok=True ready_dis_ok=True
[21:10:16][store=558000][DIST_SHIFT] x_ratio=1.074 v_ratio=1.103 th_ratio=0.756 om_ratio=0.732 old_th_std=0.0285 new_th_std=0.0216 buf=20000
[21:10:16][store=558000][DIAG] buf=20000 train_steps=9552 train_ratio=0.478 frozen=True no_improve=12 loss_ema=0.21680 delta_mae=0.3374 x_mae=0.4237 v_mae=0.5213 th_mae=0.0608 om_mae=0.3437 mean_dis=0.00541 vel_dis=0.01021 best_mae=0.2064 ready_mae_ok=True ready_vel_ok=True ready_dis_ok=True
[21:10:16][store=559000][DIST_SHIFT] x_ratio=0.952 v_ratio=1.222 th_ratio=0.914 om_ratio=0.608 old_th_std=0.0254 new_th_std=0.0232 buf=20000
[21:10:16][store=559000][DIAG] buf=20000 train_steps=9552 train_ratio=0.478 frozen=True no_improve=12 loss_ema=0.21680 delta_mae=0.3623 x_mae=0.4722 v_mae=0.5765 th_mae=0.0671 om_mae=0.3334 mean_dis=0.00524 vel_dis=0.01005 best_mae=0.2064 ready_mae_ok=False ready_vel_ok=True ready_dis_ok=True
[21:10:16][store=560000][DIST_SHIFT] x_ratio=1.016 v_ratio=1.093 th_ratio=0.811 om_ratio=0.601 old_th_std=0.0289 new_th_std=0.0235 buf=20000
[21:10:16][store=560000][DIAG] buf=20000 train_steps=9552 train_ratio=0.478 frozen=True no_improve=12 loss_ema=0.21680 delta_mae=0.4046 x_mae=0.5480 v_mae=0.6155 th_mae=0.0671 om_mae=0.3880 mean_dis=0.00525 vel_dis=0.01004 best_mae=0.2064 ready_mae_ok=False ready_vel_ok=False ready_dis_ok=True
[21:10:16][store=561000][DIST_SHIFT] x_ratio=1.027 v_ratio=1.140 th_ratio=0.876 om_ratio=0.661 old_th_std=0.0293 new_th_std=0.0257 buf=20000
[21:10:16][store=561000][DIAG] buf=20000 train_steps=9552 train_ratio=0.478 frozen=True no_improve=12 loss_ema=0.21680 delta_mae=0.3923 x_mae=0.5186 v_mae=0.6874 th_mae=0.0666 om_mae=0.2967 mean_dis=0.00512 vel_dis=0.00972 best_mae=0.2064 ready_mae_ok=False ready_vel_ok=False ready_dis_ok=True
[21:10:16][store=562000][DIST_SHIFT] x_ratio=0.872 v_ratio=1.139 th_ratio=0.844 om_ratio=0.822 old_th_std=0.0298 new_th_std=0.0251 buf=20000
[21:10:16][store=562000][DIAG] buf=20000 train_steps=9552 train_ratio=0.478 frozen=True no_improve=12 loss_ema=0.21680 delta_mae=0.3676 x_mae=0.5071 v_mae=0.5877 th_mae=0.0673 om_mae=0.3083 mean_dis=0.00472 vel_dis=0.00902 best_mae=0.2064 ready_mae_ok=False ready_vel_ok=True ready_dis_ok=True
[21:10:16][store=563000][DIST_SHIFT] x_ratio=0.940 v_ratio=1.318 th_ratio=0.887 om_ratio=0.906 old_th_std=0.0316 new_th_std=0.0280 buf=20000
[21:10:16][store=563000][DIAG] buf=20000 train_steps=9552 train_ratio=0.478 frozen=True no_improve=12 loss_ema=0.21680 delta_mae=0.3609 x_mae=0.5229 v_mae=0.5814 th_mae=0.0652 om_mae=0.2742 mean_dis=0.00568 vel_dis=0.01076 best_mae=0.2064 ready_mae_ok=False ready_vel_ok=True ready_dis_ok=True
[21:10:17][store=564000][DIST_SHIFT] x_ratio=1.101 v_ratio=1.157 th_ratio=1.002 om_ratio=1.045 old_th_std=0.0317 new_th_std=0.0317 buf=20000
[21:10:17][store=564000][DIAG] buf=20000 train_steps=9552 train_ratio=0.478 frozen=True no_improve=12 loss_ema=0.21680 delta_mae=0.3744 x_mae=0.4208 v_mae=0.5757 th_mae=0.0643 om_mae=0.4367 mean_dis=0.00493 vel_dis=0.00939 best_mae=0.2064 ready_mae_ok=False ready_vel_ok=True ready_dis_ok=True
[21:10:17][store=565000][DIST_SHIFT] x_ratio=1.004 v_ratio=1.190 th_ratio=1.016 om_ratio=1.274 old_th_std=0.0292 new_th_std=0.0296 buf=20000
[21:10:17][store=565000][DIAG] buf=20000 train_steps=9552 train_ratio=0.478 frozen=True no_improve=12 loss_ema=0.21680 delta_mae=0.3382 x_mae=0.4029 v_mae=0.5624 th_mae=0.0621 om_mae=0.3255 mean_dis=0.00525 vel_dis=0.00997 best_mae=0.2064 ready_mae_ok=True ready_vel_ok=True ready_dis_ok=True
[21:10:17][store=566000][DIST_SHIFT] x_ratio=1.045 v_ratio=1.066 th_ratio=0.919 om_ratio=1.221 old_th_std=0.0302 new_th_std=0.0277 buf=20000
[21:10:17][store=566000][DIAG] buf=20000 train_steps=9552 train_ratio=0.478 frozen=True no_improve=12 loss_ema=0.21680 delta_mae=0.3753 x_mae=0.4814 v_mae=0.6071 th_mae=0.0626 om_mae=0.3500 mean_dis=0.00535 vel_dis=0.01021 best_mae=0.2064 ready_mae_ok=False ready_vel_ok=False ready_dis_ok=True
[21:10:17][store=567000][DIST_SHIFT] x_ratio=1.040 v_ratio=0.976 th_ratio=0.898 om_ratio=1.281 old_th_std=0.0278 new_th_std=0.0249 buf=20000
[21:10:17][store=567000][DIAG] buf=20000 train_steps=9552 train_ratio=0.478 frozen=True no_improve=12 loss_ema=0.21680 delta_mae=0.3480 x_mae=0.5319 v_mae=0.5302 th_mae=0.0623 om_mae=0.2677 mean_dis=0.00576 vel_dis=0.01104 best_mae=0.2064 ready_mae_ok=True ready_vel_ok=True ready_dis_ok=True
[21:10:17][store=568000][DIST_SHIFT] x_ratio=1.032 v_ratio=0.965 th_ratio=0.944 om_ratio=1.193 old_th_std=0.0292 new_th_std=0.0275 buf=20000
[21:10:17][store=568000][DIAG] buf=20000 train_steps=9552 train_ratio=0.478 frozen=True no_improve=12 loss_ema=0.21680 delta_mae=0.3531 x_mae=0.4892 v_mae=0.5739 th_mae=0.0625 om_mae=0.2869 mean_dis=0.00518 vel_dis=0.00985 best_mae=0.2064 ready_mae_ok=True ready_vel_ok=True ready_dis_ok=True
[21:10:17][store=569000][DIST_SHIFT] x_ratio=0.948 v_ratio=0.965 th_ratio=0.854 om_ratio=1.064 old_th_std=0.0261 new_th_std=0.0223 buf=20000
[21:10:17][store=569000][DIAG] buf=20000 train_steps=9552 train_ratio=0.478 frozen=True no_improve=12 loss_ema=0.21680 delta_mae=0.3236 x_mae=0.4219 v_mae=0.5064 th_mae=0.0573 om_mae=0.3091 mean_dis=0.00534 vel_dis=0.01019 best_mae=0.2064 ready_mae_ok=True ready_vel_ok=True ready_dis_ok=True
[21:10:17][store=570000][DIST_SHIFT] x_ratio=1.092 v_ratio=0.891 th_ratio=1.049 om_ratio=1.046 old_th_std=0.0257 new_th_std=0.0269 buf=20000
[21:10:17][store=570000][DIAG] buf=20000 train_steps=9552 train_ratio=0.478 frozen=True no_improve=12 loss_ema=0.21680 delta_mae=0.3381 x_mae=0.5043 v_mae=0.5111 th_mae=0.0572 om_mae=0.2798 mean_dis=0.00522 vel_dis=0.00985 best_mae=0.2064 ready_mae_ok=True ready_vel_ok=True ready_dis_ok=True
[21:10:18][store=571000][DIST_SHIFT] x_ratio=1.017 v_ratio=0.957 th_ratio=1.165 om_ratio=1.079 old_th_std=0.0242 new_th_std=0.0281 buf=20000
[21:10:18][store=571000][DIAG] buf=20000 train_steps=9552 train_ratio=0.478 frozen=True no_improve=12 loss_ema=0.21680 delta_mae=0.3627 x_mae=0.4940 v_mae=0.5555 th_mae=0.0515 om_mae=0.3496 mean_dis=0.00541 vel_dis=0.01025 best_mae=0.2064 ready_mae_ok=False ready_vel_ok=True ready_dis_ok=True
[21:10:18][store=572000][DIST_SHIFT] x_ratio=1.025 v_ratio=1.143 th_ratio=1.091 om_ratio=1.206 old_th_std=0.0249 new_th_std=0.0272 buf=20000
[21:10:18][store=572000][DIAG] buf=20000 train_steps=9552 train_ratio=0.478 frozen=True no_improve=12 loss_ema=0.21680 delta_mae=0.3589 x_mae=0.5607 v_mae=0.5433 th_mae=0.0601 om_mae=0.2717 mean_dis=0.00594 vel_dis=0.01127 best_mae=0.2064 ready_mae_ok=True ready_vel_ok=True ready_dis_ok=True
[21:10:18][store=573000][DIST_SHIFT] x_ratio=0.927 v_ratio=1.186 th_ratio=1.162 om_ratio=1.193 old_th_std=0.0216 new_th_std=0.0251 buf=20000
[21:10:18][store=573000][DIAG] buf=20000 train_steps=9552 train_ratio=0.478 frozen=True no_improve=12 loss_ema=0.21680 delta_mae=0.3413 x_mae=0.4950 v_mae=0.5326 th_mae=0.0631 om_mae=0.2745 mean_dis=0.00558 vel_dis=0.01057 best_mae=0.2064 ready_mae_ok=True ready_vel_ok=True ready_dis_ok=True
[21:10:18][store=574000][DIST_SHIFT] x_ratio=0.995 v_ratio=1.158 th_ratio=1.283 om_ratio=1.334 old_th_std=0.0232 new_th_std=0.0297 buf=20000
[21:10:18][store=574000][DIAG] buf=20000 train_steps=9552 train_ratio=0.478 frozen=True no_improve=12 loss_ema=0.21680 delta_mae=0.3578 x_mae=0.5822 v_mae=0.5229 th_mae=0.0573 om_mae=0.2690 mean_dis=0.00522 vel_dis=0.00987 best_mae=0.2064 ready_mae_ok=True ready_vel_ok=True ready_dis_ok=True
[21:10:18][store=575000][DIST_SHIFT] x_ratio=0.876 v_ratio=1.266 th_ratio=1.180 om_ratio=1.309 old_th_std=0.0235 new_th_std=0.0277 buf=20000
[21:10:18][store=575000][DIAG] buf=20000 train_steps=9552 train_ratio=0.478 frozen=True no_improve=12 loss_ema=0.21680 delta_mae=0.3364 x_mae=0.5328 v_mae=0.5057 th_mae=0.0515 om_mae=0.2558 mean_dis=0.00521 vel_dis=0.00978 best_mae=0.2064 ready_mae_ok=True ready_vel_ok=True ready_dis_ok=True
[21:10:18][store=576000][DIST_SHIFT] x_ratio=0.889 v_ratio=1.036 th_ratio=1.032 om_ratio=1.408 old_th_std=0.0257 new_th_std=0.0265 buf=20000
[21:10:18][store=576000][DIAG] buf=20000 train_steps=9552 train_ratio=0.478 frozen=True no_improve=12 loss_ema=0.21680 delta_mae=0.2917 x_mae=0.4614 v_mae=0.4406 th_mae=0.0542 om_mae=0.2105 mean_dis=0.00479 vel_dis=0.00899 best_mae=0.2064 ready_mae_ok=True ready_vel_ok=True ready_dis_ok=True
[21:10:19][store=577000][DIST_SHIFT] x_ratio=0.895 v_ratio=0.932 th_ratio=1.110 om_ratio=0.927 old_th_std=0.0251 new_th_std=0.0279 buf=20000
[21:10:19][store=577000][DIAG] buf=20000 train_steps=9552 train_ratio=0.478 frozen=True no_improve=12 loss_ema=0.21680 delta_mae=0.3754 x_mae=0.6084 v_mae=0.6095 th_mae=0.0519 om_mae=0.2318 mean_dis=0.00506 vel_dis=0.00946 best_mae=0.2064 ready_mae_ok=False ready_vel_ok=False ready_dis_ok=True
[21:10:19][store=578000][DIST_SHIFT] x_ratio=1.028 v_ratio=0.910 th_ratio=1.083 om_ratio=0.828 old_th_std=0.0280 new_th_std=0.0304 buf=20000
[21:10:19][store=578000][DIAG] buf=20000 train_steps=9552 train_ratio=0.478 frozen=True no_improve=12 loss_ema=0.21680 delta_mae=0.3236 x_mae=0.5577 v_mae=0.4798 th_mae=0.0526 om_mae=0.2045 mean_dis=0.00573 vel_dis=0.01074 best_mae=0.2064 ready_mae_ok=True ready_vel_ok=True ready_dis_ok=True
[21:10:19][store=579000][DIST_SHIFT] x_ratio=0.885 v_ratio=0.923 th_ratio=0.845 om_ratio=0.733 old_th_std=0.0317 new_th_std=0.0268 buf=20000
[21:10:19][store=579000][DIAG] buf=20000 train_steps=9552 train_ratio=0.478 frozen=True no_improve=12 loss_ema=0.21680 delta_mae=0.3359 x_mae=0.5690 v_mae=0.4657 th_mae=0.0547 om_mae=0.2544 mean_dis=0.00541 vel_dis=0.01011 best_mae=0.2064 ready_mae_ok=True ready_vel_ok=True ready_dis_ok=True
[21:10:19][store=580000][DIST_SHIFT] x_ratio=0.982 v_ratio=0.909 th_ratio=0.873 om_ratio=0.735 old_th_std=0.0296 new_th_std=0.0259 buf=20000
[21:10:19][store=580000][DIAG] buf=20000 train_steps=9552 train_ratio=0.478 frozen=True no_improve=12 loss_ema=0.21680 delta_mae=0.3264 x_mae=0.4778 v_mae=0.4715 th_mae=0.0464 om_mae=0.3100 mean_dis=0.00543 vel_dis=0.01016 best_mae=0.2064 ready_mae_ok=True ready_vel_ok=True ready_dis_ok=True
[21:10:19][store=581000][DIST_SHIFT] x_ratio=0.913 v_ratio=1.003 th_ratio=0.967 om_ratio=0.654 old_th_std=0.0277 new_th_std=0.0268 buf=20000
[21:10:19][store=581000][DIAG] buf=20000 train_steps=9552 train_ratio=0.478 frozen=True no_improve=12 loss_ema=0.21680 delta_mae=0.3248 x_mae=0.5603 v_mae=0.4483 th_mae=0.0472 om_mae=0.2432 mean_dis=0.00509 vel_dis=0.00957 best_mae=0.2064 ready_mae_ok=True ready_vel_ok=True ready_dis_ok=True
[21:10:19][store=582000][DIST_SHIFT] x_ratio=0.894 v_ratio=1.147 th_ratio=1.181 om_ratio=0.689 old_th_std=0.0249 new_th_std=0.0294 buf=20000
[21:10:19][store=582000][DIAG] buf=20000 train_steps=9552 train_ratio=0.478 frozen=True no_improve=12 loss_ema=0.21680 delta_mae=0.3360 x_mae=0.5232 v_mae=0.4963 th_mae=0.0537 om_mae=0.2708 mean_dis=0.00522 vel_dis=0.00983 best_mae=0.2064 ready_mae_ok=True ready_vel_ok=True ready_dis_ok=True
[21:10:19][store=583000][DIST_SHIFT] x_ratio=0.798 v_ratio=1.142 th_ratio=1.048 om_ratio=0.828 old_th_std=0.0275 new_th_std=0.0289 buf=20000
[21:10:19][store=583000][DIAG] buf=20000 train_steps=9552 train_ratio=0.478 frozen=True no_improve=12 loss_ema=0.21680 delta_mae=0.3117 x_mae=0.5499 v_mae=0.4361 th_mae=0.0480 om_mae=0.2128 mean_dis=0.00522 vel_dis=0.00982 best_mae=0.2064 ready_mae_ok=True ready_vel_ok=True ready_dis_ok=True
[21:10:20][store=584000][DIST_SHIFT] x_ratio=0.837 v_ratio=1.029 th_ratio=1.354 om_ratio=0.949 old_th_std=0.0223 new_th_std=0.0302 buf=20000
[21:10:20][store=584000][DIAG] buf=20000 train_steps=9552 train_ratio=0.478 frozen=True no_improve=12 loss_ema=0.21680 delta_mae=0.3517 x_mae=0.5554 v_mae=0.5039 th_mae=0.0526 om_mae=0.2951 mean_dis=0.00540 vel_dis=0.01019 best_mae=0.2064 ready_mae_ok=True ready_vel_ok=True ready_dis_ok=True
[21:10:20][store=585000][DIST_SHIFT] x_ratio=0.803 v_ratio=0.943 th_ratio=1.205 om_ratio=0.996 old_th_std=0.0269 new_th_std=0.0324 buf=20000
[21:10:20][store=585000][DIAG] buf=20000 train_steps=9552 train_ratio=0.478 frozen=True no_improve=12 loss_ema=0.21680 delta_mae=0.2953 x_mae=0.4780 v_mae=0.4218 th_mae=0.0471 om_mae=0.2345 mean_dis=0.00515 vel_dis=0.00982 best_mae=0.2064 ready_mae_ok=True ready_vel_ok=True ready_dis_ok=True
[21:10:20][store=586000][DIST_SHIFT] x_ratio=0.921 v_ratio=0.773 th_ratio=1.121 om_ratio=1.017 old_th_std=0.0281 new_th_std=0.0315 buf=20000
[21:10:20][store=586000][DIAG] buf=20000 train_steps=9552 train_ratio=0.478 frozen=True no_improve=12 loss_ema=0.21680 delta_mae=0.3238 x_mae=0.5231 v_mae=0.4796 th_mae=0.0444 om_mae=0.2482 mean_dis=0.00501 vel_dis=0.00950 best_mae=0.2064 ready_mae_ok=True ready_vel_ok=True ready_dis_ok=True
[21:10:20][store=587000][DIST_SHIFT] x_ratio=0.915 v_ratio=0.731 th_ratio=1.175 om_ratio=0.966 old_th_std=0.0272 new_th_std=0.0319 buf=20000
[21:10:20][store=587000][DIAG] buf=20000 train_steps=9552 train_ratio=0.478 frozen=True no_improve=12 loss_ema=0.21680 delta_mae=0.3091 x_mae=0.5441 v_mae=0.4440 th_mae=0.0502 om_mae=0.1980 mean_dis=0.00480 vel_dis=0.00892 best_mae=0.2064 ready_mae_ok=True ready_vel_ok=True ready_dis_ok=True
[21:10:20][store=588000][DIST_SHIFT] x_ratio=1.038 v_ratio=0.657 th_ratio=1.228 om_ratio=0.791 old_th_std=0.0251 new_th_std=0.0308 buf=20000
[21:10:20][store=588000][DIAG] buf=20000 train_steps=9552 train_ratio=0.478 frozen=True no_improve=12 loss_ema=0.21680 delta_mae=0.3608 x_mae=0.5798 v_mae=0.5415 th_mae=0.0500 om_mae=0.2716 mean_dis=0.00506 vel_dis=0.00934 best_mae=0.2064 ready_mae_ok=False ready_vel_ok=True ready_dis_ok=True
[21:10:20][store=589000][DIST_SHIFT] x_ratio=0.973 v_ratio=0.665 th_ratio=1.025 om_ratio=0.976 old_th_std=0.0297 new_th_std=0.0305 buf=20000
[21:10:20][store=589000][DIAG] buf=20000 train_steps=9552 train_ratio=0.478 frozen=True no_improve=12 loss_ema=0.21680 delta_mae=0.3516 x_mae=0.5641 v_mae=0.4973 th_mae=0.0412 om_mae=0.3038 mean_dis=0.00537 vel_dis=0.01015 best_mae=0.2064 ready_mae_ok=True ready_vel_ok=True ready_dis_ok=True
[21:10:21][store=590000][DIST_SHIFT] x_ratio=0.964 v_ratio=0.607 th_ratio=0.973 om_ratio=1.039 old_th_std=0.0277 new_th_std=0.0269 buf=20000
[21:10:21][store=590000][DIAG] buf=20000 train_steps=9552 train_ratio=0.478 frozen=True no_improve=12 loss_ema=0.21680 delta_mae=0.3462 x_mae=0.5749 v_mae=0.5299 th_mae=0.0470 om_mae=0.2328 mean_dis=0.00503 vel_dis=0.00948 best_mae=0.2064 ready_mae_ok=True ready_vel_ok=True ready_dis_ok=True
[21:10:21][store=591000][DIST_SHIFT] x_ratio=0.946 v_ratio=0.707 th_ratio=0.956 om_ratio=1.036 old_th_std=0.0265 new_th_std=0.0253 buf=20000
[21:10:21][store=591000][DIAG] buf=20000 train_steps=9552 train_ratio=0.478 frozen=True no_improve=12 loss_ema=0.21680 delta_mae=0.3450 x_mae=0.6438 v_mae=0.5136 th_mae=0.0477 om_mae=0.1748 mean_dis=0.00541 vel_dis=0.01024 best_mae=0.2064 ready_mae_ok=True ready_vel_ok=True ready_dis_ok=True
[21:10:21][store=592000][DIST_SHIFT] x_ratio=1.084 v_ratio=0.793 th_ratio=0.757 om_ratio=1.266 old_th_std=0.0279 new_th_std=0.0211 buf=20000
[21:10:21][store=592000][DIAG] buf=20000 train_steps=9552 train_ratio=0.478 frozen=True no_improve=12 loss_ema=0.21680 delta_mae=0.3301 x_mae=0.5297 v_mae=0.4911 th_mae=0.0577 om_mae=0.2419 mean_dis=0.00553 vel_dis=0.01049 best_mae=0.2064 ready_mae_ok=True ready_vel_ok=True ready_dis_ok=True
[21:10:21][store=593000][DIST_SHIFT] x_ratio=0.995 v_ratio=0.861 th_ratio=0.733 om_ratio=1.266 old_th_std=0.0304 new_th_std=0.0223 buf=20000
[21:10:21][store=593000][DIAG] buf=20000 train_steps=9552 train_ratio=0.478 frozen=True no_improve=12 loss_ema=0.21680 delta_mae=0.3367 x_mae=0.5566 v_mae=0.5232 th_mae=0.0567 om_mae=0.2103 mean_dis=0.00504 vel_dis=0.00948 best_mae=0.2064 ready_mae_ok=True ready_vel_ok=True ready_dis_ok=True
[21:10:21][store=594000][DIST_SHIFT] x_ratio=0.975 v_ratio=0.878 th_ratio=0.884 om_ratio=1.218 old_th_std=0.0268 new_th_std=0.0237 buf=20000
[21:10:21][store=594000][DIAG] buf=20000 train_steps=9552 train_ratio=0.478 frozen=True no_improve=12 loss_ema=0.21680 delta_mae=0.3487 x_mae=0.5917 v_mae=0.5164 th_mae=0.0510 om_mae=0.2357 mean_dis=0.00528 vel_dis=0.00994 best_mae=0.2064 ready_mae_ok=True ready_vel_ok=True ready_dis_ok=True
[21:10:21][store=595000][DIST_SHIFT] x_ratio=0.964 v_ratio=0.817 th_ratio=1.072 om_ratio=1.224 old_th_std=0.0259 new_th_std=0.0277 buf=20000
[21:10:21][store=595000][DIAG] buf=20000 train_steps=9552 train_ratio=0.478 frozen=True no_improve=12 loss_ema=0.21680 delta_mae=0.3731 x_mae=0.5736 v_mae=0.5730 th_mae=0.0504 om_mae=0.2952 mean_dis=0.00543 vel_dis=0.01024 best_mae=0.2064 ready_mae_ok=False ready_vel_ok=True ready_dis_ok=True
[21:10:22][store=596000][DIST_SHIFT] x_ratio=1.083 v_ratio=0.965 th_ratio=0.984 om_ratio=1.432 old_th_std=0.0268 new_th_std=0.0264 buf=20000
[21:10:22][store=596000][DIAG] buf=20000 train_steps=9552 train_ratio=0.478 frozen=True no_improve=12 loss_ema=0.21680 delta_mae=0.3492 x_mae=0.5350 v_mae=0.5520 th_mae=0.0550 om_mae=0.2549 mean_dis=0.00479 vel_dis=0.00899 best_mae=0.2064 ready_mae_ok=True ready_vel_ok=True ready_dis_ok=True
[21:10:22][store=597000][DIST_SHIFT] x_ratio=1.112 v_ratio=0.876 th_ratio=1.005 om_ratio=1.494 old_th_std=0.0294 new_th_std=0.0296 buf=20000
[21:10:22][store=597000][DIAG] buf=20000 train_steps=9552 train_ratio=0.478 frozen=True no_improve=12 loss_ema=0.21680 delta_mae=0.3604 x_mae=0.5939 v_mae=0.5212 th_mae=0.0533 om_mae=0.2730 mean_dis=0.00489 vel_dis=0.00914 best_mae=0.2064 ready_mae_ok=False ready_vel_ok=True ready_dis_ok=True
[21:10:22][store=598000][DIST_SHIFT] x_ratio=1.244 v_ratio=0.792 th_ratio=0.936 om_ratio=1.326 old_th_std=0.0289 new_th_std=0.0270 buf=20000
[21:10:22][store=598000][DIAG] buf=20000 train_steps=9552 train_ratio=0.478 frozen=True no_improve=12 loss_ema=0.21680 delta_mae=0.3350 x_mae=0.5174 v_mae=0.5050 th_mae=0.0481 om_mae=0.2695 mean_dis=0.00478 vel_dis=0.00910 best_mae=0.2064 ready_mae_ok=True ready_vel_ok=True ready_dis_ok=True
[21:10:22][store=599000][DIST_SHIFT] x_ratio=1.247 v_ratio=0.868 th_ratio=0.879 om_ratio=1.244 old_th_std=0.0302 new_th_std=0.0266 buf=20000
[21:10:22][store=599000][DIAG] buf=20000 train_steps=9552 train_ratio=0.478 frozen=True no_improve=12 loss_ema=0.21680 delta_mae=0.3738 x_mae=0.5807 v_mae=0.5825 th_mae=0.0575 om_mae=0.2747 mean_dis=0.00559 vel_dis=0.01056 best_mae=0.2064 ready_mae_ok=False ready_vel_ok=True ready_dis_ok=True
[21:10:22][store=600000][DIST_SHIFT] x_ratio=1.396 v_ratio=1.029 th_ratio=0.779 om_ratio=1.142 old_th_std=0.0324 new_th_std=0.0253 buf=20000
[21:10:22][store=600000][DIAG] buf=20000 train_steps=9552 train_ratio=0.478 frozen=True no_improve=12 loss_ema=0.21680 delta_mae=0.3478 x_mae=0.5702 v_mae=0.4756 th_mae=0.0542 om_mae=0.2913 mean_dis=0.00506 vel_dis=0.00958 best_mae=0.2064 ready_mae_ok=True ready_vel_ok=True ready_dis_ok=True
[21:10:22][store=601000][DIST_SHIFT] x_ratio=1.369 v_ratio=1.238 th_ratio=0.877 om_ratio=1.113 old_th_std=0.0315 new_th_std=0.0277 buf=20000
[21:10:22][store=601000][DIAG] buf=20000 train_steps=9552 train_ratio=0.478 frozen=True no_improve=12 loss_ema=0.21680 delta_mae=0.3794 x_mae=0.6134 v_mae=0.5515 th_mae=0.0519 om_mae=0.3008 mean_dis=0.00497 vel_dis=0.00935 best_mae=0.2064 ready_mae_ok=False ready_vel_ok=True ready_dis_ok=True
[21:10:22][store=602000][DIST_SHIFT] x_ratio=1.228 v_ratio=1.180 th_ratio=0.853 om_ratio=1.009 old_th_std=0.0319 new_th_std=0.0272 buf=20000
[21:10:22][store=602000][DIAG] buf=20000 train_steps=9552 train_ratio=0.478 frozen=True no_improve=12 loss_ema=0.21680 delta_mae=0.3786 x_mae=0.5284 v_mae=0.5924 th_mae=0.0548 om_mae=0.3387 mean_dis=0.00520 vel_dis=0.00984 best_mae=0.2064 ready_mae_ok=False ready_vel_ok=True ready_dis_ok=True
[21:10:23][store=603000][DIST_SHIFT] x_ratio=1.099 v_ratio=1.488 th_ratio=0.935 om_ratio=1.278 old_th_std=0.0308 new_th_std=0.0288 buf=20000
[21:10:23][store=603000][DIAG] buf=20000 train_steps=9552 train_ratio=0.478 frozen=True no_improve=12 loss_ema=0.21680 delta_mae=0.3913 x_mae=0.5975 v_mae=0.5834 th_mae=0.0492 om_mae=0.3351 mean_dis=0.00573 vel_dis=0.01088 best_mae=0.2064 ready_mae_ok=False ready_vel_ok=True ready_dis_ok=True
[21:10:23][store=604000][DIST_SHIFT] x_ratio=1.115 v_ratio=1.395 th_ratio=1.014 om_ratio=1.067 old_th_std=0.0305 new_th_std=0.0309 buf=20000
[21:10:23][store=604000][DIAG] buf=20000 train_steps=9552 train_ratio=0.478 frozen=True no_improve=12 loss_ema=0.21680 delta_mae=0.3859 x_mae=0.5353 v_mae=0.5954 th_mae=0.0663 om_mae=0.3469 mean_dis=0.00582 vel_dis=0.01098 best_mae=0.2064 ready_mae_ok=False ready_vel_ok=True ready_dis_ok=True
[21:10:23][store=605000][DIST_SHIFT] x_ratio=1.034 v_ratio=1.547 th_ratio=1.174 om_ratio=1.131 old_th_std=0.0269 new_th_std=0.0316 buf=20000
[21:10:23][store=605000][DIAG] buf=20000 train_steps=9552 train_ratio=0.478 frozen=True no_improve=12 loss_ema=0.21680 delta_mae=0.3499 x_mae=0.5430 v_mae=0.5230 th_mae=0.0626 om_mae=0.2710 mean_dis=0.00519 vel_dis=0.00980 best_mae=0.2064 ready_mae_ok=True ready_vel_ok=True ready_dis_ok=True
[21:10:23][store=606000][DIST_SHIFT] x_ratio=0.981 v_ratio=1.363 th_ratio=1.120 om_ratio=1.167 old_th_std=0.0253 new_th_std=0.0283 buf=20000
[21:10:23][store=606000][DIAG] buf=20000 train_steps=9552 train_ratio=0.478 frozen=True no_improve=12 loss_ema=0.21680 delta_mae=0.3443 x_mae=0.5811 v_mae=0.5038 th_mae=0.0602 om_mae=0.2321 mean_dis=0.00497 vel_dis=0.00947 best_mae=0.2064 ready_mae_ok=True ready_vel_ok=True ready_dis_ok=True
[21:10:23][store=607000][DIST_SHIFT] x_ratio=0.988 v_ratio=1.223 th_ratio=1.403 om_ratio=1.195 old_th_std=0.0211 new_th_std=0.0296 buf=20000
[21:10:23][store=607000][DIAG] buf=20000 train_steps=9552 train_ratio=0.478 frozen=True no_improve=12 loss_ema=0.21680 delta_mae=0.3610 x_mae=0.5648 v_mae=0.5338 th_mae=0.0606 om_mae=0.2850 mean_dis=0.00497 vel_dis=0.00943 best_mae=0.2064 ready_mae_ok=False ready_vel_ok=True ready_dis_ok=True
[21:10:23][store=608000][DIST_SHIFT] x_ratio=0.975 v_ratio=1.103 th_ratio=1.348 om_ratio=1.137 old_th_std=0.0223 new_th_std=0.0300 buf=20000
[21:10:23][store=608000][DIAG] buf=20000 train_steps=9552 train_ratio=0.478 frozen=True no_improve=12 loss_ema=0.21680 delta_mae=0.3979 x_mae=0.6706 v_mae=0.5790 th_mae=0.0561 om_mae=0.2859 mean_dis=0.00533 vel_dis=0.01013 best_mae=0.2064 ready_mae_ok=False ready_vel_ok=True ready_dis_ok=True
[21:10:24][store=609000][DIST_SHIFT] x_ratio=1.070 v_ratio=1.165 th_ratio=1.250 om_ratio=1.132 old_th_std=0.0237 new_th_std=0.0296 buf=20000
[21:10:24][store=609000][DIAG] buf=20000 train_steps=9552 train_ratio=0.478 frozen=True no_improve=12 loss_ema=0.21680 delta_mae=0.4168 x_mae=0.5870 v_mae=0.6681 th_mae=0.0529 om_mae=0.3590 mean_dis=0.00569 vel_dis=0.01081 best_mae=0.2064 ready_mae_ok=False ready_vel_ok=False ready_dis_ok=True
[21:10:24][store=610000][DIST_SHIFT] x_ratio=1.144 v_ratio=1.101 th_ratio=1.063 om_ratio=1.037 old_th_std=0.0277 new_th_std=0.0295 buf=20000
[21:10:24][store=610000][DIAG] buf=20000 train_steps=9552 train_ratio=0.478 frozen=True no_improve=12 loss_ema=0.21680 delta_mae=0.3707 x_mae=0.5269 v_mae=0.5623 th_mae=0.0608 om_mae=0.3327 mean_dis=0.00604 vel_dis=0.01144 best_mae=0.2064 ready_mae_ok=False ready_vel_ok=True ready_dis_ok=True
[21:10:24][store=611000][DIST_SHIFT] x_ratio=1.026 v_ratio=0.903 th_ratio=1.154 om_ratio=0.983 old_th_std=0.0264 new_th_std=0.0305 buf=20000
[21:10:24][store=611000][DIAG] buf=20000 train_steps=9552 train_ratio=0.478 frozen=True no_improve=12 loss_ema=0.21680 delta_mae=0.3744 x_mae=0.5401 v_mae=0.6121 th_mae=0.0654 om_mae=0.2801 mean_dis=0.00525 vel_dis=0.00995 best_mae=0.2064 ready_mae_ok=False ready_vel_ok=False ready_dis_ok=True
[21:10:24][store=612000][DIST_SHIFT] x_ratio=0.984 v_ratio=0.905 th_ratio=1.056 om_ratio=0.970 old_th_std=0.0296 new_th_std=0.0312 buf=20000
[21:10:24][store=612000][DIAG] buf=20000 train_steps=9552 train_ratio=0.478 frozen=True no_improve=12 loss_ema=0.21680 delta_mae=0.4240 x_mae=0.6056 v_mae=0.6623 th_mae=0.0597 om_mae=0.3686 mean_dis=0.00546 vel_dis=0.01034 best_mae=0.2064 ready_mae_ok=False ready_vel_ok=False ready_dis_ok=True
[21:10:24][store=613000][DIST_SHIFT] x_ratio=1.039 v_ratio=0.886 th_ratio=1.188 om_ratio=1.052 old_th_std=0.0270 new_th_std=0.0321 buf=20000
[21:10:24][store=613000][DIAG] buf=20000 train_steps=9552 train_ratio=0.478 frozen=True no_improve=12 loss_ema=0.21680 delta_mae=0.3904 x_mae=0.5726 v_mae=0.6148 th_mae=0.0604 om_mae=0.3140 mean_dis=0.00461 vel_dis=0.00866 best_mae=0.2064 ready_mae_ok=False ready_vel_ok=False ready_dis_ok=True
[21:10:24][store=614000][DIST_SHIFT] x_ratio=1.067 v_ratio=0.804 th_ratio=1.202 om_ratio=1.079 old_th_std=0.0266 new_th_std=0.0319 buf=20000
[21:10:24][store=614000][DIAG] buf=20000 train_steps=9552 train_ratio=0.478 frozen=True no_improve=12 loss_ema=0.21680 delta_mae=0.3954 x_mae=0.5510 v_mae=0.6018 th_mae=0.0624 om_mae=0.3665 mean_dis=0.00494 vel_dis=0.00941 best_mae=0.2064 ready_mae_ok=False ready_vel_ok=False ready_dis_ok=True
[21:10:24][store=615000][DIST_SHIFT] x_ratio=0.780 v_ratio=0.700 th_ratio=1.213 om_ratio=1.082 old_th_std=0.0253 new_th_std=0.0307 buf=20000
[21:10:24][store=615000][DIAG] buf=20000 train_steps=9552 train_ratio=0.478 frozen=True no_improve=12 loss_ema=0.21680 delta_mae=0.4277 x_mae=0.6140 v_mae=0.6507 th_mae=0.0648 om_mae=0.3815 mean_dis=0.00533 vel_dis=0.01008 best_mae=0.2064 ready_mae_ok=False ready_vel_ok=False ready_dis_ok=True
[21:10:25][store=616000][DIST_SHIFT] x_ratio=0.777 v_ratio=0.736 th_ratio=1.079 om_ratio=0.913 old_th_std=0.0277 new_th_std=0.0298 buf=20000
[21:10:25][store=616000][DIAG] buf=20000 train_steps=9552 train_ratio=0.478 frozen=True no_improve=12 loss_ema=0.21680 delta_mae=0.3906 x_mae=0.5238 v_mae=0.5593 th_mae=0.0615 om_mae=0.4178 mean_dis=0.00550 vel_dis=0.01049 best_mae=0.2064 ready_mae_ok=False ready_vel_ok=True ready_dis_ok=True
[21:10:25][store=617000][DIST_SHIFT] x_ratio=0.817 v_ratio=0.775 th_ratio=1.001 om_ratio=1.078 old_th_std=0.0272 new_th_std=0.0273 buf=20000
[21:10:25][store=617000][DIAG] buf=20000 train_steps=9552 train_ratio=0.478 frozen=True no_improve=12 loss_ema=0.21680 delta_mae=0.4127 x_mae=0.4877 v_mae=0.6292 th_mae=0.0550 om_mae=0.4791 mean_dis=0.00521 vel_dis=0.00995 best_mae=0.2064 ready_mae_ok=False ready_vel_ok=False ready_dis_ok=True
[21:10:25][store=618000][DIST_SHIFT] x_ratio=0.908 v_ratio=0.852 th_ratio=0.891 om_ratio=1.034 old_th_std=0.0288 new_th_std=0.0256 buf=20000
[21:10:25][store=618000][DIAG] buf=20000 train_steps=9552 train_ratio=0.478 frozen=True no_improve=12 loss_ema=0.21680 delta_mae=0.4074 x_mae=0.6155 v_mae=0.5733 th_mae=0.0655 om_mae=0.3751 mean_dis=0.00571 vel_dis=0.01080 best_mae=0.2064 ready_mae_ok=False ready_vel_ok=True ready_dis_ok=True
[21:10:25][store=619000][DIST_SHIFT] x_ratio=0.976 v_ratio=0.969 th_ratio=0.913 om_ratio=1.014 old_th_std=0.0309 new_th_std=0.0282 buf=20000
[21:10:25][store=619000][DIAG] buf=20000 train_steps=9552 train_ratio=0.478 frozen=True no_improve=12 loss_ema=0.21680 delta_mae=0.4309 x_mae=0.6908 v_mae=0.6217 th_mae=0.0639 om_mae=0.3471 mean_dis=0.00576 vel_dis=0.01093 best_mae=0.2064 ready_mae_ok=False ready_vel_ok=False ready_dis_ok=True
[21:10:25][store=620000][DIST_SHIFT] x_ratio=1.061 v_ratio=0.988 th_ratio=0.890 om_ratio=0.926 old_th_std=0.0316 new_th_std=0.0281 buf=20000
[21:10:25][store=620000][DIAG] buf=20000 train_steps=9552 train_ratio=0.478 frozen=True no_improve=12 loss_ema=0.21680 delta_mae=0.4404 x_mae=0.6731 v_mae=0.6736 th_mae=0.0660 om_mae=0.3491 mean_dis=0.00563 vel_dis=0.01069 best_mae=0.2064 ready_mae_ok=False ready_vel_ok=False ready_dis_ok=True
[21:10:25][store=621000][DIST_SHIFT] x_ratio=1.103 v_ratio=1.163 th_ratio=1.005 om_ratio=0.728 old_th_std=0.0283 new_th_std=0.0285 buf=20000
[21:10:25][store=621000][DIAG] buf=20000 train_steps=9552 train_ratio=0.478 frozen=True no_improve=12 loss_ema=0.21680 delta_mae=0.4808 x_mae=0.7982 v_mae=0.6546 th_mae=0.0687 om_mae=0.4016 mean_dis=0.00522 vel_dis=0.01003 best_mae=0.2064 ready_mae_ok=False ready_vel_ok=False ready_dis_ok=True
[21:10:26][store=622000][DIST_SHIFT] x_ratio=1.083 v_ratio=1.206 th_ratio=0.940 om_ratio=0.783 old_th_std=0.0296 new_th_std=0.0279 buf=20000
[21:10:26][store=622000][DIAG] buf=20000 train_steps=9552 train_ratio=0.478 frozen=True no_improve=12 loss_ema=0.21680 delta_mae=0.4334 x_mae=0.5710 v_mae=0.6702 th_mae=0.0627 om_mae=0.4298 mean_dis=0.00479 vel_dis=0.00916 best_mae=0.2064 ready_mae_ok=False ready_vel_ok=False ready_dis_ok=True
[21:10:26][store=623000][DIST_SHIFT] x_ratio=1.078 v_ratio=1.197 th_ratio=0.999 om_ratio=0.853 old_th_std=0.0300 new_th_std=0.0300 buf=20000
[21:10:26][store=623000][DIAG] buf=20000 train_steps=9552 train_ratio=0.478 frozen=True no_improve=12 loss_ema=0.21680 delta_mae=0.4209 x_mae=0.6013 v_mae=0.6183 th_mae=0.0631 om_mae=0.4010 mean_dis=0.00562 vel_dis=0.01069 best_mae=0.2064 ready_mae_ok=False ready_vel_ok=False ready_dis_ok=True
[21:10:26][store=624000][DIST_SHIFT] x_ratio=1.180 v_ratio=1.096 th_ratio=0.891 om_ratio=0.886 old_th_std=0.0296 new_th_std=0.0264 buf=20000
[21:10:26][store=624000][DIAG] buf=20000 train_steps=9552 train_ratio=0.478 frozen=True no_improve=12 loss_ema=0.21680 delta_mae=0.4370 x_mae=0.5991 v_mae=0.6818 th_mae=0.0674 om_mae=0.3995 mean_dis=0.00559 vel_dis=0.01060 best_mae=0.2064 ready_mae_ok=False ready_vel_ok=False ready_dis_ok=True
[21:10:26][store=625000][DIST_SHIFT] x_ratio=1.095 v_ratio=1.264 th_ratio=0.865 om_ratio=0.904 old_th_std=0.0295 new_th_std=0.0255 buf=20000
[21:10:26][store=625000][DIAG] buf=20000 train_steps=9552 train_ratio=0.478 frozen=True no_improve=12 loss_ema=0.21680 delta_mae=0.4089 x_mae=0.5742 v_mae=0.6372 th_mae=0.0659 om_mae=0.3584 mean_dis=0.00502 vel_dis=0.00945 best_mae=0.2064 ready_mae_ok=False ready_vel_ok=False ready_dis_ok=True
[21:10:26][store=626000][DIST_SHIFT] x_ratio=1.094 v_ratio=1.123 th_ratio=0.989 om_ratio=1.010 old_th_std=0.0305 new_th_std=0.0301 buf=20000
[21:10:26][store=626000][DIAG] buf=20000 train_steps=9552 train_ratio=0.478 frozen=True no_improve=12 loss_ema=0.21680 delta_mae=0.4084 x_mae=0.5870 v_mae=0.6367 th_mae=0.0687 om_mae=0.3411 mean_dis=0.00517 vel_dis=0.00976 best_mae=0.2064 ready_mae_ok=False ready_vel_ok=False ready_dis_ok=True
[21:10:26][store=627000][DIST_SHIFT] x_ratio=1.099 v_ratio=1.191 th_ratio=0.968 om_ratio=0.897 old_th_std=0.0312 new_th_std=0.0302 buf=20000
[21:10:26][store=627000][DIAG] buf=20000 train_steps=9552 train_ratio=0.478 frozen=True no_improve=12 loss_ema=0.21680 delta_mae=0.4051 x_mae=0.6471 v_mae=0.5666 th_mae=0.0656 om_mae=0.3412 mean_dis=0.00547 vel_dis=0.01030 best_mae=0.2064 ready_mae_ok=False ready_vel_ok=True ready_dis_ok=True
[21:10:27][store=628000][DIST_SHIFT] x_ratio=1.034 v_ratio=1.294 th_ratio=0.887 om_ratio=0.713 old_th_std=0.0321 new_th_std=0.0285 buf=20000
[21:10:27][store=628000][DIAG] buf=20000 train_steps=9552 train_ratio=0.478 frozen=True no_improve=12 loss_ema=0.21680 delta_mae=0.4200 x_mae=0.5948 v_mae=0.6311 th_mae=0.0672 om_mae=0.3870 mean_dis=0.00554 vel_dis=0.01053 best_mae=0.2064 ready_mae_ok=False ready_vel_ok=False ready_dis_ok=True
[21:10:27][store=629000][DIST_SHIFT] x_ratio=0.903 v_ratio=1.459 th_ratio=0.841 om_ratio=0.691 old_th_std=0.0319 new_th_std=0.0268 buf=20000
[21:10:27][store=629000][DIAG] buf=20000 train_steps=9552 train_ratio=0.478 frozen=True no_improve=12 loss_ema=0.21680 delta_mae=0.3771 x_mae=0.5914 v_mae=0.5279 th_mae=0.0664 om_mae=0.3226 mean_dis=0.00506 vel_dis=0.00961 best_mae=0.2064 ready_mae_ok=False ready_vel_ok=True ready_dis_ok=True
[21:10:27][store=630000][DIST_SHIFT] x_ratio=1.178 v_ratio=1.267 th_ratio=0.777 om_ratio=0.804 old_th_std=0.0307 new_th_std=0.0238 buf=20000
[21:10:27][store=630000][DIAG] buf=20000 train_steps=9552 train_ratio=0.478 frozen=True no_improve=12 loss_ema=0.21680 delta_mae=0.4144 x_mae=0.6425 v_mae=0.6148 th_mae=0.0626 om_mae=0.3375 mean_dis=0.00549 vel_dis=0.01041 best_mae=0.2064 ready_mae_ok=False ready_vel_ok=False ready_dis_ok=True
[21:10:27][store=631000][DIST_SHIFT] x_ratio=1.098 v_ratio=1.196 th_ratio=0.777 om_ratio=0.913 old_th_std=0.0298 new_th_std=0.0232 buf=20000
[21:10:27][store=631000][DIAG] buf=20000 train_steps=9552 train_ratio=0.478 frozen=True no_improve=12 loss_ema=0.21680 delta_mae=0.4100 x_mae=0.6925 v_mae=0.6047 th_mae=0.0676 om_mae=0.2750 mean_dis=0.00544 vel_dis=0.01028 best_mae=0.2064 ready_mae_ok=False ready_vel_ok=False ready_dis_ok=True
[21:10:27][store=632000][DIST_SHIFT] x_ratio=1.185 v_ratio=1.120 th_ratio=0.882 om_ratio=0.882 old_th_std=0.0273 new_th_std=0.0240 buf=20000
[21:10:27][store=632000][DIAG] buf=20000 train_steps=9552 train_ratio=0.478 frozen=True no_improve=12 loss_ema=0.21680 delta_mae=0.4137 x_mae=0.6173 v_mae=0.6089 th_mae=0.0663 om_mae=0.3622 mean_dis=0.00555 vel_dis=0.01055 best_mae=0.2064 ready_mae_ok=False ready_vel_ok=False ready_dis_ok=True
[21:10:27][store=633000][DIST_SHIFT] x_ratio=1.085 v_ratio=0.845 th_ratio=0.900 om_ratio=0.930 old_th_std=0.0256 new_th_std=0.0231 buf=20000
[21:10:27][store=633000][DIAG] buf=20000 train_steps=9552 train_ratio=0.478 frozen=True no_improve=12 loss_ema=0.21680 delta_mae=0.4181 x_mae=0.6901 v_mae=0.6205 th_mae=0.0715 om_mae=0.2904 mean_dis=0.00511 vel_dis=0.00971 best_mae=0.2064 ready_mae_ok=False ready_vel_ok=False ready_dis_ok=True
[21:10:27][store=634000][DIST_SHIFT] x_ratio=1.087 v_ratio=0.684 th_ratio=0.881 om_ratio=0.925 old_th_std=0.0282 new_th_std=0.0248 buf=20000
[21:10:27][store=634000][DIAG] buf=20000 train_steps=9552 train_ratio=0.478 frozen=True no_improve=12 loss_ema=0.21680 delta_mae=0.3959 x_mae=0.6231 v_mae=0.6059 th_mae=0.0747 om_mae=0.2801 mean_dis=0.00479 vel_dis=0.00915 best_mae=0.2064 ready_mae_ok=False ready_vel_ok=False ready_dis_ok=True
[21:10:28][store=635000][DIST_SHIFT] x_ratio=0.997 v_ratio=0.672 th_ratio=0.927 om_ratio=0.765 old_th_std=0.0281 new_th_std=0.0261 buf=20000
[21:10:28][store=635000][DIAG] buf=20000 train_steps=9552 train_ratio=0.478 frozen=True no_improve=12 loss_ema=0.21680 delta_mae=0.3871 x_mae=0.6848 v_mae=0.5990 th_mae=0.0695 om_mae=0.1949 mean_dis=0.00504 vel_dis=0.00953 best_mae=0.2064 ready_mae_ok=False ready_vel_ok=True ready_dis_ok=True
[21:10:28][store=636000][DIST_SHIFT] x_ratio=1.013 v_ratio=0.703 th_ratio=0.863 om_ratio=0.847 old_th_std=0.0285 new_th_std=0.0246 buf=20000
[21:10:28][store=636000][DIAG] buf=20000 train_steps=9552 train_ratio=0.478 frozen=True no_improve=12 loss_ema=0.21680 delta_mae=0.3626 x_mae=0.5529 v_mae=0.5443 th_mae=0.0734 om_mae=0.2798 mean_dis=0.00551 vel_dis=0.01047 best_mae=0.2064 ready_mae_ok=False ready_vel_ok=True ready_dis_ok=True
[21:10:28][store=637000][DIST_SHIFT] x_ratio=0.865 v_ratio=0.738 th_ratio=0.778 om_ratio=0.874 old_th_std=0.0279 new_th_std=0.0217 buf=20000
[21:10:28][store=637000][DIAG] buf=20000 train_steps=9552 train_ratio=0.478 frozen=True no_improve=12 loss_ema=0.21680 delta_mae=0.4145 x_mae=0.6292 v_mae=0.6311 th_mae=0.0650 om_mae=0.3328 mean_dis=0.00481 vel_dis=0.00913 best_mae=0.2064 ready_mae_ok=False ready_vel_ok=False ready_dis_ok=True
[21:10:28][store=638000][DIST_SHIFT] x_ratio=0.779 v_ratio=0.742 th_ratio=0.605 om_ratio=0.853 old_th_std=0.0300 new_th_std=0.0181 buf=20000
[21:10:28][store=638000][DIAG] buf=20000 train_steps=9552 train_ratio=0.478 frozen=True no_improve=12 loss_ema=0.21680 delta_mae=0.3642 x_mae=0.5497 v_mae=0.5915 th_mae=0.0678 om_mae=0.2479 mean_dis=0.00533 vel_dis=0.01014 best_mae=0.2064 ready_mae_ok=False ready_vel_ok=True ready_dis_ok=True
[21:10:28][store=639000][DIST_SHIFT] x_ratio=0.720 v_ratio=0.766 th_ratio=0.832 om_ratio=0.900 old_th_std=0.0264 new_th_std=0.0220 buf=20000
[21:10:28][store=639000][DIAG] buf=20000 train_steps=9552 train_ratio=0.478 frozen=True no_improve=12 loss_ema=0.21680 delta_mae=0.3601 x_mae=0.5439 v_mae=0.5190 th_mae=0.0699 om_mae=0.3077 mean_dis=0.00538 vel_dis=0.01022 best_mae=0.2064 ready_mae_ok=False ready_vel_ok=True ready_dis_ok=True
[21:10:28][store=640000][DIST_SHIFT] x_ratio=0.766 v_ratio=0.786 th_ratio=0.807 om_ratio=0.997 old_th_std=0.0255 new_th_std=0.0205 buf=20000
[21:10:28][store=640000][DIAG] buf=20000 train_steps=9552 train_ratio=0.478 frozen=True no_improve=12 loss_ema=0.21680 delta_mae=0.4012 x_mae=0.6440 v_mae=0.6300 th_mae=0.0732 om_mae=0.2577 mean_dis=0.00545 vel_dis=0.01039 best_mae=0.2064 ready_mae_ok=False ready_vel_ok=False ready_dis_ok=True
[21:10:29][store=641000][DIST_SHIFT] x_ratio=0.891 v_ratio=0.863 th_ratio=0.741 om_ratio=0.974 old_th_std=0.0301 new_th_std=0.0223 buf=20000
[21:10:29][store=641000][DIAG] buf=20000 train_steps=9552 train_ratio=0.478 frozen=True no_improve=12 loss_ema=0.21680 delta_mae=0.3579 x_mae=0.5703 v_mae=0.5698 th_mae=0.0624 om_mae=0.2292 mean_dis=0.00563 vel_dis=0.01063 best_mae=0.2064 ready_mae_ok=True ready_vel_ok=True ready_dis_ok=True
[21:10:29][store=642000][DIST_SHIFT] x_ratio=0.898 v_ratio=0.877 th_ratio=0.856 om_ratio=1.053 old_th_std=0.0302 new_th_std=0.0259 buf=20000
[21:10:29][store=642000][DIAG] buf=20000 train_steps=9552 train_ratio=0.478 frozen=True no_improve=12 loss_ema=0.21680 delta_mae=0.3907 x_mae=0.6338 v_mae=0.6296 th_mae=0.0703 om_mae=0.2292 mean_dis=0.00473 vel_dis=0.00896 best_mae=0.2064 ready_mae_ok=False ready_vel_ok=False ready_dis_ok=True
[21:10:29][store=643000][DIST_SHIFT] x_ratio=0.972 v_ratio=0.873 th_ratio=0.947 om_ratio=1.245 old_th_std=0.0285 new_th_std=0.0269 buf=20000
[21:10:29][store=643000][DIAG] buf=20000 train_steps=9552 train_ratio=0.478 frozen=True no_improve=12 loss_ema=0.21680 delta_mae=0.4120 x_mae=0.6606 v_mae=0.5768 th_mae=0.0704 om_mae=0.3402 mean_dis=0.00525 vel_dis=0.01007 best_mae=0.2064 ready_mae_ok=False ready_vel_ok=True ready_dis_ok=True
[21:10:29][store=644000][DIST_SHIFT] x_ratio=0.970 v_ratio=0.854 th_ratio=1.040 om_ratio=1.264 old_th_std=0.0268 new_th_std=0.0279 buf=20000
[21:10:29][store=644000][DIAG] buf=20000 train_steps=9552 train_ratio=0.478 frozen=True no_improve=12 loss_ema=0.21680 delta_mae=0.3892 x_mae=0.6184 v_mae=0.5837 th_mae=0.0748 om_mae=0.2801 mean_dis=0.00541 vel_dis=0.01039 best_mae=0.2064 ready_mae_ok=False ready_vel_ok=True ready_dis_ok=True
[21:10:29][store=645000][DIST_SHIFT] x_ratio=0.956 v_ratio=0.954 th_ratio=1.282 om_ratio=1.075 old_th_std=0.0238 new_th_std=0.0306 buf=20000
[21:10:29][store=645000][DIAG] buf=20000 train_steps=9552 train_ratio=0.478 frozen=True no_improve=12 loss_ema=0.21680 delta_mae=0.3999 x_mae=0.6410 v_mae=0.5650 th_mae=0.0748 om_mae=0.3185 mean_dis=0.00529 vel_dis=0.01012 best_mae=0.2064 ready_mae_ok=False ready_vel_ok=True ready_dis_ok=True
[21:10:29][store=646000][DIST_SHIFT] x_ratio=1.026 v_ratio=0.971 th_ratio=1.294 om_ratio=1.242 old_th_std=0.0232 new_th_std=0.0300 buf=20000
[21:10:29][store=646000][DIAG] buf=20000 train_steps=9552 train_ratio=0.478 frozen=True no_improve=12 loss_ema=0.21680 delta_mae=0.3728 x_mae=0.6052 v_mae=0.5426 th_mae=0.0762 om_mae=0.2671 mean_dis=0.00516 vel_dis=0.00985 best_mae=0.2064 ready_mae_ok=False ready_vel_ok=True ready_dis_ok=True
[21:10:29][store=647000][DIST_SHIFT] x_ratio=0.944 v_ratio=0.813 th_ratio=1.203 om_ratio=1.332 old_th_std=0.0240 new_th_std=0.0289 buf=20000
[21:10:29][store=647000][DIAG] buf=20000 train_steps=9552 train_ratio=0.478 frozen=True no_improve=12 loss_ema=0.21680 delta_mae=0.3792 x_mae=0.6149 v_mae=0.5814 th_mae=0.0776 om_mae=0.2428 mean_dis=0.00552 vel_dis=0.01050 best_mae=0.2064 ready_mae_ok=False ready_vel_ok=True ready_dis_ok=True
[21:10:30][store=648000][DIST_SHIFT] x_ratio=0.902 v_ratio=0.806 th_ratio=1.252 om_ratio=1.350 old_th_std=0.0231 new_th_std=0.0289 buf=20000
[21:10:30][store=648000][DIAG] buf=20000 train_steps=9552 train_ratio=0.478 frozen=True no_improve=12 loss_ema=0.21680 delta_mae=0.3868 x_mae=0.6604 v_mae=0.5721 th_mae=0.0736 om_mae=0.2410 mean_dis=0.00533 vel_dis=0.01018 best_mae=0.2064 ready_mae_ok=False ready_vel_ok=True ready_dis_ok=True
[21:10:30][store=649000][DIST_SHIFT] x_ratio=0.892 v_ratio=0.947 th_ratio=1.154 om_ratio=1.338 old_th_std=0.0248 new_th_std=0.0286 buf=20000
[21:10:30][store=649000][DIAG] buf=20000 train_steps=9552 train_ratio=0.478 frozen=True no_improve=12 loss_ema=0.21680 delta_mae=0.3350 x_mae=0.5514 v_mae=0.4956 th_mae=0.0686 om_mae=0.2243 mean_dis=0.00544 vel_dis=0.01041 best_mae=0.2064 ready_mae_ok=True ready_vel_ok=True ready_dis_ok=True
[21:10:30][store=650000][DIST_SHIFT] x_ratio=0.896 v_ratio=1.017 th_ratio=1.053 om_ratio=1.596 old_th_std=0.0261 new_th_std=0.0275 buf=20000
[21:10:30][store=650000][DIAG] buf=20000 train_steps=9552 train_ratio=0.478 frozen=True no_improve=12 loss_ema=0.21680 delta_mae=0.3714 x_mae=0.5287 v_mae=0.6267 th_mae=0.0720 om_mae=0.2582 mean_dis=0.00532 vel_dis=0.01018 best_mae=0.2064 ready_mae_ok=False ready_vel_ok=False ready_dis_ok=True
[21:10:30][store=651000][DIST_SHIFT] x_ratio=0.766 v_ratio=1.106 th_ratio=1.105 om_ratio=1.551 old_th_std=0.0246 new_th_std=0.0272 buf=20000
[21:10:30][store=651000][DIAG] buf=20000 train_steps=9552 train_ratio=0.478 frozen=True no_improve=12 loss_ema=0.21680 delta_mae=0.3853 x_mae=0.5690 v_mae=0.6520 th_mae=0.0822 om_mae=0.2378 mean_dis=0.00553 vel_dis=0.01054 best_mae=0.2064 ready_mae_ok=False ready_vel_ok=False ready_dis_ok=True
[21:10:30][store=652000][DIST_SHIFT] x_ratio=0.860 v_ratio=0.997 th_ratio=1.130 om_ratio=1.330 old_th_std=0.0217 new_th_std=0.0245 buf=20000
[21:10:30][store=652000][DIAG] buf=20000 train_steps=9552 train_ratio=0.478 frozen=True no_improve=12 loss_ema=0.21680 delta_mae=0.3759 x_mae=0.6102 v_mae=0.5947 th_mae=0.0728 om_mae=0.2260 mean_dis=0.00594 vel_dis=0.01137 best_mae=0.2064 ready_mae_ok=False ready_vel_ok=True ready_dis_ok=True
[21:10:30][store=653000][DIST_SHIFT] x_ratio=1.129 v_ratio=0.956 th_ratio=1.339 om_ratio=0.937 old_th_std=0.0181 new_th_std=0.0243 buf=20000
[21:10:30][store=653000][DIAG] buf=20000 train_steps=9552 train_ratio=0.478 frozen=True no_improve=12 loss_ema=0.21680 delta_mae=0.3465 x_mae=0.5348 v_mae=0.5414 th_mae=0.0753 om_mae=0.2345 mean_dis=0.00561 vel_dis=0.01070 best_mae=0.2064 ready_mae_ok=True ready_vel_ok=True ready_dis_ok=True
[21:10:31][store=654000][DIST_SHIFT] x_ratio=1.226 v_ratio=0.997 th_ratio=1.110 om_ratio=0.890 old_th_std=0.0220 new_th_std=0.0244 buf=20000
[21:10:31][store=654000][DIAG] buf=20000 train_steps=9552 train_ratio=0.478 frozen=True no_improve=12 loss_ema=0.21680 delta_mae=0.3813 x_mae=0.5815 v_mae=0.5835 th_mae=0.0663 om_mae=0.2938 mean_dis=0.00531 vel_dis=0.01018 best_mae=0.2064 ready_mae_ok=False ready_vel_ok=True ready_dis_ok=True
[21:10:31][store=655000][DIST_SHIFT] x_ratio=1.138 v_ratio=0.963 th_ratio=1.287 om_ratio=0.875 old_th_std=0.0205 new_th_std=0.0264 buf=20000
[21:10:31][store=655000][DIAG] buf=20000 train_steps=9552 train_ratio=0.478 frozen=True no_improve=12 loss_ema=0.21680 delta_mae=0.3934 x_mae=0.6017 v_mae=0.6882 th_mae=0.0744 om_mae=0.2094 mean_dis=0.00551 vel_dis=0.01052 best_mae=0.2064 ready_mae_ok=False ready_vel_ok=False ready_dis_ok=True
[21:10:31][store=656000][DIST_SHIFT] x_ratio=1.066 v_ratio=0.709 th_ratio=1.324 om_ratio=1.055 old_th_std=0.0223 new_th_std=0.0296 buf=20000
[21:10:31][store=656000][DIAG] buf=20000 train_steps=9552 train_ratio=0.478 frozen=True no_improve=12 loss_ema=0.21680 delta_mae=0.3761 x_mae=0.6599 v_mae=0.5641 th_mae=0.0736 om_mae=0.2069 mean_dis=0.00550 vel_dis=0.01046 best_mae=0.2064 ready_mae_ok=False ready_vel_ok=True ready_dis_ok=True
[21:10:31][store=657000][DIST_SHIFT] x_ratio=0.997 v_ratio=0.728 th_ratio=1.132 om_ratio=0.996 old_th_std=0.0259 new_th_std=0.0293 buf=20000
[21:10:31][store=657000][DIAG] buf=20000 train_steps=9552 train_ratio=0.478 frozen=True no_improve=12 loss_ema=0.21680 delta_mae=0.3413 x_mae=0.5383 v_mae=0.5634 th_mae=0.0748 om_mae=0.1886 mean_dis=0.00536 vel_dis=0.01010 best_mae=0.2064 ready_mae_ok=True ready_vel_ok=True ready_dis_ok=True
[21:10:31][store=658000][DIST_SHIFT] x_ratio=1.007 v_ratio=0.846 th_ratio=1.062 om_ratio=1.020 old_th_std=0.0269 new_th_std=0.0286 buf=20000
[21:10:31][store=658000][DIAG] buf=20000 train_steps=9552 train_ratio=0.478 frozen=True no_improve=12 loss_ema=0.21680 delta_mae=0.3690 x_mae=0.5283 v_mae=0.6476 th_mae=0.0753 om_mae=0.2250 mean_dis=0.00500 vel_dis=0.00956 best_mae=0.2064 ready_mae_ok=False ready_vel_ok=False ready_dis_ok=True
[21:10:31][store=659000][DIST_SHIFT] x_ratio=1.124 v_ratio=0.784 th_ratio=0.988 om_ratio=1.036 old_th_std=0.0279 new_th_std=0.0276 buf=20000
[21:10:31][store=659000][DIAG] buf=20000 train_steps=9552 train_ratio=0.478 frozen=True no_improve=12 loss_ema=0.21680 delta_mae=0.3290 x_mae=0.5095 v_mae=0.5638 th_mae=0.0776 om_mae=0.1650 mean_dis=0.00533 vel_dis=0.01005 best_mae=0.2064 ready_mae_ok=True ready_vel_ok=True ready_dis_ok=True
[21:10:31][store=660000][DIST_SHIFT] x_ratio=1.170 v_ratio=0.805 th_ratio=0.879 om_ratio=1.059 old_th_std=0.0306 new_th_std=0.0268 buf=20000
[21:10:31][store=660000][DIAG] buf=20000 train_steps=9552 train_ratio=0.478 frozen=True no_improve=12 loss_ema=0.21680 delta_mae=0.3562 x_mae=0.5875 v_mae=0.5872 th_mae=0.0746 om_mae=0.1756 mean_dis=0.00612 vel_dis=0.01164 best_mae=0.2064 ready_mae_ok=True ready_vel_ok=True ready_dis_ok=True
[21:10:32][store=661000][DIST_SHIFT] x_ratio=1.153 v_ratio=0.705 th_ratio=0.725 om_ratio=0.881 old_th_std=0.0300 new_th_std=0.0217 buf=20000
[21:10:32][store=661000][DIAG] buf=20000 train_steps=9552 train_ratio=0.478 frozen=True no_improve=12 loss_ema=0.21680 delta_mae=0.3780 x_mae=0.5648 v_mae=0.6690 th_mae=0.0802 om_mae=0.1980 mean_dis=0.00527 vel_dis=0.01003 best_mae=0.2064 ready_mae_ok=False ready_vel_ok=False ready_dis_ok=True
[21:10:32][store=662000][DIST_SHIFT] x_ratio=1.091 v_ratio=0.956 th_ratio=0.813 om_ratio=0.717 old_th_std=0.0289 new_th_std=0.0235 buf=20000
[21:10:32][store=662000][DIAG] buf=20000 train_steps=9552 train_ratio=0.478 frozen=True no_improve=12 loss_ema=0.21680 delta_mae=0.3645 x_mae=0.5214 v_mae=0.6542 th_mae=0.0793 om_mae=0.2028 mean_dis=0.00526 vel_dis=0.00995 best_mae=0.2064 ready_mae_ok=False ready_vel_ok=False ready_dis_ok=True
[21:10:32][store=663000][DIST_SHIFT] x_ratio=1.015 v_ratio=1.414 th_ratio=0.861 om_ratio=0.734 old_th_std=0.0289 new_th_std=0.0249 buf=20000
[21:10:32][store=663000][DIAG] buf=20000 train_steps=9552 train_ratio=0.478 frozen=True no_improve=12 loss_ema=0.21680 delta_mae=0.3791 x_mae=0.6270 v_mae=0.6169 th_mae=0.0786 om_mae=0.1940 mean_dis=0.00530 vel_dis=0.00991 best_mae=0.2064 ready_mae_ok=False ready_vel_ok=False ready_dis_ok=True
[21:10:32][store=664000][DIST_SHIFT] x_ratio=1.061 v_ratio=1.404 th_ratio=0.849 om_ratio=0.717 old_th_std=0.0286 new_th_std=0.0243 buf=20000
[21:10:32][store=664000][DIAG] buf=20000 train_steps=9552 train_ratio=0.478 frozen=True no_improve=12 loss_ema=0.21680 delta_mae=0.3715 x_mae=0.6184 v_mae=0.6124 th_mae=0.0708 om_mae=0.1845 mean_dis=0.00507 vel_dis=0.00959 best_mae=0.2064 ready_mae_ok=False ready_vel_ok=False ready_dis_ok=True
[21:10:32][store=665000][DIST_SHIFT] x_ratio=1.128 v_ratio=1.485 th_ratio=1.011 om_ratio=0.802 old_th_std=0.0275 new_th_std=0.0278 buf=20000
[21:10:32][store=665000][DIAG] buf=20000 train_steps=9552 train_ratio=0.478 frozen=True no_improve=12 loss_ema=0.21680 delta_mae=0.3704 x_mae=0.5774 v_mae=0.5935 th_mae=0.0723 om_mae=0.2383 mean_dis=0.00499 vel_dis=0.00934 best_mae=0.2064 ready_mae_ok=False ready_vel_ok=True ready_dis_ok=True
[21:10:32][store=666000][DIST_SHIFT] x_ratio=1.130 v_ratio=1.361 th_ratio=1.169 om_ratio=0.868 old_th_std=0.0272 new_th_std=0.0318 buf=20000
[21:10:32][store=666000][DIAG] buf=20000 train_steps=9552 train_ratio=0.478 frozen=True no_improve=12 loss_ema=0.21680 delta_mae=0.3969 x_mae=0.6164 v_mae=0.6291 th_mae=0.0732 om_mae=0.2690 mean_dis=0.00526 vel_dis=0.00982 best_mae=0.2064 ready_mae_ok=False ready_vel_ok=False ready_dis_ok=True
[21:10:33][store=667000][DIST_SHIFT] x_ratio=1.161 v_ratio=1.461 th_ratio=1.217 om_ratio=0.874 old_th_std=0.0245 new_th_std=0.0298 buf=20000
[21:10:33][store=667000][DIAG] buf=20000 train_steps=9552 train_ratio=0.478 frozen=True no_improve=12 loss_ema=0.21680 delta_mae=0.3628 x_mae=0.5042 v_mae=0.6314 th_mae=0.0782 om_mae=0.2374 mean_dis=0.00576 vel_dis=0.01087 best_mae=0.2064 ready_mae_ok=False ready_vel_ok=False ready_dis_ok=True
[21:10:33][store=668000][DIST_SHIFT] x_ratio=1.028 v_ratio=1.391 th_ratio=1.231 om_ratio=1.226 old_th_std=0.0243 new_th_std=0.0299 buf=20000
[21:10:33][store=668000][DIAG] buf=20000 train_steps=9552 train_ratio=0.478 frozen=True no_improve=12 loss_ema=0.21680 delta_mae=0.3843 x_mae=0.6020 v_mae=0.6250 th_mae=0.0748 om_mae=0.2353 mean_dis=0.00529 vel_dis=0.00987 best_mae=0.2064 ready_mae_ok=False ready_vel_ok=False ready_dis_ok=True
[21:10:33][store=669000][DIST_SHIFT] x_ratio=0.904 v_ratio=1.270 th_ratio=1.224 om_ratio=1.319 old_th_std=0.0244 new_th_std=0.0299 buf=20000
[21:10:33][store=669000][DIAG] buf=20000 train_steps=9552 train_ratio=0.478 frozen=True no_improve=12 loss_ema=0.21680 delta_mae=0.3468 x_mae=0.5286 v_mae=0.5744 th_mae=0.0766 om_mae=0.2075 mean_dis=0.00542 vel_dis=0.01011 best_mae=0.2064 ready_mae_ok=True ready_vel_ok=True ready_dis_ok=True
[21:10:33][store=670000][DIST_SHIFT] x_ratio=0.787 v_ratio=1.289 th_ratio=1.087 om_ratio=1.177 old_th_std=0.0264 new_th_std=0.0287 buf=20000
[21:10:33][store=670000][DIAG] buf=20000 train_steps=9552 train_ratio=0.478 frozen=True no_improve=12 loss_ema=0.21680 delta_mae=0.4027 x_mae=0.6129 v_mae=0.6702 th_mae=0.0735 om_mae=0.2544 mean_dis=0.00534 vel_dis=0.00993 best_mae=0.2064 ready_mae_ok=False ready_vel_ok=False ready_dis_ok=True
[21:10:33][store=671000][DIST_SHIFT] x_ratio=0.805 v_ratio=1.370 th_ratio=0.815 om_ratio=0.957 old_th_std=0.0296 new_th_std=0.0241 buf=20000
[21:10:33][store=671000][DIAG] buf=20000 train_steps=9552 train_ratio=0.478 frozen=True no_improve=12 loss_ema=0.21680 delta_mae=0.3749 x_mae=0.6078 v_mae=0.5758 th_mae=0.0801 om_mae=0.2359 mean_dis=0.00522 vel_dis=0.00980 best_mae=0.2064 ready_mae_ok=False ready_vel_ok=True ready_dis_ok=True
[21:10:33][store=672000][DIST_SHIFT] x_ratio=0.895 v_ratio=1.002 th_ratio=0.798 om_ratio=1.082 old_th_std=0.0293 new_th_std=0.0234 buf=20000
[21:10:33][store=672000][DIAG] buf=20000 train_steps=9552 train_ratio=0.478 frozen=True no_improve=12 loss_ema=0.21680 delta_mae=0.4172 x_mae=0.5813 v_mae=0.7228 th_mae=0.0722 om_mae=0.2925 mean_dis=0.00549 vel_dis=0.01016 best_mae=0.2064 ready_mae_ok=False ready_vel_ok=False ready_dis_ok=True
[21:10:34][store=673000][DIST_SHIFT] x_ratio=0.918 v_ratio=0.950 th_ratio=0.774 om_ratio=1.048 old_th_std=0.0286 new_th_std=0.0221 buf=20000
[21:10:34][store=673000][DIAG] buf=20000 train_steps=9552 train_ratio=0.478 frozen=True no_improve=12 loss_ema=0.21680 delta_mae=0.4063 x_mae=0.6348 v_mae=0.6253 th_mae=0.0741 om_mae=0.2908 mean_dis=0.00490 vel_dis=0.00920 best_mae=0.2064 ready_mae_ok=False ready_vel_ok=False ready_dis_ok=True
[21:10:34][store=674000][DIST_SHIFT] x_ratio=0.835 v_ratio=1.132 th_ratio=0.883 om_ratio=1.131 old_th_std=0.0276 new_th_std=0.0244 buf=20000
[21:10:34][store=674000][DIAG] buf=20000 train_steps=9552 train_ratio=0.478 frozen=True no_improve=12 loss_ema=0.21680 delta_mae=0.3544 x_mae=0.5165 v_mae=0.5534 th_mae=0.0785 om_mae=0.2692 mean_dis=0.00503 vel_dis=0.00951 best_mae=0.2064 ready_mae_ok=True ready_vel_ok=True ready_dis_ok=True
[21:10:34][store=675000][DIST_SHIFT] x_ratio=0.797 v_ratio=1.126 th_ratio=0.856 om_ratio=1.072 old_th_std=0.0268 new_th_std=0.0230 buf=20000
[21:10:34][store=675000][DIAG] buf=20000 train_steps=9552 train_ratio=0.478 frozen=True no_improve=12 loss_ema=0.21680 delta_mae=0.3693 x_mae=0.4409 v_mae=0.6356 th_mae=0.0728 om_mae=0.3278 mean_dis=0.00563 vel_dis=0.01051 best_mae=0.2064 ready_mae_ok=False ready_vel_ok=False ready_dis_ok=True
[21:10:34][store=676000][DIST_SHIFT] x_ratio=0.750 v_ratio=1.396 th_ratio=1.044 om_ratio=1.133 old_th_std=0.0217 new_th_std=0.0227 buf=20000
[21:10:34][store=676000][DIAG] buf=20000 train_steps=9552 train_ratio=0.478 frozen=True no_improve=12 loss_ema=0.21680 delta_mae=0.3494 x_mae=0.5167 v_mae=0.5721 th_mae=0.0764 om_mae=0.2324 mean_dis=0.00509 vel_dis=0.00955 best_mae=0.2064 ready_mae_ok=True ready_vel_ok=True ready_dis_ok=True
[21:10:34][store=677000][DIST_SHIFT] x_ratio=0.904 v_ratio=1.242 th_ratio=1.025 om_ratio=1.185 old_th_std=0.0235 new_th_std=0.0241 buf=20000
[21:10:34][store=677000][DIAG] buf=20000 train_steps=9552 train_ratio=0.478 frozen=True no_improve=12 loss_ema=0.21680 delta_mae=0.3780 x_mae=0.5663 v_mae=0.6062 th_mae=0.0738 om_mae=0.2656 mean_dis=0.00526 vel_dis=0.00985 best_mae=0.2064 ready_mae_ok=False ready_vel_ok=False ready_dis_ok=True
[21:10:34][store=678000][DIST_SHIFT] x_ratio=0.889 v_ratio=0.861 th_ratio=1.026 om_ratio=1.114 old_th_std=0.0249 new_th_std=0.0255 buf=20000
[21:10:34][store=678000][DIAG] buf=20000 train_steps=9552 train_ratio=0.478 frozen=True no_improve=12 loss_ema=0.21680 delta_mae=0.3676 x_mae=0.5728 v_mae=0.5330 th_mae=0.0655 om_mae=0.2991 mean_dis=0.00504 vel_dis=0.00950 best_mae=0.2064 ready_mae_ok=False ready_vel_ok=True ready_dis_ok=True
[21:10:34][store=679000][DIST_SHIFT] x_ratio=0.703 v_ratio=1.030 th_ratio=1.009 om_ratio=1.222 old_th_std=0.0243 new_th_std=0.0246 buf=20000
[21:10:34][store=679000][DIAG] buf=20000 train_steps=9552 train_ratio=0.478 frozen=True no_improve=12 loss_ema=0.21680 delta_mae=0.3308 x_mae=0.5014 v_mae=0.5253 th_mae=0.0705 om_mae=0.2259 mean_dis=0.00538 vel_dis=0.01010 best_mae=0.2064 ready_mae_ok=True ready_vel_ok=True ready_dis_ok=True
[21:10:35][store=680000][DIST_SHIFT] x_ratio=0.770 v_ratio=0.939 th_ratio=1.011 om_ratio=1.217 old_th_std=0.0278 new_th_std=0.0281 buf=20000
[21:10:35][store=680000][DIAG] buf=20000 train_steps=9552 train_ratio=0.478 frozen=True no_improve=12 loss_ema=0.21680 delta_mae=0.3237 x_mae=0.5043 v_mae=0.4770 th_mae=0.0770 om_mae=0.2364 mean_dis=0.00506 vel_dis=0.00949 best_mae=0.2064 ready_mae_ok=True ready_vel_ok=True ready_dis_ok=True
[21:10:35][store=681000][DIST_SHIFT] x_ratio=1.024 v_ratio=0.834 th_ratio=0.892 om_ratio=1.207 old_th_std=0.0318 new_th_std=0.0284 buf=20000
[21:10:35][store=681000][DIAG] buf=20000 train_steps=9552 train_ratio=0.478 frozen=True no_improve=12 loss_ema=0.21680 delta_mae=0.3695 x_mae=0.4595 v_mae=0.6080 th_mae=0.0682 om_mae=0.3421 mean_dis=0.00547 vel_dis=0.01021 best_mae=0.2064 ready_mae_ok=False ready_vel_ok=False ready_dis_ok=True
[21:10:35][store=682000][DIST_SHIFT] x_ratio=1.150 v_ratio=0.901 th_ratio=0.908 om_ratio=1.157 old_th_std=0.0298 new_th_std=0.0271 buf=20000
[21:10:35][store=682000][DIAG] buf=20000 train_steps=9552 train_ratio=0.478 frozen=True no_improve=12 loss_ema=0.21680 delta_mae=0.3609 x_mae=0.5157 v_mae=0.5656 th_mae=0.0751 om_mae=0.2873 mean_dis=0.00514 vel_dis=0.00963 best_mae=0.2064 ready_mae_ok=False ready_vel_ok=True ready_dis_ok=True
[21:10:35][store=683000][DIST_SHIFT] x_ratio=1.179 v_ratio=1.078 th_ratio=0.932 om_ratio=1.059 old_th_std=0.0299 new_th_std=0.0278 buf=20000
[21:10:35][store=683000][DIAG] buf=20000 train_steps=9552 train_ratio=0.478 frozen=True no_improve=12 loss_ema=0.21680 delta_mae=0.3413 x_mae=0.4789 v_mae=0.5482 th_mae=0.0736 om_mae=0.2644 mean_dis=0.00553 vel_dis=0.01044 best_mae=0.2064 ready_mae_ok=True ready_vel_ok=True ready_dis_ok=True
[21:10:35][store=684000][DIST_SHIFT] x_ratio=1.229 v_ratio=1.098 th_ratio=0.897 om_ratio=0.893 old_th_std=0.0299 new_th_std=0.0268 buf=20000
[21:10:35][store=684000][DIAG] buf=20000 train_steps=9552 train_ratio=0.478 frozen=True no_improve=12 loss_ema=0.21680 delta_mae=0.3636 x_mae=0.4888 v_mae=0.6225 th_mae=0.0785 om_mae=0.2645 mean_dis=0.00554 vel_dis=0.01041 best_mae=0.2064 ready_mae_ok=False ready_vel_ok=False ready_dis_ok=True
[21:10:35][store=685000][DIST_SHIFT] x_ratio=1.428 v_ratio=1.011 th_ratio=0.861 om_ratio=0.826 old_th_std=0.0287 new_th_std=0.0247 buf=20000
[21:10:35][store=685000][DIAG] buf=20000 train_steps=9552 train_ratio=0.478 frozen=True no_improve=12 loss_ema=0.21680 delta_mae=0.3888 x_mae=0.5346 v_mae=0.6566 th_mae=0.0711 om_mae=0.2926 mean_dis=0.00501 vel_dis=0.00937 best_mae=0.2064 ready_mae_ok=False ready_vel_ok=False ready_dis_ok=True
[21:10:36][store=686000][DIST_SHIFT] x_ratio=1.340 v_ratio=1.345 th_ratio=1.161 om_ratio=0.644 old_th_std=0.0241 new_th_std=0.0280 buf=20000
[21:10:36][store=686000][DIAG] buf=20000 train_steps=9552 train_ratio=0.478 frozen=True no_improve=12 loss_ema=0.21680 delta_mae=0.3803 x_mae=0.5790 v_mae=0.6272 th_mae=0.0746 om_mae=0.2404 mean_dis=0.00503 vel_dis=0.00945 best_mae=0.2064 ready_mae_ok=False ready_vel_ok=False ready_dis_ok=True
[21:10:36][store=687000][DIST_SHIFT] x_ratio=1.219 v_ratio=1.581 th_ratio=1.254 om_ratio=0.698 old_th_std=0.0234 new_th_std=0.0293 buf=20000
[21:10:36][store=687000][DIAG] buf=20000 train_steps=9552 train_ratio=0.478 frozen=True no_improve=12 loss_ema=0.21680 delta_mae=0.3567 x_mae=0.5308 v_mae=0.5801 th_mae=0.0674 om_mae=0.2486 mean_dis=0.00491 vel_dis=0.00923 best_mae=0.2064 ready_mae_ok=True ready_vel_ok=True ready_dis_ok=True
[21:10:36][store=688000][DIST_SHIFT] x_ratio=1.035 v_ratio=1.353 th_ratio=1.337 om_ratio=0.747 old_th_std=0.0221 new_th_std=0.0296 buf=20000
[21:10:36][store=688000][DIAG] buf=20000 train_steps=9552 train_ratio=0.478 frozen=True no_improve=12 loss_ema=0.21680 delta_mae=0.3460 x_mae=0.4886 v_mae=0.5517 th_mae=0.0709 om_mae=0.2729 mean_dis=0.00501 vel_dis=0.00937 best_mae=0.2064 ready_mae_ok=True ready_vel_ok=True ready_dis_ok=True
[21:10:36][store=689000][DIST_SHIFT] x_ratio=1.222 v_ratio=1.198 th_ratio=1.212 om_ratio=0.712 old_th_std=0.0244 new_th_std=0.0295 buf=20000
[21:10:36][store=689000][DIAG] buf=20000 train_steps=9552 train_ratio=0.478 frozen=True no_improve=12 loss_ema=0.21680 delta_mae=0.3849 x_mae=0.5811 v_mae=0.6291 th_mae=0.0680 om_mae=0.2612 mean_dis=0.00542 vel_dis=0.01018 best_mae=0.2064 ready_mae_ok=False ready_vel_ok=False ready_dis_ok=True
[21:10:36][store=690000][DIST_SHIFT] x_ratio=1.212 v_ratio=1.224 th_ratio=1.346 om_ratio=0.771 old_th_std=0.0230 new_th_std=0.0309 buf=20000
[21:10:36][store=690000][DIAG] buf=20000 train_steps=9552 train_ratio=0.478 frozen=True no_improve=12 loss_ema=0.21680 delta_mae=0.3126 x_mae=0.4351 v_mae=0.5081 th_mae=0.0691 om_mae=0.2383 mean_dis=0.00519 vel_dis=0.00979 best_mae=0.2064 ready_mae_ok=True ready_vel_ok=True ready_dis_ok=True
[21:10:36][store=691000][DIST_SHIFT] x_ratio=1.230 v_ratio=1.097 th_ratio=1.386 om_ratio=0.932 old_th_std=0.0227 new_th_std=0.0314 buf=20000
[21:10:36][store=691000][DIAG] buf=20000 train_steps=9552 train_ratio=0.478 frozen=True no_improve=12 loss_ema=0.21680 delta_mae=0.3186 x_mae=0.5040 v_mae=0.4923 th_mae=0.0696 om_mae=0.2084 mean_dis=0.00565 vel_dis=0.01060 best_mae=0.2064 ready_mae_ok=True ready_vel_ok=True ready_dis_ok=True
[21:10:36][store=692000][DIST_SHIFT] x_ratio=1.003 v_ratio=1.011 th_ratio=1.183 om_ratio=1.026 old_th_std=0.0241 new_th_std=0.0285 buf=20000
[21:10:36][store=692000][DIAG] buf=20000 train_steps=9552 train_ratio=0.478 frozen=True no_improve=12 loss_ema=0.21680 delta_mae=0.3750 x_mae=0.5656 v_mae=0.5783 th_mae=0.0684 om_mae=0.2876 mean_dis=0.00521 vel_dis=0.00979 best_mae=0.2064 ready_mae_ok=False ready_vel_ok=True ready_dis_ok=True
[21:10:37][store=693000][DIST_SHIFT] x_ratio=1.166 v_ratio=1.171 th_ratio=1.082 om_ratio=0.987 old_th_std=0.0255 new_th_std=0.0276 buf=20000
[21:10:37][store=693000][DIAG] buf=20000 train_steps=9552 train_ratio=0.478 frozen=True no_improve=12 loss_ema=0.21680 delta_mae=0.3495 x_mae=0.5242 v_mae=0.5829 th_mae=0.0725 om_mae=0.2183 mean_dis=0.00510 vel_dis=0.00961 best_mae=0.2064 ready_mae_ok=True ready_vel_ok=True ready_dis_ok=True
[21:10:37][store=694000][DIST_SHIFT] x_ratio=1.281 v_ratio=0.996 th_ratio=1.001 om_ratio=0.938 old_th_std=0.0246 new_th_std=0.0246 buf=20000
[21:10:37][store=694000][DIAG] buf=20000 train_steps=9552 train_ratio=0.478 frozen=True no_improve=12 loss_ema=0.21680 delta_mae=0.3329 x_mae=0.4727 v_mae=0.5782 th_mae=0.0618 om_mae=0.2189 mean_dis=0.00531 vel_dis=0.01007 best_mae=0.2064 ready_mae_ok=True ready_vel_ok=True ready_dis_ok=True
[21:10:37][store=695000][DIST_SHIFT] x_ratio=1.140 v_ratio=0.946 th_ratio=0.884 om_ratio=0.840 old_th_std=0.0281 new_th_std=0.0248 buf=20000
[21:10:37][store=695000][DIAG] buf=20000 train_steps=9552 train_ratio=0.478 frozen=True no_improve=12 loss_ema=0.21680 delta_mae=0.3620 x_mae=0.5464 v_mae=0.5637 th_mae=0.0741 om_mae=0.2640 mean_dis=0.00538 vel_dis=0.01016 best_mae=0.2064 ready_mae_ok=False ready_vel_ok=True ready_dis_ok=True
[21:10:37][store=696000][DIST_SHIFT] x_ratio=1.038 v_ratio=0.965 th_ratio=0.840 om_ratio=0.916 old_th_std=0.0284 new_th_std=0.0238 buf=20000
[21:10:37][store=696000][DIAG] buf=20000 train_steps=9552 train_ratio=0.478 frozen=True no_improve=12 loss_ema=0.21680 delta_mae=0.3603 x_mae=0.5129 v_mae=0.5887 th_mae=0.0612 om_mae=0.2782 mean_dis=0.00495 vel_dis=0.00937 best_mae=0.2064 ready_mae_ok=False ready_vel_ok=True ready_dis_ok=True
[21:10:37][store=697000][DIST_SHIFT] x_ratio=0.995 v_ratio=0.950 th_ratio=0.870 om_ratio=0.917 old_th_std=0.0271 new_th_std=0.0235 buf=20000
[21:10:37][store=697000][DIAG] buf=20000 train_steps=9552 train_ratio=0.478 frozen=True no_improve=12 loss_ema=0.21680 delta_mae=0.3723 x_mae=0.5872 v_mae=0.5957 th_mae=0.0724 om_mae=0.2340 mean_dis=0.00512 vel_dis=0.00968 best_mae=0.2064 ready_mae_ok=False ready_vel_ok=True ready_dis_ok=True
[21:10:37][store=698000][DIST_SHIFT] x_ratio=0.922 v_ratio=0.879 th_ratio=0.841 om_ratio=1.007 old_th_std=0.0278 new_th_std=0.0234 buf=20000
[21:10:37][store=698000][DIAG] buf=20000 train_steps=9552 train_ratio=0.478 frozen=True no_improve=12 loss_ema=0.21680 delta_mae=0.3734 x_mae=0.5600 v_mae=0.6131 th_mae=0.0660 om_mae=0.2545 mean_dis=0.00531 vel_dis=0.01003 best_mae=0.2064 ready_mae_ok=False ready_vel_ok=False ready_dis_ok=True
[21:10:38][store=699000][DIST_SHIFT] x_ratio=0.878 v_ratio=1.028 th_ratio=0.926 om_ratio=1.117 old_th_std=0.0268 new_th_std=0.0248 buf=20000
[21:10:38][store=699000][DIAG] buf=20000 train_steps=9552 train_ratio=0.478 frozen=True no_improve=12 loss_ema=0.21680 delta_mae=0.3855 x_mae=0.6002 v_mae=0.6169 th_mae=0.0663 om_mae=0.2588 mean_dis=0.00556 vel_dis=0.01047 best_mae=0.2064 ready_mae_ok=False ready_vel_ok=False ready_dis_ok=True
[21:10:38][store=700000][DIST_SHIFT] x_ratio=0.851 v_ratio=1.110 th_ratio=0.917 om_ratio=1.166 old_th_std=0.0247 new_th_std=0.0227 buf=20000
[21:10:38][store=700000][DIAG] buf=20000 train_steps=9552 train_ratio=0.478 frozen=True no_improve=12 loss_ema=0.21680 delta_mae=0.3952 x_mae=0.6010 v_mae=0.6593 th_mae=0.0654 om_mae=0.2550 mean_dis=0.00501 vel_dis=0.00951 best_mae=0.2064 ready_mae_ok=False ready_vel_ok=False ready_dis_ok=True
[21:10:38][store=701000][DIST_SHIFT] x_ratio=0.909 v_ratio=1.013 th_ratio=0.786 om_ratio=1.273 old_th_std=0.0280 new_th_std=0.0220 buf=20000
[21:10:38][store=701000][DIAG] buf=20000 train_steps=9552 train_ratio=0.478 frozen=True no_improve=12 loss_ema=0.21680 delta_mae=0.3926 x_mae=0.6387 v_mae=0.6132 th_mae=0.0604 om_mae=0.2581 mean_dis=0.00528 vel_dis=0.00998 best_mae=0.2064 ready_mae_ok=False ready_vel_ok=False ready_dis_ok=True
[21:10:38][store=702000][DIST_SHIFT] x_ratio=0.883 v_ratio=1.002 th_ratio=0.730 om_ratio=1.087 old_th_std=0.0293 new_th_std=0.0214 buf=20000
[21:10:38][store=702000][DIAG] buf=20000 train_steps=9552 train_ratio=0.478 frozen=True no_improve=12 loss_ema=0.21680 delta_mae=0.3927 x_mae=0.6118 v_mae=0.5952 th_mae=0.0609 om_mae=0.3027 mean_dis=0.00514 vel_dis=0.00965 best_mae=0.2064 ready_mae_ok=False ready_vel_ok=True ready_dis_ok=True
[21:10:38][store=703000][DIST_SHIFT] x_ratio=1.043 v_ratio=0.928 th_ratio=0.696 om_ratio=1.183 old_th_std=0.0296 new_th_std=0.0206 buf=20000
[21:10:38][store=703000][DIAG] buf=20000 train_steps=9552 train_ratio=0.478 frozen=True no_improve=12 loss_ema=0.21680 delta_mae=0.3911 x_mae=0.6657 v_mae=0.6189 th_mae=0.0600 om_mae=0.2200 mean_dis=0.00506 vel_dis=0.00961 best_mae=0.2064 ready_mae_ok=False ready_vel_ok=False ready_dis_ok=True
[21:10:38][store=704000][DIST_SHIFT] x_ratio=1.006 v_ratio=0.838 th_ratio=0.674 om_ratio=1.141 old_th_std=0.0295 new_th_std=0.0199 buf=20000
[21:10:38][store=704000][DIAG] buf=20000 train_steps=9552 train_ratio=0.478 frozen=True no_improve=12 loss_ema=0.21680 delta_mae=0.3867 x_mae=0.6154 v_mae=0.6353 th_mae=0.0592 om_mae=0.2369 mean_dis=0.00469 vel_dis=0.00882 best_mae=0.2064 ready_mae_ok=False ready_vel_ok=False ready_dis_ok=True
[21:10:39][store=705000][DIST_SHIFT] x_ratio=0.904 v_ratio=0.841 th_ratio=0.722 om_ratio=1.037 old_th_std=0.0309 new_th_std=0.0223 buf=20000
[21:10:39][store=705000][DIAG] buf=20000 train_steps=9552 train_ratio=0.478 frozen=True no_improve=12 loss_ema=0.21680 delta_mae=0.3976 x_mae=0.6071 v_mae=0.6412 th_mae=0.0552 om_mae=0.2871 mean_dis=0.00484 vel_dis=0.00914 best_mae=0.2064 ready_mae_ok=False ready_vel_ok=False ready_dis_ok=True
[21:10:39][store=706000][DIST_SHIFT] x_ratio=0.925 v_ratio=0.894 th_ratio=0.747 om_ratio=0.823 old_th_std=0.0314 new_th_std=0.0235 buf=20000
[21:10:39][store=706000][DIAG] buf=20000 train_steps=9552 train_ratio=0.478 frozen=True no_improve=12 loss_ema=0.21680 delta_mae=0.3877 x_mae=0.5839 v_mae=0.6195 th_mae=0.0539 om_mae=0.2935 mean_dis=0.00538 vel_dis=0.01016 best_mae=0.2064 ready_mae_ok=False ready_vel_ok=False ready_dis_ok=True
[21:10:39][store=707000][DIST_SHIFT] x_ratio=1.009 v_ratio=0.931 th_ratio=0.882 om_ratio=0.851 old_th_std=0.0285 new_th_std=0.0251 buf=20000
[21:10:39][store=707000][DIAG] buf=20000 train_steps=9552 train_ratio=0.478 frozen=True no_improve=12 loss_ema=0.21680 delta_mae=0.3417 x_mae=0.5274 v_mae=0.5686 th_mae=0.0498 om_mae=0.2212 mean_dis=0.00537 vel_dis=0.01012 best_mae=0.2064 ready_mae_ok=True ready_vel_ok=True ready_dis_ok=True
[21:10:39][store=708000][DIST_SHIFT] x_ratio=0.897 v_ratio=1.048 th_ratio=0.904 om_ratio=0.970 old_th_std=0.0276 new_th_std=0.0250 buf=20000
[21:10:39][store=708000][DIAG] buf=20000 train_steps=9552 train_ratio=0.478 frozen=True no_improve=12 loss_ema=0.21680 delta_mae=0.4304 x_mae=0.7756 v_mae=0.6245 th_mae=0.0535 om_mae=0.2679 mean_dis=0.00509 vel_dis=0.00966 best_mae=0.2064 ready_mae_ok=False ready_vel_ok=False ready_dis_ok=True
[21:10:39][store=709000][DIST_SHIFT] x_ratio=0.972 v_ratio=0.949 th_ratio=1.150 om_ratio=1.042 old_th_std=0.0246 new_th_std=0.0283 buf=20000
[21:10:39][store=709000][DIAG] buf=20000 train_steps=9552 train_ratio=0.478 frozen=True no_improve=12 loss_ema=0.21680 delta_mae=0.4134 x_mae=0.6502 v_mae=0.6972 th_mae=0.0623 om_mae=0.2439 mean_dis=0.00493 vel_dis=0.00938 best_mae=0.2064 ready_mae_ok=False ready_vel_ok=False ready_dis_ok=True
[21:10:39][store=710000][DIST_SHIFT] x_ratio=1.017 v_ratio=1.056 th_ratio=1.094 om_ratio=1.138 old_th_std=0.0248 new_th_std=0.0271 buf=20000
[21:10:39][store=710000][DIAG] buf=20000 train_steps=9552 train_ratio=0.478 frozen=True no_improve=12 loss_ema=0.21680 delta_mae=0.4157 x_mae=0.6721 v_mae=0.6449 th_mae=0.0623 om_mae=0.2835 mean_dis=0.00557 vel_dis=0.01058 best_mae=0.2064 ready_mae_ok=False ready_vel_ok=False ready_dis_ok=True
[21:10:39][store=711000][DIST_SHIFT] x_ratio=1.059 v_ratio=1.110 th_ratio=1.105 om_ratio=1.110 old_th_std=0.0238 new_th_std=0.0263 buf=20000
[21:10:39][store=711000][DIAG] buf=20000 train_steps=9552 train_ratio=0.478 frozen=True no_improve=12 loss_ema=0.21680 delta_mae=0.4070 x_mae=0.6529 v_mae=0.6629 th_mae=0.0551 om_mae=0.2571 mean_dis=0.00489 vel_dis=0.00931 best_mae=0.2064 ready_mae_ok=False ready_vel_ok=False ready_dis_ok=True
[21:10:40][store=712000][DIST_SHIFT] x_ratio=0.972 v_ratio=1.042 th_ratio=0.992 om_ratio=1.222 old_th_std=0.0235 new_th_std=0.0234 buf=20000
[21:10:40][store=712000][DIAG] buf=20000 train_steps=9552 train_ratio=0.478 frozen=True no_improve=12 loss_ema=0.21680 delta_mae=0.3807 x_mae=0.6205 v_mae=0.6560 th_mae=0.0591 om_mae=0.1873 mean_dis=0.00543 vel_dis=0.01029 best_mae=0.2064 ready_mae_ok=False ready_vel_ok=False ready_dis_ok=True
[21:10:40][store=713000][DIST_SHIFT] x_ratio=0.973 v_ratio=1.124 th_ratio=0.922 om_ratio=1.042 old_th_std=0.0234 new_th_std=0.0216 buf=20000
[21:10:40][store=713000][DIAG] buf=20000 train_steps=9552 train_ratio=0.478 frozen=True no_improve=12 loss_ema=0.21680 delta_mae=0.3811 x_mae=0.6126 v_mae=0.6071 th_mae=0.0562 om_mae=0.2486 mean_dis=0.00518 vel_dis=0.00987 best_mae=0.2064 ready_mae_ok=False ready_vel_ok=False ready_dis_ok=True
[21:10:40][store=714000][DIST_SHIFT] x_ratio=0.981 v_ratio=1.066 th_ratio=0.810 om_ratio=1.041 old_th_std=0.0248 new_th_std=0.0201 buf=20000
[21:10:40][store=714000][DIAG] buf=20000 train_steps=9552 train_ratio=0.478 frozen=True no_improve=12 loss_ema=0.21680 delta_mae=0.4283 x_mae=0.7318 v_mae=0.6886 th_mae=0.0666 om_mae=0.2262 mean_dis=0.00513 vel_dis=0.00974 best_mae=0.2064 ready_mae_ok=False ready_vel_ok=False ready_dis_ok=True
[21:10:40][store=715000][DIST_SHIFT] x_ratio=1.092 v_ratio=0.920 th_ratio=1.156 om_ratio=1.089 old_th_std=0.0227 new_th_std=0.0262 buf=20000
[21:10:40][store=715000][DIAG] buf=20000 train_steps=9552 train_ratio=0.478 frozen=True no_improve=12 loss_ema=0.21680 delta_mae=0.4033 x_mae=0.6783 v_mae=0.6400 th_mae=0.0647 om_mae=0.2303 mean_dis=0.00488 vel_dis=0.00930 best_mae=0.2064 ready_mae_ok=False ready_vel_ok=False ready_dis_ok=True
[21:10:40][store=716000][DIST_SHIFT] x_ratio=1.021 v_ratio=0.923 th_ratio=1.315 om_ratio=1.157 old_th_std=0.0220 new_th_std=0.0289 buf=20000
[21:10:40][store=716000][DIAG] buf=20000 train_steps=9552 train_ratio=0.478 frozen=True no_improve=12 loss_ema=0.21680 delta_mae=0.3666 x_mae=0.5527 v_mae=0.6028 th_mae=0.0529 om_mae=0.2579 mean_dis=0.00508 vel_dis=0.00959 best_mae=0.2064 ready_mae_ok=False ready_vel_ok=False ready_dis_ok=True
[21:10:40][store=717000][DIST_SHIFT] x_ratio=1.195 v_ratio=1.064 th_ratio=1.306 om_ratio=1.248 old_th_std=0.0214 new_th_std=0.0279 buf=20000
[21:10:40][store=717000][DIAG] buf=20000 train_steps=9552 train_ratio=0.478 frozen=True no_improve=12 loss_ema=0.21680 delta_mae=0.3705 x_mae=0.5514 v_mae=0.6213 th_mae=0.0657 om_mae=0.2435 mean_dis=0.00535 vel_dis=0.01021 best_mae=0.2064 ready_mae_ok=False ready_vel_ok=False ready_dis_ok=True
[21:10:41][store=718000][DIST_SHIFT] x_ratio=1.185 v_ratio=1.120 th_ratio=1.325 om_ratio=1.102 old_th_std=0.0206 new_th_std=0.0273 buf=20000
[21:10:41][store=718000][DIAG] buf=20000 train_steps=9552 train_ratio=0.478 frozen=True no_improve=12 loss_ema=0.21680 delta_mae=0.3614 x_mae=0.6284 v_mae=0.5640 th_mae=0.0567 om_mae=0.1964 mean_dis=0.00544 vel_dis=0.01029 best_mae=0.2064 ready_mae_ok=False ready_vel_ok=True ready_dis_ok=True
[21:10:41][store=719000][DIST_SHIFT] x_ratio=1.080 v_ratio=1.170 th_ratio=1.386 om_ratio=1.223 old_th_std=0.0199 new_th_std=0.0276 buf=20000
[21:10:41][store=719000][DIAG] buf=20000 train_steps=9552 train_ratio=0.478 frozen=True no_improve=12 loss_ema=0.21680 delta_mae=0.3905 x_mae=0.6918 v_mae=0.6120 th_mae=0.0644 om_mae=0.1937 mean_dis=0.00554 vel_dis=0.01051 best_mae=0.2064 ready_mae_ok=False ready_vel_ok=False ready_dis_ok=True
[21:10:41][store=720000][DIST_SHIFT] x_ratio=1.021 v_ratio=1.172 th_ratio=1.063 om_ratio=1.338 old_th_std=0.0223 new_th_std=0.0237 buf=20000
[21:10:41][store=720000][DIAG] buf=20000 train_steps=9552 train_ratio=0.478 frozen=True no_improve=12 loss_ema=0.21680 delta_mae=0.3937 x_mae=0.6858 v_mae=0.6109 th_mae=0.0655 om_mae=0.2125 mean_dis=0.00580 vel_dis=0.01097 best_mae=0.2064 ready_mae_ok=False ready_vel_ok=False ready_dis_ok=True
[21:10:41][store=721000][DIST_SHIFT] x_ratio=0.917 v_ratio=1.177 th_ratio=0.987 om_ratio=1.499 old_th_std=0.0235 new_th_std=0.0232 buf=20000
[21:10:41][store=721000][DIAG] buf=20000 train_steps=9552 train_ratio=0.478 frozen=True no_improve=12 loss_ema=0.21680 delta_mae=0.4006 x_mae=0.6484 v_mae=0.6976 th_mae=0.0531 om_mae=0.2033 mean_dis=0.00512 vel_dis=0.00961 best_mae=0.2064 ready_mae_ok=False ready_vel_ok=False ready_dis_ok=True
[21:10:41][store=722000][DIST_SHIFT] x_ratio=0.827 v_ratio=1.089 th_ratio=0.984 om_ratio=1.177 old_th_std=0.0251 new_th_std=0.0248 buf=20000
[21:10:41][store=722000][DIAG] buf=20000 train_steps=9552 train_ratio=0.478 frozen=True no_improve=12 loss_ema=0.21680 delta_mae=0.3238 x_mae=0.5211 v_mae=0.5479 th_mae=0.0592 om_mae=0.1672 mean_dis=0.00501 vel_dis=0.00960 best_mae=0.2064 ready_mae_ok=True ready_vel_ok=True ready_dis_ok=True
[21:10:41][store=723000][DIST_SHIFT] x_ratio=0.916 v_ratio=0.958 th_ratio=0.973 om_ratio=0.989 old_th_std=0.0250 new_th_std=0.0243 buf=20000
[21:10:41][store=723000][DIAG] buf=20000 train_steps=9552 train_ratio=0.478 frozen=True no_improve=12 loss_ema=0.21680 delta_mae=0.3674 x_mae=0.5759 v_mae=0.6119 th_mae=0.0634 om_mae=0.2184 mean_dis=0.00526 vel_dis=0.01000 best_mae=0.2064 ready_mae_ok=False ready_vel_ok=False ready_dis_ok=True
[21:10:41][store=724000][DIST_SHIFT] x_ratio=0.828 v_ratio=1.012 th_ratio=0.746 om_ratio=0.977 old_th_std=0.0283 new_th_std=0.0211 buf=20000
[21:10:41][store=724000][DIAG] buf=20000 train_steps=9552 train_ratio=0.478 frozen=True no_improve=12 loss_ema=0.21680 delta_mae=0.3937 x_mae=0.6428 v_mae=0.6463 th_mae=0.0609 om_mae=0.2248 mean_dis=0.00541 vel_dis=0.01028 best_mae=0.2064 ready_mae_ok=False ready_vel_ok=False ready_dis_ok=True
[21:10:42][store=725000][DIST_SHIFT] x_ratio=0.851 v_ratio=0.959 th_ratio=0.869 om_ratio=1.039 old_th_std=0.0271 new_th_std=0.0236 buf=20000
[21:10:42][store=725000][DIAG] buf=20000 train_steps=9552 train_ratio=0.478 frozen=True no_improve=12 loss_ema=0.21680 delta_mae=0.4080 x_mae=0.6201 v_mae=0.6715 th_mae=0.0619 om_mae=0.2786 mean_dis=0.00529 vel_dis=0.01005 best_mae=0.2064 ready_mae_ok=False ready_vel_ok=False ready_dis_ok=True
[21:10:42][store=726000][DIST_SHIFT] x_ratio=0.878 v_ratio=0.942 th_ratio=0.861 om_ratio=0.993 old_th_std=0.0263 new_th_std=0.0227 buf=20000
[21:10:42][store=726000][DIAG] buf=20000 train_steps=9552 train_ratio=0.478 frozen=True no_improve=12 loss_ema=0.21680 delta_mae=0.3432 x_mae=0.5522 v_mae=0.5573 th_mae=0.0626 om_mae=0.2008 mean_dis=0.00573 vel_dis=0.01088 best_mae=0.2064 ready_mae_ok=True ready_vel_ok=True ready_dis_ok=True
[21:10:42][store=727000][DIST_SHIFT] x_ratio=0.940 v_ratio=0.916 th_ratio=0.965 om_ratio=0.975 old_th_std=0.0234 new_th_std=0.0225 buf=20000
[21:10:42][store=727000][DIAG] buf=20000 train_steps=9552 train_ratio=0.478 frozen=True no_improve=12 loss_ema=0.21680 delta_mae=0.4177 x_mae=0.6857 v_mae=0.6877 th_mae=0.0660 om_mae=0.2315 mean_dis=0.00548 vel_dis=0.01046 best_mae=0.2064 ready_mae_ok=False ready_vel_ok=False ready_dis_ok=True
[21:10:42][store=728000][DIST_SHIFT] x_ratio=0.858 v_ratio=0.802 th_ratio=1.242 om_ratio=1.109 old_th_std=0.0216 new_th_std=0.0268 buf=20000
[21:10:42][store=728000][DIAG] buf=20000 train_steps=9552 train_ratio=0.478 frozen=True no_improve=12 loss_ema=0.21680 delta_mae=0.3704 x_mae=0.6013 v_mae=0.6198 th_mae=0.0661 om_mae=0.1943 mean_dis=0.00529 vel_dis=0.01007 best_mae=0.2064 ready_mae_ok=False ready_vel_ok=False ready_dis_ok=True
[21:10:42][store=729000][DIST_SHIFT] x_ratio=0.950 v_ratio=0.794 th_ratio=1.449 om_ratio=0.983 old_th_std=0.0201 new_th_std=0.0291 buf=20000
[21:10:42][store=729000][DIAG] buf=20000 train_steps=9552 train_ratio=0.478 frozen=True no_improve=12 loss_ema=0.21680 delta_mae=0.3176 x_mae=0.5239 v_mae=0.5102 th_mae=0.0569 om_mae=0.1793 mean_dis=0.00555 vel_dis=0.01063 best_mae=0.2064 ready_mae_ok=True ready_vel_ok=True ready_dis_ok=True
[21:10:42][store=730000][DIST_SHIFT] x_ratio=0.848 v_ratio=0.886 th_ratio=1.058 om_ratio=0.898 old_th_std=0.0262 new_th_std=0.0278 buf=20000
[21:10:42][store=730000][DIAG] buf=20000 train_steps=9552 train_ratio=0.478 frozen=True no_improve=12 loss_ema=0.21680 delta_mae=0.3984 x_mae=0.6175 v_mae=0.6657 th_mae=0.0555 om_mae=0.2548 mean_dis=0.00536 vel_dis=0.01015 best_mae=0.2064 ready_mae_ok=False ready_vel_ok=False ready_dis_ok=True
[21:10:43][store=731000][DIST_SHIFT] x_ratio=0.718 v_ratio=0.802 th_ratio=0.953 om_ratio=0.938 old_th_std=0.0289 new_th_std=0.0276 buf=20000
[21:10:43][store=731000][DIAG] buf=20000 train_steps=9552 train_ratio=0.478 frozen=True no_improve=12 loss_ema=0.21680 delta_mae=0.3891 x_mae=0.6218 v_mae=0.6468 th_mae=0.0619 om_mae=0.2257 mean_dis=0.00532 vel_dis=0.01016 best_mae=0.2064 ready_mae_ok=False ready_vel_ok=False ready_dis_ok=True
[21:10:43][store=732000][DIST_SHIFT] x_ratio=0.758 v_ratio=0.749 th_ratio=0.920 om_ratio=0.921 old_th_std=0.0279 new_th_std=0.0257 buf=20000
[21:10:43][store=732000][DIAG] buf=20000 train_steps=9552 train_ratio=0.478 frozen=True no_improve=12 loss_ema=0.21680 delta_mae=0.3888 x_mae=0.6476 v_mae=0.6161 th_mae=0.0587 om_mae=0.2327 mean_dis=0.00572 vel_dis=0.01085 best_mae=0.2064 ready_mae_ok=False ready_vel_ok=False ready_dis_ok=True
[21:10:43][store=733000][DIST_SHIFT] x_ratio=0.697 v_ratio=0.748 th_ratio=0.940 om_ratio=0.871 old_th_std=0.0273 new_th_std=0.0257 buf=20000
[21:10:43][store=733000][DIAG] buf=20000 train_steps=9552 train_ratio=0.478 frozen=True no_improve=12 loss_ema=0.21680 delta_mae=0.3747 x_mae=0.6505 v_mae=0.6105 th_mae=0.0636 om_mae=0.1743 mean_dis=0.00533 vel_dis=0.01016 best_mae=0.2064 ready_mae_ok=False ready_vel_ok=False ready_dis_ok=True
[21:10:43][store=734000][DIST_SHIFT] x_ratio=0.740 v_ratio=0.729 th_ratio=0.864 om_ratio=0.818 old_th_std=0.0276 new_th_std=0.0238 buf=20000
[21:10:43][store=734000][DIAG] buf=20000 train_steps=9552 train_ratio=0.478 frozen=True no_improve=12 loss_ema=0.21680 delta_mae=0.4080 x_mae=0.6789 v_mae=0.6860 th_mae=0.0583 om_mae=0.2088 mean_dis=0.00493 vel_dis=0.00938 best_mae=0.2064 ready_mae_ok=False ready_vel_ok=False ready_dis_ok=True
[21:10:43][store=735000][DIST_SHIFT] x_ratio=0.932 v_ratio=1.001 th_ratio=1.046 om_ratio=0.901 old_th_std=0.0237 new_th_std=0.0248 buf=20000
[21:10:43][store=735000][DIAG] buf=20000 train_steps=9552 train_ratio=0.478 frozen=True no_improve=12 loss_ema=0.21680 delta_mae=0.3696 x_mae=0.6426 v_mae=0.6045 th_mae=0.0647 om_mae=0.1667 mean_dis=0.00555 vel_dis=0.01055 best_mae=0.2064 ready_mae_ok=False ready_vel_ok=False ready_dis_ok=True
[21:10:43][store=736000][DIST_SHIFT] x_ratio=0.983 v_ratio=1.048 th_ratio=1.179 om_ratio=0.816 old_th_std=0.0232 new_th_std=0.0273 buf=20000
[21:10:43][store=736000][DIAG] buf=20000 train_steps=9552 train_ratio=0.478 frozen=True no_improve=12 loss_ema=0.21680 delta_mae=0.3178 x_mae=0.4476 v_mae=0.5870 th_mae=0.0611 om_mae=0.1757 mean_dis=0.00510 vel_dis=0.00970 best_mae=0.2064 ready_mae_ok=True ready_vel_ok=True ready_dis_ok=True
[21:10:44][store=737000][DIST_SHIFT] x_ratio=1.044 v_ratio=1.255 th_ratio=1.155 om_ratio=0.964 old_th_std=0.0248 new_th_std=0.0286 buf=20000
[21:10:44][store=737000][DIAG] buf=20000 train_steps=9552 train_ratio=0.478 frozen=True no_improve=12 loss_ema=0.21680 delta_mae=0.3531 x_mae=0.5895 v_mae=0.5666 th_mae=0.0552 om_mae=0.2012 mean_dis=0.00534 vel_dis=0.01005 best_mae=0.2064 ready_mae_ok=True ready_vel_ok=True ready_dis_ok=True
[21:10:44][store=738000][DIST_SHIFT] x_ratio=1.208 v_ratio=1.258 th_ratio=1.259 om_ratio=1.028 old_th_std=0.0243 new_th_std=0.0306 buf=20000
[21:10:44][store=738000][DIAG] buf=20000 train_steps=9552 train_ratio=0.478 frozen=True no_improve=12 loss_ema=0.21680 delta_mae=0.3729 x_mae=0.5620 v_mae=0.6246 th_mae=0.0696 om_mae=0.2354 mean_dis=0.00534 vel_dis=0.01015 best_mae=0.2064 ready_mae_ok=False ready_vel_ok=False ready_dis_ok=True
[21:10:44][store=739000][DIST_SHIFT] x_ratio=1.258 v_ratio=1.296 th_ratio=1.569 om_ratio=0.923 old_th_std=0.0211 new_th_std=0.0331 buf=20000
[21:10:44][store=739000][DIAG] buf=20000 train_steps=9552 train_ratio=0.478 frozen=True no_improve=12 loss_ema=0.21680 delta_mae=0.3700 x_mae=0.5791 v_mae=0.6340 th_mae=0.0628 om_mae=0.2039 mean_dis=0.00574 vel_dis=0.01092 best_mae=0.2064 ready_mae_ok=False ready_vel_ok=False ready_dis_ok=True
[21:10:44][store=740000][DIST_SHIFT] x_ratio=1.221 v_ratio=1.178 th_ratio=1.278 om_ratio=0.784 old_th_std=0.0236 new_th_std=0.0301 buf=20000
[21:10:44][store=740000][DIAG] buf=20000 train_steps=9552 train_ratio=0.478 frozen=True no_improve=12 loss_ema=0.21680 delta_mae=0.3891 x_mae=0.5988 v_mae=0.6404 th_mae=0.0647 om_mae=0.2525 mean_dis=0.00540 vel_dis=0.01034 best_mae=0.2064 ready_mae_ok=False ready_vel_ok=False ready_dis_ok=True
[21:10:44][store=741000][DIST_SHIFT] x_ratio=0.959 v_ratio=1.189 th_ratio=1.391 om_ratio=0.678 old_th_std=0.0227 new_th_std=0.0315 buf=20000
[21:10:44][store=741000][DIAG] buf=20000 train_steps=9552 train_ratio=0.478 frozen=True no_improve=12 loss_ema=0.21680 delta_mae=0.3969 x_mae=0.5894 v_mae=0.6907 th_mae=0.0657 om_mae=0.2420 mean_dis=0.00517 vel_dis=0.00986 best_mae=0.2064 ready_mae_ok=False ready_vel_ok=False ready_dis_ok=True
[21:10:44][store=742000][DIST_SHIFT] x_ratio=0.853 v_ratio=1.123 th_ratio=1.228 om_ratio=0.517 old_th_std=0.0225 new_th_std=0.0277 buf=20000
[21:10:44][store=742000][DIAG] buf=20000 train_steps=9552 train_ratio=0.478 frozen=True no_improve=12 loss_ema=0.21680 delta_mae=0.3992 x_mae=0.6808 v_mae=0.6271 th_mae=0.0655 om_mae=0.2234 mean_dis=0.00500 vel_dis=0.00946 best_mae=0.2064 ready_mae_ok=False ready_vel_ok=False ready_dis_ok=True
[21:10:44][store=743000][DIST_SHIFT] x_ratio=0.814 v_ratio=1.249 th_ratio=0.939 om_ratio=0.527 old_th_std=0.0268 new_th_std=0.0252 buf=20000
[21:10:44][store=743000][DIAG] buf=20000 train_steps=9552 train_ratio=0.478 frozen=True no_improve=12 loss_ema=0.21680 delta_mae=0.3842 x_mae=0.6603 v_mae=0.6068 th_mae=0.0603 om_mae=0.2092 mean_dis=0.00549 vel_dis=0.01035 best_mae=0.2064 ready_mae_ok=False ready_vel_ok=False ready_dis_ok=True
[21:10:45][store=744000][DIST_SHIFT] x_ratio=0.913 v_ratio=1.053 th_ratio=0.860 om_ratio=0.635 old_th_std=0.0291 new_th_std=0.0250 buf=20000
[21:10:45][store=744000][DIAG] buf=20000 train_steps=9552 train_ratio=0.478 frozen=True no_improve=12 loss_ema=0.21680 delta_mae=0.3829 x_mae=0.6305 v_mae=0.5967 th_mae=0.0686 om_mae=0.2360 mean_dis=0.00523 vel_dis=0.00979 best_mae=0.2064 ready_mae_ok=False ready_vel_ok=True ready_dis_ok=True
[21:10:45][store=745000][DIST_SHIFT] x_ratio=1.118 v_ratio=1.133 th_ratio=0.941 om_ratio=0.742 old_th_std=0.0278 new_th_std=0.0261 buf=20000
[21:10:45][store=745000][DIAG] buf=20000 train_steps=9552 train_ratio=0.478 frozen=True no_improve=12 loss_ema=0.21680 delta_mae=0.3479 x_mae=0.6170 v_mae=0.5517 th_mae=0.0646 om_mae=0.1583 mean_dis=0.00511 vel_dis=0.00972 best_mae=0.2064 ready_mae_ok=True ready_vel_ok=True ready_dis_ok=True
[21:10:45][store=746000][DIST_SHIFT] x_ratio=1.430 v_ratio=1.125 th_ratio=0.839 om_ratio=0.800 old_th_std=0.0276 new_th_std=0.0231 buf=20000
[21:10:45][store=746000][DIAG] buf=20000 train_steps=9552 train_ratio=0.478 frozen=True no_improve=12 loss_ema=0.21680 delta_mae=0.3692 x_mae=0.6210 v_mae=0.5656 th_mae=0.0696 om_mae=0.2208 mean_dis=0.00550 vel_dis=0.01034 best_mae=0.2064 ready_mae_ok=False ready_vel_ok=True ready_dis_ok=True
[21:10:45][store=747000][DIST_SHIFT] x_ratio=1.267 v_ratio=1.159 th_ratio=1.014 om_ratio=0.843 old_th_std=0.0257 new_th_std=0.0261 buf=20000
[21:10:45][store=747000][DIAG] buf=20000 train_steps=9552 train_ratio=0.478 frozen=True no_improve=12 loss_ema=0.21680 delta_mae=0.3862 x_mae=0.6512 v_mae=0.5965 th_mae=0.0705 om_mae=0.2266 mean_dis=0.00527 vel_dis=0.01004 best_mae=0.2064 ready_mae_ok=False ready_vel_ok=True ready_dis_ok=True
[21:10:45][store=748000][DIST_SHIFT] x_ratio=1.335 v_ratio=1.178 th_ratio=0.991 om_ratio=0.894 old_th_std=0.0257 new_th_std=0.0255 buf=20000
[21:10:45][store=748000][DIAG] buf=20000 train_steps=9552 train_ratio=0.478 frozen=True no_improve=12 loss_ema=0.21680 delta_mae=0.3619 x_mae=0.6031 v_mae=0.5803 th_mae=0.0658 om_mae=0.1984 mean_dis=0.00584 vel_dis=0.01112 best_mae=0.2064 ready_mae_ok=False ready_vel_ok=True ready_dis_ok=True
[21:10:45][store=749000][DIST_SHIFT] x_ratio=1.156 v_ratio=1.581 th_ratio=0.967 om_ratio=0.923 old_th_std=0.0238 new_th_std=0.0231 buf=20000
[21:10:45][store=749000][DIAG] buf=20000 train_steps=9552 train_ratio=0.478 frozen=True no_improve=12 loss_ema=0.21680 delta_mae=0.3787 x_mae=0.6017 v_mae=0.6613 th_mae=0.0773 om_mae=0.1744 mean_dis=0.00581 vel_dis=0.01102 best_mae=0.2064 ready_mae_ok=False ready_vel_ok=False ready_dis_ok=True
[21:10:46][store=750000][DIST_SHIFT] x_ratio=0.906 v_ratio=1.081 th_ratio=1.000 om_ratio=0.932 old_th_std=0.0248 new_th_std=0.0248 buf=20000
[21:10:46][store=750000][DIAG] buf=20000 train_steps=9552 train_ratio=0.478 frozen=True no_improve=12 loss_ema=0.21680 delta_mae=0.3567 x_mae=0.5151 v_mae=0.6155 th_mae=0.0698 om_mae=0.2262 mean_dis=0.00522 vel_dis=0.00986 best_mae=0.2064 ready_mae_ok=True ready_vel_ok=False ready_dis_ok=True
[21:10:46][store=751000][DIST_SHIFT] x_ratio=1.086 v_ratio=1.148 th_ratio=0.907 om_ratio=1.006 old_th_std=0.0273 new_th_std=0.0248 buf=20000
[21:10:46][store=751000][DIAG] buf=20000 train_steps=9552 train_ratio=0.478 frozen=True no_improve=12 loss_ema=0.21680 delta_mae=0.3504 x_mae=0.4910 v_mae=0.5714 th_mae=0.0714 om_mae=0.2676 mean_dis=0.00598 vel_dis=0.01138 best_mae=0.2064 ready_mae_ok=True ready_vel_ok=True ready_dis_ok=True
[21:10:46][store=752000][DIST_SHIFT] x_ratio=1.228 v_ratio=1.012 th_ratio=0.789 om_ratio=0.972 old_th_std=0.0286 new_th_std=0.0226 buf=20000
[21:10:46][store=752000][DIAG] buf=20000 train_steps=9552 train_ratio=0.478 frozen=True no_improve=12 loss_ema=0.21680 delta_mae=0.3548 x_mae=0.5890 v_mae=0.5245 th_mae=0.0742 om_mae=0.2313 mean_dis=0.00574 vel_dis=0.01089 best_mae=0.2064 ready_mae_ok=True ready_vel_ok=True ready_dis_ok=True
[21:10:46][store=753000][DIST_SHIFT] x_ratio=1.011 v_ratio=0.926 th_ratio=0.742 om_ratio=0.955 old_th_std=0.0306 new_th_std=0.0227 buf=20000
[21:10:46][store=753000][DIAG] buf=20000 train_steps=9552 train_ratio=0.478 frozen=True no_improve=12 loss_ema=0.21680 delta_mae=0.3936 x_mae=0.6184 v_mae=0.6592 th_mae=0.0658 om_mae=0.2309 mean_dis=0.00555 vel_dis=0.01055 best_mae=0.2064 ready_mae_ok=False ready_vel_ok=False ready_dis_ok=True
[21:10:46][store=754000][DIST_SHIFT] x_ratio=1.190 v_ratio=0.807 th_ratio=0.804 om_ratio=0.951 old_th_std=0.0331 new_th_std=0.0266 buf=20000
[21:10:46][store=754000][DIAG] buf=20000 train_steps=9552 train_ratio=0.478 frozen=True no_improve=12 loss_ema=0.21680 delta_mae=0.3781 x_mae=0.5551 v_mae=0.6283 th_mae=0.0694 om_mae=0.2597 mean_dis=0.00546 vel_dis=0.01039 best_mae=0.2064 ready_mae_ok=False ready_vel_ok=False ready_dis_ok=True
[21:10:46][store=755000][DIST_SHIFT] x_ratio=1.075 v_ratio=0.854 th_ratio=0.880 om_ratio=0.925 old_th_std=0.0301 new_th_std=0.0265 buf=20000
[21:10:46][store=755000][DIAG] buf=20000 train_steps=9552 train_ratio=0.478 frozen=True no_improve=12 loss_ema=0.21680 delta_mae=0.3220 x_mae=0.4674 v_mae=0.4617 th_mae=0.0684 om_mae=0.2907 mean_dis=0.00538 vel_dis=0.01032 best_mae=0.2064 ready_mae_ok=True ready_vel_ok=True ready_dis_ok=True
[21:10:46][store=756000][DIST_SHIFT] x_ratio=1.303 v_ratio=0.736 th_ratio=0.860 om_ratio=1.152 old_th_std=0.0315 new_th_std=0.0271 buf=20000
[21:10:46][store=756000][DIAG] buf=20000 train_steps=9552 train_ratio=0.478 frozen=True no_improve=12 loss_ema=0.21680 delta_mae=0.3603 x_mae=0.5337 v_mae=0.5552 th_mae=0.0755 om_mae=0.2768 mean_dis=0.00545 vel_dis=0.01037 best_mae=0.2064 ready_mae_ok=False ready_vel_ok=True ready_dis_ok=True
[21:10:47][store=757000][DIST_SHIFT] x_ratio=1.417 v_ratio=0.768 th_ratio=1.163 om_ratio=1.600 old_th_std=0.0277 new_th_std=0.0322 buf=20000
[21:10:47][store=757000][DIAG] buf=20000 train_steps=9552 train_ratio=0.478 frozen=True no_improve=12 loss_ema=0.21680 delta_mae=0.3699 x_mae=0.5562 v_mae=0.5539 th_mae=0.0772 om_mae=0.2922 mean_dis=0.00553 vel_dis=0.01055 best_mae=0.2064 ready_mae_ok=False ready_vel_ok=True ready_dis_ok=True
[21:10:47][store=758000][DIST_SHIFT] x_ratio=1.578 v_ratio=0.821 th_ratio=1.262 om_ratio=1.648 old_th_std=0.0252 new_th_std=0.0318 buf=20000
[21:10:47][store=758000][DIAG] buf=20000 train_steps=9552 train_ratio=0.478 frozen=True no_improve=12 loss_ema=0.21680 delta_mae=0.3492 x_mae=0.5690 v_mae=0.4950 th_mae=0.0701 om_mae=0.2627 mean_dis=0.00612 vel_dis=0.01162 best_mae=0.2064 ready_mae_ok=True ready_vel_ok=True ready_dis_ok=True
[21:10:47][store=759000][DIST_SHIFT] x_ratio=1.239 v_ratio=0.994 th_ratio=1.224 om_ratio=1.508 old_th_std=0.0250 new_th_std=0.0306 buf=20000
[21:10:47][store=759000][DIAG] buf=20000 train_steps=9552 train_ratio=0.478 frozen=True no_improve=12 loss_ema=0.21680 delta_mae=0.4043 x_mae=0.5360 v_mae=0.6368 th_mae=0.0698 om_mae=0.3744 mean_dis=0.00469 vel_dis=0.00900 best_mae=0.2064 ready_mae_ok=False ready_vel_ok=False ready_dis_ok=True
[21:10:47][store=760000][DIST_SHIFT] x_ratio=1.122 v_ratio=0.940 th_ratio=1.184 om_ratio=1.404 old_th_std=0.0261 new_th_std=0.0310 buf=20000
[21:10:47][store=760000][DIAG] buf=20000 train_steps=9552 train_ratio=0.478 frozen=True no_improve=12 loss_ema=0.21680 delta_mae=0.3801 x_mae=0.5681 v_mae=0.5062 th_mae=0.0716 om_mae=0.3743 mean_dis=0.00517 vel_dis=0.00984 best_mae=0.2064 ready_mae_ok=False ready_vel_ok=True ready_dis_ok=True
[21:10:47][store=761000][DIST_SHIFT] x_ratio=0.995 v_ratio=1.089 th_ratio=1.274 om_ratio=1.381 old_th_std=0.0231 new_th_std=0.0295 buf=20000
[21:10:47][store=761000][DIAG] buf=20000 train_steps=9552 train_ratio=0.478 frozen=True no_improve=12 loss_ema=0.21680 delta_mae=0.3693 x_mae=0.5335 v_mae=0.5648 th_mae=0.0752 om_mae=0.3036 mean_dis=0.00519 vel_dis=0.00992 best_mae=0.2064 ready_mae_ok=False ready_vel_ok=True ready_dis_ok=True
[21:10:47][store=762000][DIST_SHIFT] x_ratio=0.930 v_ratio=1.155 th_ratio=0.956 om_ratio=1.339 old_th_std=0.0261 new_th_std=0.0249 buf=20000
[21:10:47][store=762000][DIAG] buf=20000 train_steps=9552 train_ratio=0.478 frozen=True no_improve=12 loss_ema=0.21680 delta_mae=0.4142 x_mae=0.5996 v_mae=0.6033 th_mae=0.0640 om_mae=0.3898 mean_dis=0.00537 vel_dis=0.01026 best_mae=0.2064 ready_mae_ok=False ready_vel_ok=False ready_dis_ok=True
[21:10:48][store=763000][DIST_SHIFT] x_ratio=0.821 v_ratio=1.202 th_ratio=1.036 om_ratio=1.252 old_th_std=0.0255 new_th_std=0.0264 buf=20000
[21:10:48][store=763000][DIAG] buf=20000 train_steps=9552 train_ratio=0.478 frozen=True no_improve=12 loss_ema=0.21680 delta_mae=0.4003 x_mae=0.5532 v_mae=0.6068 th_mae=0.0694 om_mae=0.3719 mean_dis=0.00538 vel_dis=0.01029 best_mae=0.2064 ready_mae_ok=False ready_vel_ok=False ready_dis_ok=True
[21:10:48][store=764000][DIST_SHIFT] x_ratio=0.970 v_ratio=0.947 th_ratio=1.149 om_ratio=1.236 old_th_std=0.0231 new_th_std=0.0265 buf=20000
[21:10:48][store=764000][DIAG] buf=20000 train_steps=9552 train_ratio=0.478 frozen=True no_improve=12 loss_ema=0.21680 delta_mae=0.4211 x_mae=0.6429 v_mae=0.5896 th_mae=0.0735 om_mae=0.3782 mean_dis=0.00606 vel_dis=0.01154 best_mae=0.2064 ready_mae_ok=False ready_vel_ok=True ready_dis_ok=True
[21:10:48][store=765000][DIST_SHIFT] x_ratio=1.088 v_ratio=1.010 th_ratio=0.968 om_ratio=1.094 old_th_std=0.0248 new_th_std=0.0240 buf=20000
[21:10:48][store=765000][DIAG] buf=20000 train_steps=9552 train_ratio=0.478 frozen=True no_improve=12 loss_ema=0.21680 delta_mae=0.3848 x_mae=0.5023 v_mae=0.5554 th_mae=0.0677 om_mae=0.4138 mean_dis=0.00551 vel_dis=0.01055 best_mae=0.2064 ready_mae_ok=False ready_vel_ok=True ready_dis_ok=True
[21:10:48][store=766000][DIST_SHIFT] x_ratio=0.896 v_ratio=0.801 th_ratio=1.045 om_ratio=0.968 old_th_std=0.0248 new_th_std=0.0259 buf=20000
[21:10:48][store=766000][DIAG] buf=20000 train_steps=9552 train_ratio=0.478 frozen=True no_improve=12 loss_ema=0.21680 delta_mae=0.3713 x_mae=0.5136 v_mae=0.4973 th_mae=0.0703 om_mae=0.4040 mean_dis=0.00581 vel_dis=0.01103 best_mae=0.2064 ready_mae_ok=False ready_vel_ok=True ready_dis_ok=True
[21:10:48][store=767000][DIST_SHIFT] x_ratio=0.783 v_ratio=0.843 th_ratio=1.175 om_ratio=1.048 old_th_std=0.0226 new_th_std=0.0265 buf=20000
[21:10:48][store=767000][DIAG] buf=20000 train_steps=9552 train_ratio=0.478 frozen=True no_improve=12 loss_ema=0.21680 delta_mae=0.4344 x_mae=0.6007 v_mae=0.6320 th_mae=0.0659 om_mae=0.4388 mean_dis=0.00519 vel_dis=0.00988 best_mae=0.2064 ready_mae_ok=False ready_vel_ok=False ready_dis_ok=True
[21:10:48][store=768000][DIST_SHIFT] x_ratio=0.880 v_ratio=0.939 th_ratio=1.137 om_ratio=1.113 old_th_std=0.0227 new_th_std=0.0258 buf=20000
[21:10:48][store=768000][DIAG] buf=20000 train_steps=9552 train_ratio=0.478 frozen=True no_improve=12 loss_ema=0.21680 delta_mae=0.4079 x_mae=0.5228 v_mae=0.5953 th_mae=0.0717 om_mae=0.4418 mean_dis=0.00558 vel_dis=0.01058 best_mae=0.2064 ready_mae_ok=False ready_vel_ok=True ready_dis_ok=True
[21:10:48][store=769000][DIST_SHIFT] x_ratio=0.858 v_ratio=0.958 th_ratio=0.884 om_ratio=1.240 old_th_std=0.0266 new_th_std=0.0235 buf=20000
[21:10:48][store=769000][DIAG] buf=20000 train_steps=9552 train_ratio=0.478 frozen=True no_improve=12 loss_ema=0.21680 delta_mae=0.3733 x_mae=0.4628 v_mae=0.5610 th_mae=0.0622 om_mae=0.4073 mean_dis=0.00588 vel_dis=0.01121 best_mae=0.2064 ready_mae_ok=False ready_vel_ok=True ready_dis_ok=True
[21:10:49][store=770000][DIST_SHIFT] x_ratio=0.908 v_ratio=0.946 th_ratio=0.873 om_ratio=1.260 old_th_std=0.0265 new_th_std=0.0232 buf=20000
[21:10:49][store=770000][DIAG] buf=20000 train_steps=9552 train_ratio=0.478 frozen=True no_improve=12 loss_ema=0.21680 delta_mae=0.3775 x_mae=0.5040 v_mae=0.5794 th_mae=0.0619 om_mae=0.3646 mean_dis=0.00585 vel_dis=0.01113 best_mae=0.2064 ready_mae_ok=False ready_vel_ok=True ready_dis_ok=True
[21:10:49][store=771000][DIST_SHIFT] x_ratio=0.739 v_ratio=1.031 th_ratio=0.919 om_ratio=1.248 old_th_std=0.0271 new_th_std=0.0249 buf=20000
[21:10:49][store=771000][DIAG] buf=20000 train_steps=9552 train_ratio=0.478 frozen=True no_improve=12 loss_ema=0.21680 delta_mae=0.3826 x_mae=0.5728 v_mae=0.5576 th_mae=0.0672 om_mae=0.3327 mean_dis=0.00557 vel_dis=0.01069 best_mae=0.2064 ready_mae_ok=False ready_vel_ok=True ready_dis_ok=True
[21:10:49][store=772000][DIST_SHIFT] x_ratio=0.699 v_ratio=1.231 th_ratio=0.705 om_ratio=1.139 old_th_std=0.0322 new_th_std=0.0227 buf=20000
[21:10:49][store=772000][DIAG] buf=20000 train_steps=9552 train_ratio=0.478 frozen=True no_improve=12 loss_ema=0.21680 delta_mae=0.4344 x_mae=0.6114 v_mae=0.6442 th_mae=0.0713 om_mae=0.4106 mean_dis=0.00560 vel_dis=0.01068 best_mae=0.2064 ready_mae_ok=False ready_vel_ok=False ready_dis_ok=True
[21:10:49][store=773000][DIST_SHIFT] x_ratio=0.697 v_ratio=1.082 th_ratio=0.662 om_ratio=1.072 old_th_std=0.0318 new_th_std=0.0210 buf=20000
[21:10:49][store=773000][DIAG] buf=20000 train_steps=9552 train_ratio=0.478 frozen=True no_improve=12 loss_ema=0.21680 delta_mae=0.4156 x_mae=0.5908 v_mae=0.6067 th_mae=0.0612 om_mae=0.4035 mean_dis=0.00489 vel_dis=0.00940 best_mae=0.2064 ready_mae_ok=False ready_vel_ok=False ready_dis_ok=True
[21:10:49][store=774000][DIST_SHIFT] x_ratio=0.801 v_ratio=1.061 th_ratio=0.780 om_ratio=1.023 old_th_std=0.0306 new_th_std=0.0239 buf=20000
[21:10:49][store=774000][DIAG] buf=20000 train_steps=9552 train_ratio=0.478 frozen=True no_improve=12 loss_ema=0.21680 delta_mae=0.4318 x_mae=0.5981 v_mae=0.6267 th_mae=0.0645 om_mae=0.4380 mean_dis=0.00565 vel_dis=0.01072 best_mae=0.2064 ready_mae_ok=False ready_vel_ok=False ready_dis_ok=True
[21:10:49][store=775000][DIST_SHIFT] x_ratio=0.721 v_ratio=0.962 th_ratio=0.793 om_ratio=1.101 old_th_std=0.0310 new_th_std=0.0246 buf=20000
[21:10:49][store=775000][DIAG] buf=20000 train_steps=9552 train_ratio=0.478 frozen=True no_improve=12 loss_ema=0.21680 delta_mae=0.3910 x_mae=0.5542 v_mae=0.5941 th_mae=0.0587 om_mae=0.3569 mean_dis=0.00561 vel_dis=0.01063 best_mae=0.2064 ready_mae_ok=False ready_vel_ok=True ready_dis_ok=True
[21:10:50][store=776000][DIST_SHIFT] x_ratio=0.856 v_ratio=0.992 th_ratio=0.738 om_ratio=1.218 old_th_std=0.0295 new_th_std=0.0217 buf=20000
[21:10:50][store=776000][DIAG] buf=20000 train_steps=9552 train_ratio=0.478 frozen=True no_improve=12 loss_ema=0.21680 delta_mae=0.3582 x_mae=0.4708 v_mae=0.5564 th_mae=0.0603 om_mae=0.3454 mean_dis=0.00478 vel_dis=0.00912 best_mae=0.2064 ready_mae_ok=True ready_vel_ok=True ready_dis_ok=True
[21:10:50][store=777000][DIST_SHIFT] x_ratio=1.032 v_ratio=0.853 th_ratio=1.136 om_ratio=1.190 old_th_std=0.0249 new_th_std=0.0283 buf=20000
[21:10:50][store=777000][DIAG] buf=20000 train_steps=9552 train_ratio=0.478 frozen=True no_improve=12 loss_ema=0.21680 delta_mae=0.3651 x_mae=0.5382 v_mae=0.5211 th_mae=0.0648 om_mae=0.3365 mean_dis=0.00495 vel_dis=0.00944 best_mae=0.2064 ready_mae_ok=False ready_vel_ok=True ready_dis_ok=True
[21:10:50][store=778000][DIST_SHIFT] x_ratio=1.050 v_ratio=0.811 th_ratio=1.171 om_ratio=1.262 old_th_std=0.0264 new_th_std=0.0309 buf=20000
[21:10:50][store=778000][DIAG] buf=20000 train_steps=9552 train_ratio=0.478 frozen=True no_improve=12 loss_ema=0.21680 delta_mae=0.3902 x_mae=0.5848 v_mae=0.6053 th_mae=0.0539 om_mae=0.3168 mean_dis=0.00525 vel_dis=0.01005 best_mae=0.2064 ready_mae_ok=False ready_vel_ok=False ready_dis_ok=True
[21:10:50][store=779000][DIST_SHIFT] x_ratio=0.873 v_ratio=0.878 th_ratio=1.203 om_ratio=1.230 old_th_std=0.0265 new_th_std=0.0318 buf=20000
[21:10:50][store=779000][DIAG] buf=20000 train_steps=9552 train_ratio=0.478 frozen=True no_improve=12 loss_ema=0.21680 delta_mae=0.3373 x_mae=0.4842 v_mae=0.5142 th_mae=0.0561 om_mae=0.2946 mean_dis=0.00573 vel_dis=0.01089 best_mae=0.2064 ready_mae_ok=True ready_vel_ok=True ready_dis_ok=True
[21:10:50][store=780000][DIST_SHIFT] x_ratio=0.883 v_ratio=0.979 th_ratio=1.306 om_ratio=1.075 old_th_std=0.0240 new_th_std=0.0314 buf=20000
[21:10:50][store=780000][DIAG] buf=20000 train_steps=9552 train_ratio=0.478 frozen=True no_improve=12 loss_ema=0.21680 delta_mae=0.3949 x_mae=0.5823 v_mae=0.5933 th_mae=0.0551 om_mae=0.3490 mean_dis=0.00466 vel_dis=0.00889 best_mae=0.2064 ready_mae_ok=False ready_vel_ok=True ready_dis_ok=True
[21:10:50][store=781000][DIST_SHIFT] x_ratio=0.954 v_ratio=0.948 th_ratio=1.213 om_ratio=1.041 old_th_std=0.0259 new_th_std=0.0314 buf=20000
[21:10:50][store=781000][DIAG] buf=20000 train_steps=9552 train_ratio=0.478 frozen=True no_improve=12 loss_ema=0.21680 delta_mae=0.3800 x_mae=0.5854 v_mae=0.5653 th_mae=0.0609 om_mae=0.3086 mean_dis=0.00555 vel_dis=0.01056 best_mae=0.2064 ready_mae_ok=False ready_vel_ok=True ready_dis_ok=True
[21:10:51][store=782000][DIST_SHIFT] x_ratio=0.984 v_ratio=0.933 th_ratio=1.014 om_ratio=0.985 old_th_std=0.0265 new_th_std=0.0269 buf=20000
[21:10:51][store=782000][DIAG] buf=20000 train_steps=9552 train_ratio=0.478 frozen=True no_improve=12 loss_ema=0.21680 delta_mae=0.3578 x_mae=0.5270 v_mae=0.5647 th_mae=0.0513 om_mae=0.2883 mean_dis=0.00581 vel_dis=0.01109 best_mae=0.2064 ready_mae_ok=True ready_vel_ok=True ready_dis_ok=True
[21:10:51][store=783000][DIST_SHIFT] x_ratio=0.934 v_ratio=0.929 th_ratio=0.902 om_ratio=1.037 old_th_std=0.0258 new_th_std=0.0233 buf=20000
[21:10:51][store=783000][DIAG] buf=20000 train_steps=9552 train_ratio=0.478 frozen=True no_improve=12 loss_ema=0.21680 delta_mae=0.3711 x_mae=0.5505 v_mae=0.5548 th_mae=0.0551 om_mae=0.3242 mean_dis=0.00521 vel_dis=0.00996 best_mae=0.2064 ready_mae_ok=False ready_vel_ok=True ready_dis_ok=True
[21:10:51][store=784000][DIST_SHIFT] x_ratio=1.095 v_ratio=1.066 th_ratio=1.015 om_ratio=0.963 old_th_std=0.0235 new_th_std=0.0239 buf=20000
[21:10:51][store=784000][DIAG] buf=20000 train_steps=9552 train_ratio=0.478 frozen=True no_improve=12 loss_ema=0.21680 delta_mae=0.3442 x_mae=0.5321 v_mae=0.5259 th_mae=0.0467 om_mae=0.2718 mean_dis=0.00555 vel_dis=0.01052 best_mae=0.2064 ready_mae_ok=True ready_vel_ok=True ready_dis_ok=True
[21:10:51][store=785000][DIST_SHIFT] x_ratio=1.039 v_ratio=1.090 th_ratio=1.087 om_ratio=1.070 old_th_std=0.0232 new_th_std=0.0252 buf=20000
[21:10:51][store=785000][DIAG] buf=20000 train_steps=9552 train_ratio=0.478 frozen=True no_improve=12 loss_ema=0.21680 delta_mae=0.3347 x_mae=0.5069 v_mae=0.4794 th_mae=0.0577 om_mae=0.2948 mean_dis=0.00514 vel_dis=0.00979 best_mae=0.2064 ready_mae_ok=True ready_vel_ok=True ready_dis_ok=True
[21:10:51][store=786000][DIST_SHIFT] x_ratio=1.217 v_ratio=1.197 th_ratio=1.128 om_ratio=1.002 old_th_std=0.0249 new_th_std=0.0281 buf=20000
[21:10:51][store=786000][DIAG] buf=20000 train_steps=9552 train_ratio=0.478 frozen=True no_improve=12 loss_ema=0.21680 delta_mae=0.3710 x_mae=0.5899 v_mae=0.5695 th_mae=0.0544 om_mae=0.2703 mean_dis=0.00558 vel_dis=0.01061 best_mae=0.2064 ready_mae_ok=False ready_vel_ok=True ready_dis_ok=True
[21:10:51][store=787000][DIST_SHIFT] x_ratio=1.287 v_ratio=0.994 th_ratio=1.217 om_ratio=0.745 old_th_std=0.0227 new_th_std=0.0277 buf=20000
[21:10:51][store=787000][DIAG] buf=20000 train_steps=9552 train_ratio=0.478 frozen=True no_improve=12 loss_ema=0.21680 delta_mae=0.3688 x_mae=0.6382 v_mae=0.5423 th_mae=0.0492 om_mae=0.2453 mean_dis=0.00504 vel_dis=0.00953 best_mae=0.2064 ready_mae_ok=False ready_vel_ok=True ready_dis_ok=True
[21:10:51][store=788000][DIST_SHIFT] x_ratio=1.433 v_ratio=0.924 th_ratio=1.395 om_ratio=0.746 old_th_std=0.0210 new_th_std=0.0294 buf=20000
[21:10:51][store=788000][DIAG] buf=20000 train_steps=9552 train_ratio=0.478 frozen=True no_improve=12 loss_ema=0.21680 delta_mae=0.3659 x_mae=0.6223 v_mae=0.5148 th_mae=0.0482 om_mae=0.2782 mean_dis=0.00467 vel_dis=0.00887 best_mae=0.2064 ready_mae_ok=False ready_vel_ok=True ready_dis_ok=True
[21:10:52][store=789000][DIST_SHIFT] x_ratio=1.053 v_ratio=0.993 th_ratio=1.213 om_ratio=1.003 old_th_std=0.0239 new_th_std=0.0290 buf=20000
[21:10:52][store=789000][DIAG] buf=20000 train_steps=9552 train_ratio=0.478 frozen=True no_improve=12 loss_ema=0.21680 delta_mae=0.3496 x_mae=0.5538 v_mae=0.5593 th_mae=0.0481 om_mae=0.2371 mean_dis=0.00559 vel_dis=0.01056 best_mae=0.2064 ready_mae_ok=True ready_vel_ok=True ready_dis_ok=True
[21:10:52][store=790000][DIST_SHIFT] x_ratio=1.141 v_ratio=0.941 th_ratio=1.106 om_ratio=0.975 old_th_std=0.0246 new_th_std=0.0272 buf=20000
[21:10:52][store=790000][DIAG] buf=20000 train_steps=9552 train_ratio=0.478 frozen=True no_improve=12 loss_ema=0.21680 delta_mae=0.3351 x_mae=0.5160 v_mae=0.5416 th_mae=0.0506 om_mae=0.2321 mean_dis=0.00467 vel_dis=0.00887 best_mae=0.2064 ready_mae_ok=True ready_vel_ok=True ready_dis_ok=True
[21:10:52][store=791000][DIST_SHIFT] x_ratio=0.908 v_ratio=0.914 th_ratio=1.232 om_ratio=0.848 old_th_std=0.0217 new_th_std=0.0268 buf=20000
[21:10:52][store=791000][DIAG] buf=20000 train_steps=9552 train_ratio=0.478 frozen=True no_improve=12 loss_ema=0.21680 delta_mae=0.3266 x_mae=0.5294 v_mae=0.4783 th_mae=0.0449 om_mae=0.2539 mean_dis=0.00517 vel_dis=0.00976 best_mae=0.2064 ready_mae_ok=True ready_vel_ok=True ready_dis_ok=True
[21:10:52][store=792000][DIST_SHIFT] x_ratio=0.783 v_ratio=1.036 th_ratio=0.931 om_ratio=0.734 old_th_std=0.0283 new_th_std=0.0264 buf=20000
[21:10:52][store=792000][DIAG] buf=20000 train_steps=9552 train_ratio=0.478 frozen=True no_improve=12 loss_ema=0.21680 delta_mae=0.3159 x_mae=0.5033 v_mae=0.5011 th_mae=0.0500 om_mae=0.2093 mean_dis=0.00504 vel_dis=0.00959 best_mae=0.2064 ready_mae_ok=True ready_vel_ok=True ready_dis_ok=True
[21:10:52][store=793000][DIST_SHIFT] x_ratio=0.800 v_ratio=1.136 th_ratio=0.836 om_ratio=0.777 old_th_std=0.0309 new_th_std=0.0258 buf=20000
[21:10:52][store=793000][DIAG] buf=20000 train_steps=9552 train_ratio=0.478 frozen=True no_improve=12 loss_ema=0.21680 delta_mae=0.3367 x_mae=0.5457 v_mae=0.5338 th_mae=0.0472 om_mae=0.2200 mean_dis=0.00518 vel_dis=0.00984 best_mae=0.2064 ready_mae_ok=True ready_vel_ok=True ready_dis_ok=True
[21:10:52][store=794000][DIST_SHIFT] x_ratio=1.149 v_ratio=1.164 th_ratio=0.683 om_ratio=0.705 old_th_std=0.0318 new_th_std=0.0217 buf=20000
[21:10:52][store=794000][DIAG] buf=20000 train_steps=9552 train_ratio=0.478 frozen=True no_improve=12 loss_ema=0.21680 delta_mae=0.3373 x_mae=0.5449 v_mae=0.5364 th_mae=0.0531 om_mae=0.2149 mean_dis=0.00537 vel_dis=0.01013 best_mae=0.2064 ready_mae_ok=True ready_vel_ok=True ready_dis_ok=True
[21:10:53][store=795000][DIST_SHIFT] x_ratio=1.106 v_ratio=1.150 th_ratio=0.808 om_ratio=0.942 old_th_std=0.0314 new_th_std=0.0254 buf=20000
[21:10:53][store=795000][DIAG] buf=20000 train_steps=9552 train_ratio=0.478 frozen=True no_improve=12 loss_ema=0.21680 delta_mae=0.3658 x_mae=0.6059 v_mae=0.5674 th_mae=0.0557 om_mae=0.2341 mean_dis=0.00556 vel_dis=0.01048 best_mae=0.2064 ready_mae_ok=False ready_vel_ok=True ready_dis_ok=True
[21:10:53][store=796000][DIST_SHIFT] x_ratio=1.243 v_ratio=1.301 th_ratio=0.813 om_ratio=1.195 old_th_std=0.0314 new_th_std=0.0256 buf=20000
[21:10:53][store=796000][DIAG] buf=20000 train_steps=9552 train_ratio=0.478 frozen=True no_improve=12 loss_ema=0.21680 delta_mae=0.3466 x_mae=0.5591 v_mae=0.5148 th_mae=0.0580 om_mae=0.2546 mean_dis=0.00542 vel_dis=0.01025 best_mae=0.2064 ready_mae_ok=True ready_vel_ok=True ready_dis_ok=True
[21:10:53][store=797000][DIST_SHIFT] x_ratio=1.081 v_ratio=1.232 th_ratio=0.932 om_ratio=1.154 old_th_std=0.0269 new_th_std=0.0251 buf=20000
[21:10:53][store=797000][DIAG] buf=20000 train_steps=9552 train_ratio=0.478 frozen=True no_improve=12 loss_ema=0.21680 delta_mae=0.3337 x_mae=0.4883 v_mae=0.5489 th_mae=0.0515 om_mae=0.2460 mean_dis=0.00482 vel_dis=0.00902 best_mae=0.2064 ready_mae_ok=True ready_vel_ok=True ready_dis_ok=True
[21:10:53][store=798000][DIST_SHIFT] x_ratio=1.124 v_ratio=1.198 th_ratio=1.140 om_ratio=1.094 old_th_std=0.0233 new_th_std=0.0266 buf=20000
[21:10:53][store=798000][DIAG] buf=20000 train_steps=9552 train_ratio=0.478 frozen=True no_improve=12 loss_ema=0.21680 delta_mae=0.3855 x_mae=0.6671 v_mae=0.5869 th_mae=0.0510 om_mae=0.2371 mean_dis=0.00553 vel_dis=0.01043 best_mae=0.2064 ready_mae_ok=False ready_vel_ok=True ready_dis_ok=True
[21:10:53][store=799000][DIST_SHIFT] x_ratio=0.907 v_ratio=0.953 th_ratio=1.146 om_ratio=1.161 old_th_std=0.0239 new_th_std=0.0274 buf=20000
[21:10:53][store=799000][DIAG] buf=20000 train_steps=9552 train_ratio=0.478 frozen=True no_improve=12 loss_ema=0.21680 delta_mae=0.3253 x_mae=0.5356 v_mae=0.4883 th_mae=0.0540 om_mae=0.2231 mean_dis=0.00562 vel_dis=0.01060 best_mae=0.2064 ready_mae_ok=True ready_vel_ok=True ready_dis_ok=True
[21:10:53][store=800000][DIST_SHIFT] x_ratio=0.900 v_ratio=0.889 th_ratio=1.094 om_ratio=1.040 old_th_std=0.0252 new_th_std=0.0276 buf=20000
[21:10:53][store=800000][DIAG] buf=20000 train_steps=9552 train_ratio=0.478 frozen=True no_improve=12 loss_ema=0.21680 delta_mae=0.3583 x_mae=0.6158 v_mae=0.5409 th_mae=0.0500 om_mae=0.2266 mean_dis=0.00558 vel_dis=0.01058 best_mae=0.2064 ready_mae_ok=True ready_vel_ok=True ready_dis_ok=True
[21:10:53][store=801000][DIST_SHIFT] x_ratio=0.827 v_ratio=0.914 th_ratio=0.944 om_ratio=0.969 old_th_std=0.0281 new_th_std=0.0266 buf=20000
[21:10:53][store=801000][DIAG] buf=20000 train_steps=9552 train_ratio=0.478 frozen=True no_improve=12 loss_ema=0.21680 delta_mae=0.3606 x_mae=0.4980 v_mae=0.6183 th_mae=0.0583 om_mae=0.2679 mean_dis=0.00497 vel_dis=0.00936 best_mae=0.2064 ready_mae_ok=False ready_vel_ok=False ready_dis_ok=True
[21:10:54][store=802000][DIST_SHIFT] x_ratio=0.892 v_ratio=0.958 th_ratio=1.070 om_ratio=1.287 old_th_std=0.0277 new_th_std=0.0296 buf=20000
[21:10:54][store=802000][DIAG] buf=20000 train_steps=9552 train_ratio=0.478 frozen=True no_improve=12 loss_ema=0.21680 delta_mae=0.3596 x_mae=0.5370 v_mae=0.6149 th_mae=0.0584 om_mae=0.2284 mean_dis=0.00550 vel_dis=0.01035 best_mae=0.2064 ready_mae_ok=True ready_vel_ok=False ready_dis_ok=True
[21:10:54][store=803000][DIST_SHIFT] x_ratio=0.869 v_ratio=1.094 th_ratio=0.984 om_ratio=1.158 old_th_std=0.0294 new_th_std=0.0289 buf=20000
[21:10:54][store=803000][DIAG] buf=20000 train_steps=9552 train_ratio=0.478 frozen=True no_improve=12 loss_ema=0.21680 delta_mae=0.3551 x_mae=0.5427 v_mae=0.6224 th_mae=0.0514 om_mae=0.2039 mean_dis=0.00527 vel_dis=0.00999 best_mae=0.2064 ready_mae_ok=True ready_vel_ok=False ready_dis_ok=True
[21:10:54][store=804000][DIST_SHIFT] x_ratio=1.186 v_ratio=0.787 th_ratio=1.032 om_ratio=0.816 old_th_std=0.0290 new_th_std=0.0299 buf=20000
[21:10:54][store=804000][DIAG] buf=20000 train_steps=9552 train_ratio=0.478 frozen=True no_improve=12 loss_ema=0.21680 delta_mae=0.3892 x_mae=0.6495 v_mae=0.6451 th_mae=0.0543 om_mae=0.2082 mean_dis=0.00560 vel_dis=0.01052 best_mae=0.2064 ready_mae_ok=False ready_vel_ok=False ready_dis_ok=True
[21:10:54][store=805000][DIST_SHIFT] x_ratio=1.291 v_ratio=0.977 th_ratio=1.139 om_ratio=0.844 old_th_std=0.0272 new_th_std=0.0309 buf=20000
[21:10:54][store=805000][DIAG] buf=20000 train_steps=9552 train_ratio=0.478 frozen=True no_improve=12 loss_ema=0.21680 delta_mae=0.3408 x_mae=0.5617 v_mae=0.5010 th_mae=0.0551 om_mae=0.2453 mean_dis=0.00554 vel_dis=0.01043 best_mae=0.2064 ready_mae_ok=True ready_vel_ok=True ready_dis_ok=True
[21:10:54][store=806000][DIST_SHIFT] x_ratio=1.355 v_ratio=0.845 th_ratio=1.298 om_ratio=0.909 old_th_std=0.0268 new_th_std=0.0348 buf=20000
[21:10:54][store=806000][DIAG] buf=20000 train_steps=9552 train_ratio=0.478 frozen=True no_improve=12 loss_ema=0.21680 delta_mae=0.3560 x_mae=0.5476 v_mae=0.5651 th_mae=0.0587 om_mae=0.2525 mean_dis=0.00518 vel_dis=0.00971 best_mae=0.2064 ready_mae_ok=True ready_vel_ok=True ready_dis_ok=True
[21:10:54][store=807000][DIST_SHIFT] x_ratio=1.274 v_ratio=0.901 th_ratio=1.339 om_ratio=1.084 old_th_std=0.0264 new_th_std=0.0353 buf=20000
[21:10:54][store=807000][DIAG] buf=20000 train_steps=9552 train_ratio=0.478 frozen=True no_improve=12 loss_ema=0.21680 delta_mae=0.3550 x_mae=0.5947 v_mae=0.4992 th_mae=0.0596 om_mae=0.2666 mean_dis=0.00542 vel_dis=0.01029 best_mae=0.2064 ready_mae_ok=True ready_vel_ok=True ready_dis_ok=True
[21:10:55][store=808000][DIST_SHIFT] x_ratio=1.411 v_ratio=0.865 th_ratio=1.311 om_ratio=1.054 old_th_std=0.0258 new_th_std=0.0339 buf=20000
[21:10:55][store=808000][DIAG] buf=20000 train_steps=9552 train_ratio=0.478 frozen=True no_improve=12 loss_ema=0.21680 delta_mae=0.3299 x_mae=0.5241 v_mae=0.5179 th_mae=0.0705 om_mae=0.2070 mean_dis=0.00529 vel_dis=0.01000 best_mae=0.2064 ready_mae_ok=True ready_vel_ok=True ready_dis_ok=True
[21:10:55][store=809000][DIST_SHIFT] x_ratio=1.084 v_ratio=0.928 th_ratio=1.465 om_ratio=1.078 old_th_std=0.0217 new_th_std=0.0319 buf=20000
[21:10:55][store=809000][DIAG] buf=20000 train_steps=9552 train_ratio=0.478 frozen=True no_improve=12 loss_ema=0.21680 delta_mae=0.3982 x_mae=0.6105 v_mae=0.6779 th_mae=0.0618 om_mae=0.2425 mean_dis=0.00515 vel_dis=0.00967 best_mae=0.2064 ready_mae_ok=False ready_vel_ok=False ready_dis_ok=True
[21:10:55][store=810000][DIST_SHIFT] x_ratio=1.028 v_ratio=0.887 th_ratio=1.131 om_ratio=0.932 old_th_std=0.0254 new_th_std=0.0287 buf=20000
[21:10:55][store=810000][DIAG] buf=20000 train_steps=9552 train_ratio=0.478 frozen=True no_improve=12 loss_ema=0.21680 delta_mae=0.3572 x_mae=0.5830 v_mae=0.5525 th_mae=0.0505 om_mae=0.2427 mean_dis=0.00500 vel_dis=0.00944 best_mae=0.2064 ready_mae_ok=True ready_vel_ok=True ready_dis_ok=True
[21:10:55][store=811000][DIST_SHIFT] x_ratio=0.961 v_ratio=0.901 th_ratio=0.911 om_ratio=0.719 old_th_std=0.0256 new_th_std=0.0233 buf=20000
[21:10:55][store=811000][DIAG] buf=20000 train_steps=9552 train_ratio=0.478 frozen=True no_improve=12 loss_ema=0.21680 delta_mae=0.3682 x_mae=0.6213 v_mae=0.5783 th_mae=0.0567 om_mae=0.2163 mean_dis=0.00509 vel_dis=0.00954 best_mae=0.2064 ready_mae_ok=False ready_vel_ok=True ready_dis_ok=True
[21:10:55][store=812000][DIST_SHIFT] x_ratio=1.286 v_ratio=0.907 th_ratio=0.652 om_ratio=0.724 old_th_std=0.0251 new_th_std=0.0163 buf=20000
[21:10:55][store=812000][DIAG] buf=20000 train_steps=9552 train_ratio=0.478 frozen=True no_improve=12 loss_ema=0.21680 delta_mae=0.3727 x_mae=0.5966 v_mae=0.6010 th_mae=0.0614 om_mae=0.2320 mean_dis=0.00505 vel_dis=0.00950 best_mae=0.2064 ready_mae_ok=False ready_vel_ok=False ready_dis_ok=True
[21:10:55][store=813000][DIST_SHIFT] x_ratio=1.175 v_ratio=0.824 th_ratio=0.895 om_ratio=0.641 old_th_std=0.0266 new_th_std=0.0238 buf=20000
[21:10:55][store=813000][DIAG] buf=20000 train_steps=9552 train_ratio=0.478 frozen=True no_improve=12 loss_ema=0.21680 delta_mae=0.3497 x_mae=0.6223 v_mae=0.5493 th_mae=0.0496 om_mae=0.1774 mean_dis=0.00517 vel_dis=0.00965 best_mae=0.2064 ready_mae_ok=True ready_vel_ok=True ready_dis_ok=True
[21:10:55][store=814000][DIST_SHIFT] x_ratio=1.186 v_ratio=0.890 th_ratio=0.848 om_ratio=0.742 old_th_std=0.0274 new_th_std=0.0232 buf=20000
[21:10:55][store=814000][DIAG] buf=20000 train_steps=9552 train_ratio=0.478 frozen=True no_improve=12 loss_ema=0.21680 delta_mae=0.3787 x_mae=0.5897 v_mae=0.6013 th_mae=0.0617 om_mae=0.2621 mean_dis=0.00483 vel_dis=0.00904 best_mae=0.2064 ready_mae_ok=False ready_vel_ok=False ready_dis_ok=True
[21:10:56][store=815000][DIST_SHIFT] x_ratio=1.327 v_ratio=0.988 th_ratio=0.942 om_ratio=0.824 old_th_std=0.0276 new_th_std=0.0260 buf=20000
[21:10:56][store=815000][DIAG] buf=20000 train_steps=9552 train_ratio=0.478 frozen=True no_improve=12 loss_ema=0.21680 delta_mae=0.3197 x_mae=0.4959 v_mae=0.4981 th_mae=0.0517 om_mae=0.2330 mean_dis=0.00552 vel_dis=0.01036 best_mae=0.2064 ready_mae_ok=True ready_vel_ok=True ready_dis_ok=True
